Timestamp,Hari,Fase,Suhu_C,Kelembapan_pct,pH,CO2_ppm,Status_Kipas,Status_Pengaduk,Kematangan_pct,Sisa_Hari
1/1/2024 0:00,1,Mesofilik,28.1,85.5,4.82,596,1,0,0.4,20
1/1/2024 0:05,1,Mesofilik,27.9,86,4.82,438,1,0,0.7,20
1/1/2024 0:10,1,Mesofilik,27.8,85.4,4.81,323,1,0,0,20
1/1/2024 0:15,1,Mesofilik,27.7,85.2,4.81,404,1,0,0.1,20
1/1/2024 0:20,1,Mesofilik,28,85.5,4.81,364,1,0,0.4,20
1/1/2024 0:25,1,Mesofilik,27.7,85.2,4.82,431,1,0,0.4,20
1/1/2024 0:30,1,Mesofilik,27.6,86.1,4.8,395,1,0,0.8,20
1/1/2024 0:35,1,Mesofilik,27.4,85.7,4.75,374,1,0,0.6,20
1/1/2024 0:40,1,Mesofilik,27.7,85.7,4.8,457,1,0,0.1,20
1/1/2024 0:45,1,Mesofilik,27.4,85.5,4.84,510,1,0,0,20
1/1/2024 0:50,1,Mesofilik,27.5,85.5,4.79,532,1,0,0.9,20
1/1/2024 0:55,1,Mesofilik,27.6,85.4,4.8,511,1,0,0.9,20
1/1/2024 1:00,1,Mesofilik,27.3,85.6,4.78,389,1,0,0.8,20
1/1/2024 1:05,1,Mesofilik,27.5,85.6,4.84,515,1,0,0.4,20
1/1/2024 1:10,1,Mesofilik,27.3,86.1,4.81,612,1,0,0,20
1/1/2024 1:15,1,Mesofilik,27.4,85.7,4.8,495,1,0,0,20
1/1/2024 1:20,1,Mesofilik,27.2,85.8,4.86,448,1,0,0.4,20
1/1/2024 1:25,1,Mesofilik,27.1,86,4.82,448,1,0,0.8,20
1/1/2024 1:30,1,Mesofilik,27.2,86,4.79,465,1,0,0.5,20
1/1/2024 1:35,1,Mesofilik,26.9,85.8,4.82,493,1,0,0.5,20
1/1/2024 1:40,1,Mesofilik,26.9,85.6,4.81,429,1,0,0.6,20
1/1/2024 1:45,1,Mesofilik,27.1,86.3,4.82,515,1,0,0.6,20
1/1/2024 1:50,1,Mesofilik,26.7,85.7,4.82,693,1,0,0.6,20
1/1/2024 1:55,1,Mesofilik,27,85.7,4.78,588,1,0,0.9,20
1/1/2024 2:00,1,Mesofilik,27.1,85.5,4.86,386,1,0,0.8,20
1/1/2024 2:05,1,Mesofilik,27.3,85.4,4.8,507,1,0,0.5,20
1/1/2024 2:10,1,Mesofilik,26.8,85.8,4.79,538,1,0,0.4,20
1/1/2024 2:15,1,Mesofilik,27.1,85.5,4.81,567,1,0,0.3,20
1/1/2024 2:20,1,Mesofilik,26.9,86.2,4.78,518,1,0,0.7,20
1/1/2024 2:25,1,Mesofilik,27,85.4,4.79,546,1,0,0.8,20
1/1/2024 2:30,1,Mesofilik,26.9,85.9,4.81,524,1,0,0.8,20
1/1/2024 2:35,1,Mesofilik,26.7,86.3,4.84,411,1,0,0.9,20
1/1/2024 2:40,1,Mesofilik,26.7,86,4.86,442,1,0,1,20
1/1/2024 2:45,1,Mesofilik,26.8,86,4.89,490,1,0,0.5,20
1/1/2024 2:50,1,Mesofilik,26.6,85.5,4.83,538,1,0,0.8,20
1/1/2024 2:55,1,Mesofilik,26.9,85.8,4.87,491,1,0,1.5,20
1/1/2024 3:00,1,Mesofilik,26.9,85.5,4.8,552,1,0,0.7,20
1/1/2024 3:05,1,Mesofilik,26.9,85.9,4.83,447,1,0,0.3,20
1/1/2024 3:10,1,Mesofilik,26.7,86,4.84,417,1,0,0.8,20
1/1/2024 3:15,1,Mesofilik,26.8,85.5,4.84,523,1,0,0.4,20
1/1/2024 3:20,1,Mesofilik,26.8,85.9,4.87,604,1,0,0.3,20
1/1/2024 3:25,1,Mesofilik,26.6,85.9,4.85,562,1,0,1.9,20
1/1/2024 3:30,1,Mesofilik,26.8,86.1,4.87,575,1,0,0.7,20
1/1/2024 3:35,1,Mesofilik,26.9,85.5,4.83,486,1,0,0.8,20
1/1/2024 3:40,1,Mesofilik,27.1,85.2,4.86,397,1,0,0.6,20
1/1/2024 3:45,1,Mesofilik,27,85.8,4.81,471,1,0,1,20
1/1/2024 3:50,1,Mesofilik,26.7,85.8,4.84,477,1,0,1.4,20
1/1/2024 3:55,1,Mesofilik,26.9,85.1,4.85,478,1,0,1,20
1/1/2024 4:00,1,Mesofilik,26.7,85.7,4.86,602,1,0,0.4,20
1/1/2024 4:05,1,Mesofilik,26.8,85.6,4.82,676,1,0,0.9,20
1/1/2024 4:10,1,Mesofilik,26.7,86,4.91,619,1,0,0.3,20
1/1/2024 4:15,1,Mesofilik,26.8,86.1,4.82,574,1,0,1,20
1/1/2024 4:20,1,Mesofilik,26.8,85.7,4.75,458,1,0,0.7,20
1/1/2024 4:25,1,Mesofilik,26.8,86.2,4.8,507,1,0,0.9,20
1/1/2024 4:30,1,Mesofilik,27.2,85.3,4.88,544,1,0,0.5,20
1/1/2024 4:35,1,Mesofilik,27.1,85.8,4.83,551,1,0,0.7,20
1/1/2024 4:40,1,Mesofilik,27.1,85.9,4.9,448,1,0,1.5,20
1/1/2024 4:45,1,Mesofilik,26.8,85.6,4.87,572,1,0,0.7,20
1/1/2024 4:50,1,Mesofilik,27.1,85.5,4.83,619,1,0,1,20
1/1/2024 4:55,1,Mesofilik,27,85.9,4.86,618,1,0,1,20
1/1/2024 5:00,1,Mesofilik,27.1,85.5,4.87,604,1,0,0.9,20
1/1/2024 5:05,1,Mesofilik,27.2,86,4.84,601,1,0,0.8,20
1/1/2024 5:10,1,Mesofilik,27.2,86,4.88,625,1,0,1.3,20
1/1/2024 5:15,1,Mesofilik,27.3,85.8,4.85,587,1,0,0.8,20
1/1/2024 5:20,1,Mesofilik,27.4,85.8,4.83,731,1,0,0.6,20
1/1/2024 5:25,1,Mesofilik,27.2,85.9,4.88,616,1,0,1.1,20
1/1/2024 5:30,1,Mesofilik,27.4,85.3,4.86,514,1,0,1.2,20
1/1/2024 5:35,1,Mesofilik,27.5,85.3,4.85,603,1,0,0.7,20
1/1/2024 5:40,1,Mesofilik,27.4,85.6,4.87,532,1,0,0.8,20
1/1/2024 5:45,1,Mesofilik,27.6,85.1,4.82,517,1,0,0.9,20
1/1/2024 5:50,1,Mesofilik,27.7,86,4.89,564,1,0,0.9,20
1/1/2024 5:55,1,Mesofilik,27.6,85.5,4.85,605,1,0,0.7,20
1/1/2024 6:00,1,Mesofilik,27.9,86,4.86,613,1,0,1.1,20
1/1/2024 6:05,1,Mesofilik,27.8,85.5,4.86,591,1,0,0.7,20
1/1/2024 6:10,1,Mesofilik,27.9,85.6,4.91,663,1,0,1.6,20
1/1/2024 6:15,1,Mesofilik,27.9,85.7,4.87,763,1,0,0.7,20
1/1/2024 6:20,1,Mesofilik,27.9,85.2,4.8,548,1,0,0.7,20
1/1/2024 6:25,1,Mesofilik,28.1,85.5,4.92,669,1,0,0.8,20
1/1/2024 6:30,1,Mesofilik,28,85.5,4.83,742,1,0,1.3,20
1/1/2024 6:35,1,Mesofilik,28.2,84.9,4.91,588,1,0,1.4,20
1/1/2024 6:40,1,Mesofilik,28.1,85.2,4.87,604,1,0,0.9,20
1/1/2024 6:45,1,Mesofilik,28.5,85,4.87,612,1,0,1.1,20
1/1/2024 6:50,1,Mesofilik,28.6,85,4.83,707,1,0,1.1,20
1/1/2024 6:55,1,Mesofilik,28.4,85.8,4.88,702,1,0,1,20
1/1/2024 7:00,1,Mesofilik,28.9,85.8,4.87,688,1,0,1.2,20
1/1/2024 7:05,1,Mesofilik,28.9,85,4.89,697,1,0,0.5,20
1/1/2024 7:10,1,Mesofilik,28.6,84.6,4.87,672,1,0,1.5,20
1/1/2024 7:15,1,Mesofilik,28.9,85.7,4.83,481,1,0,1,20
1/1/2024 7:20,1,Mesofilik,29,85.2,4.81,613,1,0,0.6,20
1/1/2024 7:25,1,Mesofilik,29.1,85.3,4.85,582,1,0,0.7,20
1/1/2024 7:30,1,Mesofilik,29.1,85.4,4.85,666,1,0,0.9,20
1/1/2024 7:35,1,Mesofilik,29.1,85.1,4.85,584,1,0,0.7,20
1/1/2024 7:40,1,Mesofilik,29.6,85.1,4.86,648,1,0,1,20
1/1/2024 7:45,1,Mesofilik,29.4,85.3,4.9,591,1,0,0.9,20
1/1/2024 7:50,1,Mesofilik,29.4,84.4,4.84,745,1,0,1.6,20
1/1/2024 7:55,1,Mesofilik,29.5,85.2,4.89,885,1,0,1.4,20
1/1/2024 8:00,1,Mesofilik,29.6,84.7,4.84,657,1,0,0.9,20
1/1/2024 8:05,1,Mesofilik,29.5,84.8,4.85,779,1,0,1.4,20
1/1/2024 8:10,1,Mesofilik,29.8,85.4,4.89,578,1,0,1.6,20
1/1/2024 8:15,1,Mesofilik,30,84.6,4.88,579,1,0,0.7,20
1/1/2024 8:20,1,Mesofilik,30.2,85.5,4.84,697,1,0,0.9,20
1/1/2024 8:25,1,Mesofilik,30.1,84.7,4.86,659,1,0,0.9,20
1/1/2024 8:30,1,Mesofilik,30.3,84.8,4.88,585,1,0,0.9,20
1/1/2024 8:35,1,Mesofilik,30.5,85,4.86,668,1,0,1.4,20
1/1/2024 8:40,1,Mesofilik,30.2,85,4.87,709,1,0,0.9,20
1/1/2024 8:45,1,Mesofilik,30.2,84.3,4.89,686,1,0,0.9,20
1/1/2024 8:50,1,Mesofilik,30.6,84.3,4.89,572,1,0,0.9,20
1/1/2024 8:55,1,Mesofilik,30.7,84.5,4.88,752,1,0,1,20
1/1/2024 9:00,1,Mesofilik,31,84.4,4.91,789,1,0,0.4,20
1/1/2024 9:05,1,Mesofilik,30.8,84.8,4.89,707,1,0,1,20
1/1/2024 9:10,1,Mesofilik,31.1,84.6,4.93,700,1,0,1.3,20
1/1/2024 9:15,1,Mesofilik,31.1,84.5,4.88,714,1,0,1,20
1/1/2024 9:20,1,Mesofilik,31.3,85.2,4.92,659,1,0,1.5,20
1/1/2024 9:25,1,Mesofilik,31.3,84,4.87,538,1,0,1.1,20
1/1/2024 9:30,1,Mesofilik,31.5,85,4.91,673,1,0,1.4,20
1/1/2024 9:35,1,Mesofilik,31.2,84.6,4.92,575,1,0,1.5,20
1/1/2024 9:40,1,Mesofilik,31.6,84.4,4.92,878,1,0,1.3,20
1/1/2024 9:45,1,Mesofilik,31.8,84.3,4.88,766,1,0,1,20
1/1/2024 9:50,1,Mesofilik,31.9,84.3,4.92,729,1,0,1.5,20
1/1/2024 9:55,1,Mesofilik,31.9,84.3,4.87,669,1,0,1.3,20
1/1/2024 10:00,1,Mesofilik,32.2,84.1,4.93,816,1,0,1.4,20
1/1/2024 10:05,1,Mesofilik,32.5,84.1,4.87,568,1,0,1.7,20
1/1/2024 10:10,1,Mesofilik,32.4,84.3,4.91,623,1,0,2,20
1/1/2024 10:15,1,Mesofilik,32.4,84.3,4.93,755,1,0,1.3,20
1/1/2024 10:20,1,Mesofilik,32.4,84.4,4.96,827,1,0,1.7,20
1/1/2024 10:25,1,Mesofilik,32.5,83.9,4.9,726,1,0,1.6,20
1/1/2024 10:30,1,Mesofilik,32.5,84.7,4.9,691,1,0,1,20
1/1/2024 10:35,1,Mesofilik,32.6,84.4,4.91,624,1,0,0.9,20
1/1/2024 10:40,1,Mesofilik,32.8,84.7,4.9,610,1,0,1.2,20
1/1/2024 10:45,1,Mesofilik,33,83.3,4.91,715,1,0,1.5,20
1/1/2024 10:50,1,Mesofilik,33.4,84.4,4.9,647,1,0,2.1,20
1/1/2024 10:55,1,Mesofilik,33.2,84.1,4.91,755,1,0,1.3,20
1/1/2024 11:00,1,Mesofilik,33.2,83.9,4.91,698,1,0,1.1,20
1/1/2024 11:05,1,Mesofilik,33.4,84,4.96,532,1,0,1.6,20
1/1/2024 11:10,1,Mesofilik,33.7,83.4,4.91,717,1,0,0.9,20
1/1/2024 11:15,1,Mesofilik,33.5,83.6,4.97,825,1,0,1.7,20
1/1/2024 11:20,1,Mesofilik,33.8,83.6,4.9,792,1,0,1,20
1/1/2024 11:25,1,Mesofilik,33.9,83.9,4.91,812,1,0,1.5,20
1/1/2024 11:30,1,Mesofilik,33.9,84.2,4.89,807,1,0,1.5,20
1/1/2024 11:35,1,Mesofilik,34,84,4.88,835,1,0,1.3,20
1/1/2024 11:40,1,Mesofilik,34,84.2,4.9,651,1,0,0.9,20
1/1/2024 11:45,1,Mesofilik,34.3,83.4,4.98,600,1,0,1.9,20
1/1/2024 11:50,1,Mesofilik,34.3,83.8,4.91,801,1,0,1.4,20
1/1/2024 11:55,1,Mesofilik,34.6,83.8,4.93,743,1,0,1.4,20
1/1/2024 12:00,1,Mesofilik,34.5,83.2,4.88,834,1,0,1.4,20
1/1/2024 12:05,1,Mesofilik,34.6,83.7,4.94,734,1,0,1.1,20
1/1/2024 12:10,1,Mesofilik,34.7,83.4,4.94,644,1,0,1.7,20
1/1/2024 12:15,1,Mesofilik,34.8,83.8,4.96,916,1,0,1.7,20
1/1/2024 12:20,1,Mesofilik,34.6,83.3,4.91,787,1,0,1.6,20
1/1/2024 12:25,1,Mesofilik,34.8,83.7,4.91,739,1,0,1,20
1/1/2024 12:30,1,Mesofilik,34.9,83.2,4.9,875,1,0,1.1,20
1/1/2024 12:35,1,Mesofilik,35.5,83.7,4.94,724,1,0,1.6,20
1/1/2024 12:40,1,Mesofilik,35.1,83.6,5.01,788,1,0,1.8,20
1/1/2024 12:45,1,Mesofilik,35.2,83.5,4.99,748,1,0,2,20
1/1/2024 12:50,1,Mesofilik,35.5,83.4,4.95,878,1,0,1.6,20
1/1/2024 12:55,1,Mesofilik,35.2,83.3,4.93,797,1,0,1.6,20
1/1/2024 13:00,1,Mesofilik,35.5,83.1,4.95,855,1,0,1.6,20
1/1/2024 13:05,1,Mesofilik,35.8,83.7,4.95,803,1,0,1,20
1/1/2024 13:10,1,Mesofilik,35.8,83.5,4.95,709,1,0,1.1,20
1/1/2024 13:15,1,Mesofilik,35.9,83.4,4.96,815,1,0,1.5,20
1/1/2024 13:20,1,Mesofilik,36,83.2,4.94,779,1,0,1.3,20
1/1/2024 13:25,1,Mesofilik,35.9,83.4,4.93,918,1,0,1.2,20
1/1/2024 13:30,1,Mesofilik,36,83.2,4.98,836,1,0,1.8,20
1/1/2024 13:35,1,Mesofilik,35.8,83.4,4.97,829,1,0,1.8,20
1/1/2024 13:40,1,Mesofilik,36,83.7,5.01,796,1,0,1.4,20
1/1/2024 13:45,1,Mesofilik,36.4,83.8,4.93,794,1,0,1.4,20
1/1/2024 13:50,1,Mesofilik,36.1,83,4.91,768,1,0,1.5,20
1/1/2024 13:55,1,Mesofilik,36.4,83.7,4.92,911,1,0,1.5,20
1/1/2024 14:00,1,Mesofilik,36.4,83.5,4.91,865,1,0,1.6,20
1/1/2024 14:05,1,Mesofilik,36.5,83.3,5.02,786,1,0,1.4,20
1/1/2024 14:10,1,Mesofilik,36.4,83.1,4.93,934,1,0,2,20
1/1/2024 14:15,1,Mesofilik,36.5,83,4.96,797,1,0,1.7,20
1/1/2024 14:20,1,Mesofilik,36.6,82.7,5,987,1,0,1.4,20
1/1/2024 14:25,1,Mesofilik,36.6,83.3,4.96,898,1,0,2.2,20
1/1/2024 14:30,1,Mesofilik,36.7,82.9,4.91,789,1,0,1.5,20
1/1/2024 14:35,1,Mesofilik,37,83,4.96,849,1,0,1.9,20
1/1/2024 14:40,1,Mesofilik,37.2,83,4.94,936,1,0,1.8,20
1/1/2024 14:45,1,Mesofilik,37.2,83.3,4.94,901,1,0,1.9,20
1/1/2024 14:50,1,Mesofilik,37,83.3,4.99,950,1,0,2,20
1/1/2024 14:55,1,Mesofilik,37,83.1,4.96,955,1,0,1.3,20
1/1/2024 15:00,1,Mesofilik,37,83,4.96,963,1,0,1.7,20
1/1/2024 15:05,1,Mesofilik,37,82.7,4.98,914,1,0,2.2,20
1/1/2024 15:10,1,Mesofilik,37,83.1,4.97,990,1,0,1.6,20
1/1/2024 15:15,1,Mesofilik,37.1,83.2,4.96,831,1,0,1.7,20
1/1/2024 15:20,1,Mesofilik,37.3,82.7,4.96,812,1,0,2,20
1/1/2024 15:25,1,Mesofilik,36.9,82.9,4.97,995,1,0,1.6,20
1/1/2024 15:30,1,Mesofilik,37.1,83.6,4.92,696,1,0,1.8,20
1/1/2024 15:35,1,Mesofilik,37.1,82.7,4.98,893,1,0,1.5,20
1/1/2024 15:40,1,Mesofilik,37.1,83.3,4.98,868,1,0,2.2,20
1/1/2024 15:45,1,Mesofilik,37.1,82.6,4.94,874,1,0,1.7,20
1/1/2024 15:50,1,Mesofilik,37.3,83.1,4.93,995,1,0,1.6,20
1/1/2024 15:55,1,Mesofilik,37.5,83.1,4.98,927,1,0,1.8,20
1/1/2024 16:00,1,Mesofilik,37.4,83.4,4.97,940,1,0,1.6,20
1/1/2024 16:05,1,Mesofilik,37.6,82.8,5.02,881,1,0,1.2,20
1/1/2024 16:10,1,Mesofilik,37.4,82.8,4.99,834,1,0,1.5,20
1/1/2024 16:15,1,Mesofilik,37.1,82.9,4.9,761,1,0,1.9,20
1/1/2024 16:20,1,Mesofilik,37.5,83.1,4.94,886,1,0,1.7,20
1/1/2024 16:25,1,Mesofilik,37.2,83.4,5,874,1,0,1.7,20
1/1/2024 16:30,1,Mesofilik,37.4,82.4,4.96,838,1,0,1.4,20
1/1/2024 16:35,1,Mesofilik,37.4,83.5,4.99,849,1,0,1.9,20
1/1/2024 16:40,1,Mesofilik,37.6,83.3,4.98,844,1,0,1.9,20
1/1/2024 16:45,1,Mesofilik,37.5,83.2,4.99,981,1,0,1.6,20
1/1/2024 16:50,1,Mesofilik,37.6,83,5.04,844,1,0,2.2,20
1/1/2024 16:55,1,Mesofilik,37.4,82.8,4.96,875,1,0,1.9,20
1/1/2024 17:00,1,Mesofilik,37.5,82.8,4.98,1073,1,0,2.3,20
1/1/2024 17:05,1,Mesofilik,37.5,83,4.98,952,1,0,1.4,20
1/1/2024 17:10,1,Mesofilik,37.4,82.5,4.99,957,1,0,1.6,20
1/1/2024 17:15,1,Mesofilik,37.6,82.6,4.94,924,1,0,2.1,20
1/1/2024 17:20,1,Mesofilik,37.6,82.8,5.01,905,1,0,1.7,20
1/1/2024 17:25,1,Mesofilik,37.5,83.2,4.93,1027,1,0,2.2,20
1/1/2024 17:30,1,Mesofilik,37.2,83.1,5,931,1,0,1.6,20
1/1/2024 17:35,1,Mesofilik,37.2,83,5.02,955,1,0,1.7,20
1/1/2024 17:40,1,Mesofilik,37.4,82.1,5.02,774,1,0,1.7,20
1/1/2024 17:45,1,Mesofilik,37.1,82.6,5.02,877,1,0,1.9,20
1/1/2024 17:50,1,Mesofilik,37.3,83.1,4.99,813,1,0,2.1,20
1/1/2024 17:55,1,Mesofilik,37.2,82.5,4.97,1037,1,0,2.1,20
1/1/2024 18:00,1,Mesofilik,37.2,82.9,4.98,1084,1,0,1.9,20
1/1/2024 18:05,1,Mesofilik,37.3,83.3,5,898,1,0,1.8,20
1/1/2024 18:10,1,Mesofilik,37.1,83,5.01,924,1,0,2,20
1/1/2024 18:15,1,Mesofilik,37.1,83.1,4.93,995,1,0,1.9,20
1/1/2024 18:20,1,Mesofilik,37.2,82.2,5.05,911,1,0,2.2,20
1/1/2024 18:25,1,Mesofilik,36.9,83.2,4.96,874,1,0,2.4,20
1/1/2024 18:30,1,Mesofilik,37,83.1,5.02,964,1,0,1.9,20
1/1/2024 18:35,1,Mesofilik,37,83.8,4.99,942,1,0,2.2,20
1/1/2024 18:40,1,Mesofilik,37.1,83.4,5.01,835,1,0,2.4,20
1/1/2024 18:45,1,Mesofilik,36.7,83.2,4.97,923,1,0,2,20
1/1/2024 18:50,1,Mesofilik,36.9,83.2,5.04,965,1,0,1.8,20
1/1/2024 18:55,1,Mesofilik,37,83.5,4.96,978,1,0,2.1,20
1/1/2024 19:00,1,Mesofilik,36.7,83.5,4.99,941,1,0,1.8,20
1/1/2024 19:05,1,Mesofilik,36.7,82.8,4.96,1059,1,0,1.6,20
1/1/2024 19:10,1,Mesofilik,36.5,82.5,4.98,827,1,0,2.4,20
1/1/2024 19:15,1,Mesofilik,36.8,82.9,5.07,1012,1,0,1.8,20
1/1/2024 19:20,1,Mesofilik,36.2,83.8,4.96,803,1,0,2.2,20
1/1/2024 19:25,1,Mesofilik,36.9,83.6,5.02,983,1,0,2.2,20
1/1/2024 19:30,1,Mesofilik,36.7,83.3,5.01,931,1,0,1.7,20
1/1/2024 19:35,1,Mesofilik,36.4,82.7,5,858,1,0,1.6,20
1/1/2024 19:40,1,Mesofilik,36.4,83.6,5.03,812,1,0,1.6,20
1/1/2024 19:45,1,Mesofilik,36.5,82.9,5,983,1,0,1.6,20
1/1/2024 19:50,1,Mesofilik,36.3,82.8,4.99,965,1,0,1.5,20
1/1/2024 19:55,1,Mesofilik,36.3,83.2,5.02,958,1,0,2.4,20
1/1/2024 20:00,1,Mesofilik,36.2,83.1,5.01,985,1,0,2,20
1/1/2024 20:05,1,Mesofilik,36.1,83.1,4.99,830,1,0,2.5,20
1/1/2024 20:10,1,Mesofilik,35.9,83.1,4.99,1014,1,0,1.9,20
1/1/2024 20:15,1,Mesofilik,36.2,83.1,5.02,877,1,0,2.6,20
1/1/2024 20:20,1,Mesofilik,35.7,83.4,5.03,977,1,0,1.9,20
1/1/2024 20:25,1,Mesofilik,35.8,83.3,5.01,1022,1,0,2.7,20
1/1/2024 20:30,1,Mesofilik,35.7,82.9,5.01,1152,1,0,1.8,20
1/1/2024 20:35,1,Mesofilik,36,83.9,5,992,1,0,2.5,20
1/1/2024 20:40,1,Mesofilik,35.6,83.3,5,866,1,0,1.8,20
1/1/2024 20:45,1,Mesofilik,35.4,83.4,4.99,967,1,0,1.5,20
1/1/2024 20:50,1,Mesofilik,35.6,83.6,4.96,978,1,0,2.4,20
1/1/2024 20:55,1,Mesofilik,35.3,83.9,5.03,893,1,0,2,20
1/1/2024 21:00,1,Mesofilik,35.5,83.5,5.03,876,1,0,2.1,20
1/1/2024 21:05,1,Mesofilik,35.1,83.4,4.99,892,1,0,2.4,20
1/1/2024 21:10,1,Mesofilik,35.4,83.6,4.99,926,1,0,2.4,20
1/1/2024 21:15,1,Mesofilik,35.2,84.2,5.03,967,1,0,2,20
1/1/2024 21:20,1,Mesofilik,35.2,83.4,5.04,1029,1,0,1.8,20
1/1/2024 21:25,1,Mesofilik,34.9,83,5.04,865,1,0,1.4,20
1/1/2024 21:30,1,Mesofilik,35.1,84.3,5.02,1021,1,0,2.1,20
1/1/2024 21:35,1,Mesofilik,34.9,83.8,5.02,976,1,0,2.2,20
1/1/2024 21:40,1,Mesofilik,34.8,83.9,5.02,895,1,0,2.2,20
1/1/2024 21:45,1,Mesofilik,34.7,83.6,5.03,1043,1,0,2.2,20
1/1/2024 21:50,1,Mesofilik,34.7,83.8,5.07,1001,1,0,2.1,20
1/1/2024 21:55,1,Mesofilik,34.5,83.3,5.02,908,1,0,2,20
1/1/2024 22:00,1,Mesofilik,34.6,83.8,5.03,997,1,0,2.1,20
1/1/2024 22:05,1,Mesofilik,34.2,83.4,5.03,862,1,0,2.3,20
1/1/2024 22:10,1,Mesofilik,34.7,84,5.02,1078,1,0,2.2,20
1/1/2024 22:15,1,Mesofilik,34.3,83.5,5.02,929,1,0,2.2,20
1/1/2024 22:20,1,Mesofilik,34.3,83.7,5.05,1056,1,0,2.4,20
1/1/2024 22:25,1,Mesofilik,34,82.9,5.06,852,1,0,2.1,20
1/1/2024 22:30,1,Mesofilik,34,83.2,5.05,1022,1,0,2,20
1/1/2024 22:35,1,Mesofilik,33.7,83.6,5.05,844,1,0,2.2,20
1/1/2024 22:40,1,Mesofilik,34,83.9,5.04,885,1,0,2.5,20
1/1/2024 22:45,1,Mesofilik,33.9,83.8,5.01,928,1,0,1.9,20
1/1/2024 22:50,1,Mesofilik,33.9,84.3,5,835,1,0,2.6,20
1/1/2024 22:55,1,Mesofilik,33.8,83.6,5.07,917,1,0,2.7,20
1/1/2024 23:00,1,Mesofilik,33.9,83.7,5.1,917,1,0,2.4,20
1/1/2024 23:05,1,Mesofilik,33.7,84.2,5.09,969,1,0,2,20
1/1/2024 23:10,1,Mesofilik,33.7,83.6,5.1,978,1,0,2.1,20
1/1/2024 23:15,1,Mesofilik,33.6,83.5,5.01,1064,1,0,2,20
1/1/2024 23:20,1,Mesofilik,33.3,84,5.08,1026,1,0,2.5,20
1/1/2024 23:25,1,Mesofilik,33.3,83.5,5.09,943,1,0,2.1,20
1/1/2024 23:30,1,Mesofilik,33.6,84.1,5.06,1143,1,0,2,20
1/1/2024 23:35,1,Mesofilik,33.4,83.9,5.05,1093,1,0,2.4,20
1/1/2024 23:40,1,Mesofilik,33.3,84.3,5.04,904,1,0,1.9,20
1/1/2024 23:45,1,Mesofilik,32.9,84.6,5.01,954,1,0,2.1,20
1/1/2024 23:50,1,Mesofilik,33.2,84.2,5.07,926,1,0,2.2,20
1/1/2024 23:55,1,Mesofilik,33.1,83.9,5.1,1013,1,0,2.5,20
1/2/2024 0:00,2,Mesofilik,33.1,84.4,5.06,871,1,0,2.4,19
1/2/2024 0:05,2,Mesofilik,32.8,83.9,5.07,1074,1,0,2.3,19
1/2/2024 0:10,2,Mesofilik,32.9,84.5,5.06,1184,1,0,2.4,19
1/2/2024 0:15,2,Mesofilik,32.6,84.3,5.06,1080,1,0,2.5,19
1/2/2024 0:20,2,Mesofilik,32.8,83.7,5.05,910,1,0,2.1,19
1/2/2024 0:25,2,Mesofilik,32.8,84.6,5.07,883,1,0,2.4,19
1/2/2024 0:30,2,Mesofilik,32.8,83.9,5.05,981,1,0,2.1,19
1/2/2024 0:35,2,Mesofilik,32.7,84.1,5.07,909,1,0,2.2,19
1/2/2024 0:40,2,Mesofilik,32.7,84,5.11,949,1,0,2.4,19
1/2/2024 0:45,2,Mesofilik,32.7,83.7,5,860,1,0,2.7,19
1/2/2024 0:50,2,Mesofilik,32.4,84.9,5.04,998,1,0,2.8,19
1/2/2024 0:55,2,Mesofilik,32.7,84.8,5.1,1066,1,0,2.5,19
1/2/2024 1:00,2,Mesofilik,32.5,84,5.04,985,1,0,2.3,19
1/2/2024 1:05,2,Mesofilik,32.3,84.4,5.09,993,1,0,2.8,19
1/2/2024 1:10,2,Mesofilik,32.1,84.1,5.04,838,1,0,2.3,19
1/2/2024 1:15,2,Mesofilik,32.2,84.6,5.08,906,1,0,2.9,19
1/2/2024 1:20,2,Mesofilik,32.4,84.4,5.06,912,1,0,2.2,19
1/2/2024 1:25,2,Mesofilik,32.3,84.8,5.11,951,1,0,2,19
1/2/2024 1:30,2,Mesofilik,32.2,83.7,5.08,979,1,0,2.2,19
1/2/2024 1:35,2,Mesofilik,31.9,84.4,5.05,899,1,0,1.5,19
1/2/2024 1:40,2,Mesofilik,32.1,84.7,5.12,957,1,0,2.2,19
1/2/2024 1:45,2,Mesofilik,32.1,83.9,5.08,1056,1,0,2.7,19
1/2/2024 1:50,2,Mesofilik,32,84.2,5.04,929,1,0,2.3,19
1/2/2024 1:55,2,Mesofilik,32,84.5,5.05,1116,1,0,2.3,19
1/2/2024 2:00,2,Mesofilik,31.9,84,5,1069,1,0,2.6,19
1/2/2024 2:05,2,Mesofilik,31.9,84.3,5.09,874,1,0,2.2,19
1/2/2024 2:10,2,Mesofilik,32,83.9,5.08,892,1,0,2.5,19
1/2/2024 2:15,2,Mesofilik,31.9,83.8,5.11,943,1,0,2.2,19
1/2/2024 2:20,2,Mesofilik,31.9,84.6,5.04,1008,1,0,2.5,19
1/2/2024 2:25,2,Mesofilik,31.9,84.3,5.06,938,1,0,2.5,19
1/2/2024 2:30,2,Mesofilik,31.7,83.4,5.09,1078,1,0,1.7,19
1/2/2024 2:35,2,Mesofilik,31.7,84.5,5.14,1008,1,0,2.2,19
1/2/2024 2:40,2,Mesofilik,31.8,84.7,5.06,944,1,0,2.3,19
1/2/2024 2:45,2,Mesofilik,31.6,84.3,5.13,1035,1,0,2.4,19
1/2/2024 2:50,2,Mesofilik,31.7,83.8,5.11,1005,1,0,2.4,19
1/2/2024 2:55,2,Mesofilik,32.2,84.4,5.06,978,1,0,2.8,19
1/2/2024 3:00,2,Mesofilik,31.9,83.8,5.11,960,1,0,3,19
1/2/2024 3:05,2,Mesofilik,31.9,84.1,5.12,1021,1,0,2.7,19
1/2/2024 3:10,2,Mesofilik,31.8,84,5.06,1099,1,0,2.4,19
1/2/2024 3:15,2,Mesofilik,31.7,84,5.1,1183,1,0,2.2,19
1/2/2024 3:20,2,Mesofilik,31.8,84.7,5.08,1056,1,0,2.2,19
1/2/2024 3:25,2,Mesofilik,31.8,84.2,5.12,1116,1,0,3.3,19
1/2/2024 3:30,2,Mesofilik,31.9,84.4,5.09,995,1,0,2.6,19
1/2/2024 3:35,2,Mesofilik,31.7,84.3,5.13,944,1,0,2.9,19
1/2/2024 3:40,2,Mesofilik,32,84.2,5.02,977,1,0,2.9,19
1/2/2024 3:45,2,Mesofilik,31.8,84,5.07,1095,1,0,2.7,19
1/2/2024 3:50,2,Mesofilik,31.8,84.1,5.08,956,1,0,3,19
1/2/2024 3:55,2,Mesofilik,31.8,84.6,5.14,1111,1,0,2.4,19
1/2/2024 4:00,2,Mesofilik,31.9,84.2,5.06,1059,1,0,2.2,19
1/2/2024 4:05,2,Mesofilik,32,84.1,5.1,1057,1,0,2.5,19
1/2/2024 4:10,2,Mesofilik,32,84.1,5.12,929,1,0,2.6,19
1/2/2024 4:15,2,Mesofilik,32.2,83.9,5.07,1079,1,0,2.6,19
1/2/2024 4:20,2,Mesofilik,32,84.4,5.11,1129,1,0,2.7,19
1/2/2024 4:25,2,Mesofilik,31.9,84.4,5.15,1031,1,0,2.3,19
1/2/2024 4:30,2,Mesofilik,32.1,84.2,5.03,1111,1,0,2.4,19
1/2/2024 4:35,2,Mesofilik,32,84.3,5.1,1102,1,0,2.5,19
1/2/2024 4:40,2,Mesofilik,32.1,84.1,5.12,1097,1,0,2.3,19
1/2/2024 4:45,2,Mesofilik,32.2,84,5.12,1079,1,0,3.1,19
1/2/2024 4:50,2,Mesofilik,32.1,84.1,5.1,1027,1,0,2.8,19
1/2/2024 4:55,2,Mesofilik,31.9,83.8,5.07,1129,1,0,3.1,19
1/2/2024 5:00,2,Mesofilik,32.2,84.1,5.1,1148,1,0,2.3,19
1/2/2024 5:05,2,Mesofilik,32.3,84.4,5.12,1073,1,0,2.9,19
1/2/2024 5:10,2,Mesofilik,31.9,84.3,5.08,913,1,0,2.8,19
1/2/2024 5:15,2,Mesofilik,32.4,84.1,5.13,1191,1,0,3,19
1/2/2024 5:20,2,Mesofilik,32.6,84.3,5.11,935,1,0,2.6,19
1/2/2024 5:25,2,Mesofilik,32.3,84.7,5.1,1076,1,0,2.8,19
1/2/2024 5:30,2,Mesofilik,32.5,84.6,5.09,1083,1,0,2.4,19
1/2/2024 5:35,2,Mesofilik,32.3,83.9,5.11,1036,1,0,2.4,19
1/2/2024 5:40,2,Mesofilik,32.3,84,5.06,1133,1,0,2.7,19
1/2/2024 5:45,2,Mesofilik,32.4,83.9,5.09,1100,1,0,3.1,19
1/2/2024 5:50,2,Mesofilik,32.4,84.1,5.11,1130,1,0,2.7,19
1/2/2024 5:55,2,Mesofilik,32.6,83.9,5.09,1165,1,0,2.7,19
1/2/2024 6:00,2,Mesofilik,33.1,84,5.09,960,1,0,2.1,19
1/2/2024 6:05,2,Mesofilik,32.6,84.1,5.13,957,1,0,3,19
1/2/2024 6:10,2,Mesofilik,32.8,84,5.16,1158,1,0,2.6,19
1/2/2024 6:15,2,Mesofilik,32.8,83.3,5.09,1071,1,0,2.4,19
1/2/2024 6:20,2,Mesofilik,33,83.9,5.11,1038,1,0,2.8,19
1/2/2024 6:25,2,Mesofilik,33.2,83.6,5.16,1085,1,0,2.7,19
1/2/2024 6:30,2,Mesofilik,33.3,84,5.15,1118,1,0,2.5,19
1/2/2024 6:35,2,Mesofilik,33.3,83.5,5.12,1095,1,0,2.7,19
1/2/2024 6:40,2,Mesofilik,33.3,83.3,5.1,1108,1,0,2.8,19
1/2/2024 6:45,2,Mesofilik,33.2,84.2,5.09,1180,1,0,2.9,19
1/2/2024 6:50,2,Mesofilik,33.4,84.3,5.09,1179,1,0,3,19
1/2/2024 6:55,2,Mesofilik,33.5,84.2,5.11,1131,1,0,2.8,19
1/2/2024 7:00,2,Mesofilik,33.6,84,5.15,970,1,0,3.2,19
1/2/2024 7:05,2,Mesofilik,33.5,84.1,5.16,1025,1,0,2.6,19
1/2/2024 7:10,2,Mesofilik,33.6,83.7,5.12,1177,1,0,3.2,19
1/2/2024 7:15,2,Mesofilik,34.1,83.5,5.12,983,1,0,2.5,19
1/2/2024 7:20,2,Mesofilik,34.1,84.2,5.09,1073,1,0,2.8,19
1/2/2024 7:25,2,Mesofilik,34.1,83.4,5.14,1085,1,0,2.8,19
1/2/2024 7:30,2,Mesofilik,34.2,83.6,5.12,1117,1,0,2.8,19
1/2/2024 7:35,2,Mesofilik,34.2,83.5,5.18,1173,1,0,2.7,19
1/2/2024 7:40,2,Mesofilik,34.4,83.5,5.17,1160,1,0,2.8,19
1/2/2024 7:45,2,Mesofilik,34.5,83.1,5.1,1038,1,0,2.9,19
1/2/2024 7:50,2,Mesofilik,34.7,84.2,5.15,1176,1,0,2.3,19
1/2/2024 7:55,2,Mesofilik,34.5,83.3,5.11,1125,1,0,2.7,19
1/2/2024 8:00,2,Mesofilik,34.4,83.7,5.1,1160,1,0,3.5,19
1/2/2024 8:05,2,Mesofilik,34.6,82.7,5.13,1232,1,0,3.4,19
1/2/2024 8:10,2,Mesofilik,34.7,83.6,5.12,1138,1,0,3.6,19
1/2/2024 8:15,2,Mesofilik,34.7,83.5,5.15,1236,1,0,2.9,19
1/2/2024 8:20,2,Mesofilik,35,83.3,5.14,1125,1,0,3,19
1/2/2024 8:25,2,Mesofilik,35.1,83.5,5.14,1245,1,0,2.8,19
1/2/2024 8:30,2,Mesofilik,35,83.7,5.11,1105,1,0,2.7,19
1/2/2024 8:35,2,Mesofilik,35.5,82.7,5.23,1245,1,0,2.9,19
1/2/2024 8:40,2,Mesofilik,35.4,83.4,5.16,1215,1,0,3,19
1/2/2024 8:45,2,Mesofilik,35.6,83.2,5.14,1150,1,0,3.2,19
1/2/2024 8:50,2,Mesofilik,35.7,82.4,5.16,1184,1,0,2.9,19
1/2/2024 8:55,2,Mesofilik,35.7,83.6,5.17,1109,1,0,3,19
1/2/2024 9:00,2,Mesofilik,35.7,82.8,5.12,1243,1,0,3.2,19
1/2/2024 9:05,2,Mesofilik,36,83.4,5.16,1126,1,0,3,19
1/2/2024 9:10,2,Mesofilik,36.2,83.4,5.18,1236,1,0,3,19
1/2/2024 9:15,2,Mesofilik,36.3,83.1,5.12,1169,1,0,2.7,19
1/2/2024 9:20,2,Mesofilik,36.1,83,5.12,1161,1,0,2.4,19
1/2/2024 9:25,2,Mesofilik,36.4,83.1,5.12,1241,1,0,3.2,19
1/2/2024 9:30,2,Mesofilik,36.2,82.8,5.13,1116,1,0,3.2,19
1/2/2024 9:35,2,Mesofilik,36.5,82.9,5.09,1245,1,0,2.6,19
1/2/2024 9:40,2,Mesofilik,36.7,83.1,5.19,1092,1,0,2,19
1/2/2024 9:45,2,Mesofilik,36.8,83.5,5.19,1216,1,0,2.8,19
1/2/2024 9:50,2,Mesofilik,37,82.6,5.17,1243,1,0,3.3,19
1/2/2024 9:55,2,Mesofilik,37.4,83,5.14,1203,1,0,2.4,19
1/2/2024 10:00,2,Mesofilik,37,82.8,5.14,1220,1,0,2.7,19
1/2/2024 10:05,2,Mesofilik,37.4,82.8,5.15,1184,1,0,3,19
1/2/2024 10:10,2,Mesofilik,37.4,82.6,5.14,1189,1,0,2.6,19
1/2/2024 10:15,2,Mesofilik,37.3,82.7,5.18,1237,1,0,3.1,19
1/2/2024 10:20,2,Mesofilik,37.6,82.7,5.17,1211,1,0,3.1,19
1/2/2024 10:25,2,Mesofilik,37.5,82,5.15,1336,1,0,3.3,19
1/2/2024 10:30,2,Mesofilik,37.9,83.1,5.16,1241,1,0,2.8,19
1/2/2024 10:35,2,Mesofilik,37.8,82.9,5.2,1216,1,0,2.9,19
1/2/2024 10:40,2,Mesofilik,37.9,82.8,5.12,1047,1,0,2.9,19
1/2/2024 10:45,2,Mesofilik,37.8,82.5,5.16,1197,1,0,3.5,19
1/2/2024 10:50,2,Mesofilik,38.1,82.7,5.18,1145,1,0,3.4,19
1/2/2024 10:55,2,Mesofilik,38.2,82.8,5.13,1115,1,0,3.3,19
1/2/2024 11:00,2,Mesofilik,38.4,82.3,5.14,1332,1,0,2.7,19
1/2/2024 11:05,2,Mesofilik,38.7,82.3,5.18,1218,1,0,3.2,19
1/2/2024 11:10,2,Mesofilik,38.4,82.5,5.17,1167,1,0,3.3,19
1/2/2024 11:15,2,Mesofilik,38.6,82.4,5.14,1045,1,0,3,19
1/2/2024 11:20,2,Mesofilik,39.1,82.7,5.17,1232,1,0,3.1,19
1/2/2024 11:25,2,Mesofilik,38.9,82.1,5.2,1313,1,0,3.3,19
1/2/2024 11:30,2,Mesofilik,39,82.4,5.19,1306,1,0,3,19
1/2/2024 11:35,2,Mesofilik,38.9,82.4,5.22,1162,1,0,2.7,19
1/2/2024 11:40,2,Mesofilik,39.1,82.4,5.18,1283,1,0,3,19
1/2/2024 11:45,2,Mesofilik,39.4,81.8,5.15,1258,1,0,2.6,19
1/2/2024 11:50,2,Mesofilik,39.3,82.8,5.17,1288,1,0,2.7,19
1/2/2024 11:55,2,Mesofilik,39.3,82.2,5.16,1374,1,0,3.3,19
1/2/2024 12:00,2,Mesofilik,39.3,82.3,5.19,1366,1,0,3.6,19
1/2/2024 12:05,2,Mesofilik,39.4,82,5.14,1258,1,0,3.3,19
1/2/2024 12:10,2,Mesofilik,39.8,82.2,5.17,1292,1,0,2.9,19
1/2/2024 12:15,2,Mesofilik,40.1,81.7,5.18,1444,1,0,3.1,19
1/2/2024 12:20,2,Mesofilik,39.8,82,5.17,1395,1,0,2.5,19
1/2/2024 12:25,2,Mesofilik,40.2,81.7,5.17,1253,1,0,3.3,19
1/2/2024 12:30,2,Mesofilik,39.8,82.2,5.24,1181,1,0,3.2,19
1/2/2024 12:35,2,Mesofilik,40,82.2,5.18,1242,1,0,3.3,19
1/2/2024 12:40,2,Mesofilik,40.5,82,5.2,1192,1,0,2.9,19
1/2/2024 12:45,2,Mesofilik,40.4,82.5,5.19,1273,1,0,3.2,19
1/2/2024 12:50,2,Mesofilik,40.2,82.2,5.21,1264,1,0,3,19
1/2/2024 12:55,2,Mesofilik,40.5,81.9,5.18,1471,1,0,3.1,19
1/2/2024 13:00,2,Mesofilik,40.5,81.8,5.21,1291,1,0,3,19
1/2/2024 13:05,2,Mesofilik,40.8,82.4,5.17,1159,1,0,3.5,19
1/2/2024 13:10,2,Mesofilik,40.6,82.2,5.13,1382,1,0,2.8,19
1/2/2024 13:15,2,Mesofilik,40.9,81.9,5.16,1281,1,0,3.4,19
1/2/2024 13:20,2,Mesofilik,40.9,82.1,5.25,1190,1,0,3.7,19
1/2/2024 13:25,2,Mesofilik,40.9,81.6,5.15,1303,1,0,3.5,19
1/2/2024 13:30,2,Mesofilik,41,82.3,5.15,1319,1,0,2.9,19
1/2/2024 13:35,2,Mesofilik,41.1,82.1,5.18,1114,1,0,3.3,19
1/2/2024 13:40,2,Mesofilik,41.2,81.9,5.23,1239,1,0,3.5,19
1/2/2024 13:45,2,Mesofilik,41.4,81.3,5.2,1287,1,0,3.2,19
1/2/2024 13:50,2,Mesofilik,41.3,81.6,5.17,1333,1,0,2.9,19
1/2/2024 13:55,2,Mesofilik,41.2,82,5.16,1385,1,0,3.4,19
1/2/2024 14:00,2,Mesofilik,41.1,81.6,5.23,1256,1,0,3.1,19
1/2/2024 14:05,2,Mesofilik,41.5,82,5.19,1289,1,0,3.7,19
1/2/2024 14:10,2,Mesofilik,41.8,82,5.2,1274,1,0,3,19
1/2/2024 14:15,2,Mesofilik,41.6,81.8,5.24,1393,1,0,2.8,19
1/2/2024 14:20,2,Mesofilik,41.8,81.4,5.19,1363,1,0,3.9,19
1/2/2024 14:25,2,Mesofilik,42.1,81.9,5.19,1388,1,0,3.6,19
1/2/2024 14:30,2,Mesofilik,41.8,82.2,5.21,1388,1,0,3.5,19
1/2/2024 14:35,2,Mesofilik,41.8,81.9,5.18,1305,1,0,3,19
1/2/2024 14:40,2,Mesofilik,41.9,81.9,5.22,1486,1,0,3.3,19
1/2/2024 14:45,2,Mesofilik,42,81.3,5.19,1410,1,0,3.6,19
1/2/2024 14:50,2,Mesofilik,41.9,81.6,5.16,1328,1,0,3.6,19
1/2/2024 14:55,2,Mesofilik,42,81.8,5.21,1359,1,0,3.1,19
1/2/2024 15:00,2,Mesofilik,42.1,81.7,5.22,1318,1,0,2.7,19
1/2/2024 15:05,2,Mesofilik,42.2,81.4,5.18,1418,1,0,3.2,19
1/2/2024 15:10,2,Mesofilik,42.2,81.8,5.23,1255,1,0,3.7,19
1/2/2024 15:15,2,Mesofilik,42.1,81.5,5.21,1224,1,0,3.5,19
1/2/2024 15:20,2,Mesofilik,42,81.2,5.16,1457,1,0,3.2,19
1/2/2024 15:25,2,Mesofilik,42.4,81.4,5.16,1281,1,0,3.7,19
1/2/2024 15:30,2,Mesofilik,42.2,81.4,5.22,1412,1,0,3.7,19
1/2/2024 15:35,2,Mesofilik,42.4,81.4,5.17,1341,1,0,3.5,19
1/2/2024 15:40,2,Mesofilik,42.1,81.2,5.22,1372,1,0,3.4,19
1/2/2024 15:45,2,Mesofilik,42.2,81.4,5.19,1449,1,0,3.7,19
1/2/2024 15:50,2,Mesofilik,42,81.2,5.17,1327,1,0,3.4,19
1/2/2024 15:55,2,Mesofilik,42.1,81.2,5.19,1398,1,0,3.4,19
1/2/2024 16:00,2,Mesofilik,42.2,81.6,5.2,1361,1,0,3.9,19
1/2/2024 16:05,2,Mesofilik,42.6,81.1,5.24,1449,1,0,3.1,19
1/2/2024 16:10,2,Mesofilik,42.5,82,5.18,1313,1,0,3.7,19
1/2/2024 16:15,2,Mesofilik,42.4,81.7,5.23,1419,1,0,3,19
1/2/2024 16:20,2,Mesofilik,42.5,81.8,5.21,1386,1,0,3,19
1/2/2024 16:25,2,Mesofilik,42.5,81.7,5.22,1481,1,0,3.3,19
1/2/2024 16:30,2,Mesofilik,42.5,81.2,5.22,1379,1,0,3.5,19
1/2/2024 16:35,2,Mesofilik,42.4,81.4,5.25,1359,1,0,3,19
1/2/2024 16:40,2,Mesofilik,42.7,81.9,5.18,1451,1,0,3.3,19
1/2/2024 16:45,2,Mesofilik,42.5,81.6,5.22,1335,1,0,3.3,19
1/2/2024 16:50,2,Mesofilik,42.3,81.2,5.22,1342,1,0,3.7,19
1/2/2024 16:55,2,Mesofilik,42.6,81.3,5.23,1440,1,0,3.6,19
1/2/2024 17:00,2,Mesofilik,42.4,81.7,5.24,1303,1,0,3.8,19
1/2/2024 17:05,2,Mesofilik,42.5,81.2,5.23,1458,1,0,3.4,19
1/2/2024 17:10,2,Mesofilik,42.6,82.2,5.21,1294,1,0,3.6,19
1/2/2024 17:15,2,Mesofilik,42.5,81.4,5.27,1299,1,0,3.7,19
1/2/2024 17:20,2,Mesofilik,42.3,82,5.29,1346,1,0,3.3,19
1/2/2024 17:25,2,Mesofilik,42.5,81.4,5.23,1411,1,0,2.9,19
1/2/2024 17:30,2,Mesofilik,42.3,81.3,5.22,1526,1,0,3.1,19
1/2/2024 17:35,2,Mesofilik,42.4,81.4,5.22,1475,1,0,3.6,19
1/2/2024 17:40,2,Mesofilik,42.4,81.8,5.22,1364,1,0,3.2,19
1/2/2024 17:45,2,Mesofilik,42.2,82.4,5.27,1306,1,0,3.1,19
1/2/2024 17:50,2,Mesofilik,42.3,81.7,5.25,1395,1,0,3.5,19
1/2/2024 17:55,2,Mesofilik,42.3,81.5,5.17,1398,1,0,3.3,19
1/2/2024 18:00,2,Mesofilik,42.2,82.4,5.25,1393,1,0,3.8,19
1/2/2024 18:05,2,Mesofilik,42.3,81.6,5.26,1584,1,0,3.2,19
1/2/2024 18:10,2,Mesofilik,42.2,81.2,5.26,1347,1,0,3.4,19
1/2/2024 18:15,2,Mesofilik,42.1,81.8,5.27,1322,1,0,3.6,19
1/2/2024 18:20,2,Mesofilik,42,81.2,5.23,1398,1,0,4.3,19
1/2/2024 18:25,2,Mesofilik,42.1,81.1,5.22,1505,1,0,4.2,19
1/2/2024 18:30,2,Mesofilik,41.8,81,5.3,1456,1,0,3.3,19
1/2/2024 18:35,2,Mesofilik,42.1,80.8,5.24,1452,1,0,3.9,19
1/2/2024 18:40,2,Mesofilik,41.8,81.6,5.22,1447,1,0,3.3,19
1/2/2024 18:45,2,Mesofilik,41.9,81.3,5.26,1496,1,0,3.5,19
1/2/2024 18:50,2,Mesofilik,41.9,81.2,5.24,1425,1,0,4.4,19
1/2/2024 18:55,2,Mesofilik,41.7,82,5.28,1452,1,0,4.2,19
1/2/2024 19:00,2,Mesofilik,41.8,81.7,5.25,1529,1,0,4,19
1/2/2024 19:05,2,Mesofilik,41.6,81.2,5.24,1368,1,0,3.6,19
1/2/2024 19:10,2,Mesofilik,41.9,81.5,5.25,1437,1,0,3.9,19
1/2/2024 19:15,2,Mesofilik,41.3,81.5,5.26,1530,1,0,3.5,19
1/2/2024 19:20,2,Mesofilik,41.3,81.8,5.23,1339,1,0,3.5,19
1/2/2024 19:25,2,Mesofilik,41.5,81.5,5.19,1507,1,0,4,19
1/2/2024 19:30,2,Mesofilik,41.6,81.3,5.25,1436,1,0,3.9,19
1/2/2024 19:35,2,Mesofilik,41.5,81.5,5.26,1474,1,0,4.1,19
1/2/2024 19:40,2,Mesofilik,41.5,81.9,5.26,1551,1,0,3.8,19
1/2/2024 19:45,2,Mesofilik,41.2,82.1,5.28,1403,1,0,3.5,19
1/2/2024 19:50,2,Mesofilik,41.3,81.9,5.26,1464,1,0,4.2,19
1/2/2024 19:55,2,Mesofilik,41.4,81.8,5.29,1358,1,0,3.8,19
1/2/2024 20:00,2,Mesofilik,41.4,81.7,5.23,1389,1,0,3.4,19
1/2/2024 20:05,2,Mesofilik,41,81.7,5.22,1443,1,0,4,19
1/2/2024 20:10,2,Mesofilik,40.9,82.2,5.28,1525,1,0,3.5,19
1/2/2024 20:15,2,Mesofilik,41.1,81.5,5.29,1457,1,0,3.9,19
1/2/2024 20:20,2,Mesofilik,40.8,81.5,5.28,1368,1,0,3.9,19
1/2/2024 20:25,2,Mesofilik,40.7,82.1,5.23,1489,1,0,3.9,19
1/2/2024 20:30,2,Mesofilik,40.7,82,5.27,1403,1,0,3.4,19
1/2/2024 20:35,2,Mesofilik,40.4,82,5.22,1454,1,0,3.7,19
1/2/2024 20:40,2,Mesofilik,40.8,81.8,5.26,1506,1,0,3.9,19
1/2/2024 20:45,2,Mesofilik,40.7,82,5.22,1508,1,0,3.9,19
1/2/2024 20:50,2,Mesofilik,40.4,81.8,5.27,1438,1,0,3.9,19
1/2/2024 20:55,2,Mesofilik,40.7,82.2,5.23,1499,1,0,4.2,19
1/2/2024 21:00,2,Mesofilik,40.5,82.3,5.33,1532,1,0,3.9,19
1/2/2024 21:05,2,Mesofilik,40.5,82,5.27,1423,1,0,4.3,19
1/2/2024 21:10,2,Mesofilik,40.2,82.4,5.29,1339,1,0,3.9,19
1/2/2024 21:15,2,Mesofilik,39.9,82.2,5.3,1405,1,0,3.8,19
1/2/2024 21:20,2,Mesofilik,40.4,81.8,5.24,1571,1,0,4.4,19
1/2/2024 21:25,2,Mesofilik,40.1,82.3,5.31,1394,1,0,3.7,19
1/2/2024 21:30,2,Mesofilik,40.2,82.5,5.29,1384,1,0,4.4,19
1/2/2024 21:35,2,Mesofilik,39.9,81.9,5.29,1579,1,0,4.1,19
1/2/2024 21:40,2,Mesofilik,39.9,82.2,5.28,1500,1,0,3.1,19
1/2/2024 21:45,2,Mesofilik,39.7,82.1,5.24,1487,1,0,3.8,19
1/2/2024 21:50,2,Mesofilik,40,82.6,5.26,1444,1,0,3.8,19
1/2/2024 21:55,2,Mesofilik,39.6,82.2,5.26,1367,1,0,4,19
1/2/2024 22:00,2,Mesofilik,39.7,81.9,5.31,1407,1,0,3.9,19
1/2/2024 22:05,2,Mesofilik,39.6,82.1,5.29,1417,1,0,3.8,19
1/2/2024 22:10,2,Mesofilik,39.4,81.9,5.28,1335,1,0,3.7,19
1/2/2024 22:15,2,Mesofilik,39.3,82.1,5.27,1455,1,0,4,19
1/2/2024 22:20,2,Mesofilik,39.4,82,5.25,1377,1,0,3.7,19
1/2/2024 22:25,2,Mesofilik,39.2,82,5.24,1425,1,0,3.9,19
1/2/2024 22:30,2,Mesofilik,39.3,82.1,5.27,1388,1,0,3.9,19
1/2/2024 22:35,2,Mesofilik,39,82.4,5.23,1434,1,0,4,19
1/2/2024 22:40,2,Mesofilik,39.1,83.1,5.3,1383,1,0,3.9,19
1/2/2024 22:45,2,Mesofilik,38.7,82.2,5.26,1537,1,0,3.7,19
1/2/2024 22:50,2,Mesofilik,38.9,82.1,5.34,1439,1,0,4.5,19
1/2/2024 22:55,2,Mesofilik,38.9,82.5,5.3,1497,1,0,3.3,19
1/2/2024 23:00,2,Mesofilik,38.7,82.6,5.29,1353,1,0,3.9,19
1/2/2024 23:05,2,Mesofilik,38.9,82.7,5.29,1543,1,0,3.8,19
1/2/2024 23:10,2,Mesofilik,38.4,82.1,5.34,1445,1,0,3.9,19
1/2/2024 23:15,2,Mesofilik,38.5,82.9,5.34,1645,1,0,3.9,19
1/2/2024 23:20,2,Mesofilik,38.5,81.9,5.34,1375,1,0,4,19
1/2/2024 23:25,2,Mesofilik,38.3,82.2,5.27,1421,1,0,3.8,19
1/2/2024 23:30,2,Mesofilik,38.3,82.7,5.26,1488,1,0,4.3,19
1/2/2024 23:35,2,Mesofilik,38.2,82.2,5.29,1565,1,0,4,19
1/2/2024 23:40,2,Mesofilik,38.2,82.6,5.26,1526,1,0,4.1,19
1/2/2024 23:45,2,Mesofilik,38.1,82.2,5.27,1515,1,0,4.4,19
1/2/2024 23:50,2,Mesofilik,38,82.6,5.24,1426,1,0,4,19
1/2/2024 23:55,2,Mesofilik,37.9,82.2,5.28,1497,1,0,3.9,19
1/3/2024 0:00,3,Mesofilik,37.7,81.9,5.28,1511,1,0,3.2,18
1/3/2024 0:05,3,Mesofilik,37.9,82.3,5.34,1448,1,0,4.1,18
1/3/2024 0:10,3,Mesofilik,37.9,81.9,5.33,1499,1,0,4.2,18
1/3/2024 0:15,3,Mesofilik,38.4,81.9,5.36,1463,1,0,4.1,18
1/3/2024 0:20,3,Mesofilik,38.1,82.4,5.29,1516,1,0,3.6,18
1/3/2024 0:25,3,Mesofilik,37.9,82.4,5.27,1458,1,0,4.4,18
1/3/2024 0:30,3,Mesofilik,37.6,82.6,5.29,1558,1,0,4.3,18
1/3/2024 0:35,3,Mesofilik,37.9,82.5,5.33,1509,1,0,4.5,18
1/3/2024 0:40,3,Mesofilik,37.5,82.8,5.3,1500,1,0,4.1,18
1/3/2024 0:45,3,Mesofilik,37.6,82.5,5.32,1636,1,0,4.4,18
1/3/2024 0:50,3,Mesofilik,37.6,82.4,5.29,1590,1,0,4.4,18
1/3/2024 0:55,3,Mesofilik,37.6,82.4,5.31,1386,1,0,4,18
1/3/2024 1:00,3,Mesofilik,37.5,82.4,5.33,1506,1,0,4.2,18
1/3/2024 1:05,3,Mesofilik,37.2,82.6,5.23,1510,1,0,3.7,18
1/3/2024 1:10,3,Mesofilik,37.5,82.8,5.33,1651,1,0,3.9,18
1/3/2024 1:15,3,Mesofilik,37.5,82.8,5.31,1624,1,0,3.9,18
1/3/2024 1:20,3,Mesofilik,37.1,82.4,5.3,1453,1,0,4.6,18
1/3/2024 1:25,3,Mesofilik,37.1,82.7,5.31,1396,1,0,4.3,18
1/3/2024 1:30,3,Mesofilik,36.9,82.6,5.28,1705,1,0,4.5,18
1/3/2024 1:35,3,Mesofilik,37.1,83,5.3,1593,1,0,4.3,18
1/3/2024 1:40,3,Mesofilik,37.1,83,5.35,1577,1,0,3.7,18
1/3/2024 1:45,3,Mesofilik,36.9,82.5,5.33,1468,1,0,5,18
1/3/2024 1:50,3,Mesofilik,37.2,82.8,5.33,1545,1,0,4,18
1/3/2024 1:55,3,Mesofilik,37,82.7,5.29,1593,1,0,4.2,18
1/3/2024 2:00,3,Mesofilik,36.7,82.3,5.32,1722,1,0,4.5,18
1/3/2024 2:05,3,Mesofilik,36.7,82.7,5.29,1662,1,0,4.2,18
1/3/2024 2:10,3,Mesofilik,36.9,83,5.3,1468,1,0,4.1,18
1/3/2024 2:15,3,Mesofilik,37,82.1,5.25,1547,1,0,4.5,18
1/3/2024 2:20,3,Mesofilik,37,82.4,5.32,1680,1,0,3.8,18
1/3/2024 2:25,3,Mesofilik,36.8,82.6,5.35,1551,1,0,4.4,18
1/3/2024 2:30,3,Mesofilik,36.5,82.4,5.35,1518,1,0,4.4,18
1/3/2024 2:35,3,Mesofilik,36.9,82.5,5.35,1524,1,0,4.3,18
1/3/2024 2:40,3,Mesofilik,36.9,82.6,5.32,1623,1,0,4.6,18
1/3/2024 2:45,3,Mesofilik,36.5,82.9,5.33,1644,1,0,4.8,18
1/3/2024 2:50,3,Mesofilik,36.6,82.3,5.34,1551,1,0,4.9,18
1/3/2024 2:55,3,Mesofilik,36.6,82.4,5.35,1522,1,0,4.3,18
1/3/2024 3:00,3,Mesofilik,36.8,82.4,5.34,1581,1,0,4,18
1/3/2024 3:05,3,Mesofilik,36.8,83,5.35,1646,1,0,4.7,18
1/3/2024 3:10,3,Mesofilik,36.6,83,5.36,1763,1,0,4.2,18
1/3/2024 3:15,3,Mesofilik,37,82.7,5.37,1655,1,0,4.4,18
1/3/2024 3:20,3,Mesofilik,36.9,82.5,5.29,1552,1,0,4.4,18
1/3/2024 3:25,3,Mesofilik,36.8,82.5,5.39,1490,1,0,4.5,18
1/3/2024 3:30,3,Mesofilik,36.5,82.7,5.35,1684,1,0,4.3,18
1/3/2024 3:35,3,Mesofilik,37,82.8,5.37,1645,1,0,4.7,18
1/3/2024 3:40,3,Mesofilik,36.7,82.7,5.41,1745,1,0,4.3,18
1/3/2024 3:45,3,Mesofilik,36.8,82.1,5.38,1700,1,0,4,18
1/3/2024 3:50,3,Mesofilik,36.6,82.4,5.35,1572,1,0,4.7,18
1/3/2024 3:55,3,Mesofilik,36.9,82.4,5.34,1758,1,0,5.1,18
1/3/2024 4:00,3,Mesofilik,36.8,82.2,5.38,1650,1,0,4.5,18
1/3/2024 4:05,3,Mesofilik,37,81.8,5.4,1689,1,0,4.5,18
1/3/2024 4:10,3,Mesofilik,36.9,82.4,5.31,1808,1,0,4.6,18
1/3/2024 4:15,3,Mesofilik,37,82.7,5.34,1731,1,0,4.5,18
1/3/2024 4:20,3,Mesofilik,37,81.7,5.36,1650,1,0,4.8,18
1/3/2024 4:25,3,Mesofilik,37,82.1,5.35,1694,1,0,4.4,18
1/3/2024 4:30,3,Mesofilik,37.1,82.2,5.28,1678,1,0,4.3,18
1/3/2024 4:35,3,Mesofilik,36.8,81.9,5.37,1819,1,0,4.8,18
1/3/2024 4:40,3,Mesofilik,36.9,82.4,5.36,1662,1,0,4.3,18
1/3/2024 4:45,3,Mesofilik,36.8,82.2,5.38,1715,1,0,4.6,18
1/3/2024 4:50,3,Mesofilik,37,82.5,5.34,1790,1,0,4.4,18
1/3/2024 4:55,3,Mesofilik,37,81.8,5.36,1811,1,0,4.9,18
1/3/2024 5:00,3,Mesofilik,37.3,82.4,5.35,1711,1,0,4.5,18
1/3/2024 5:05,3,Mesofilik,37.4,81.9,5.41,1814,1,0,5.3,18
1/3/2024 5:10,3,Mesofilik,37.2,82.4,5.45,1698,1,0,4.3,18
1/3/2024 5:15,3,Mesofilik,37,82.4,5.33,1723,1,0,4.9,18
1/3/2024 5:20,3,Mesofilik,37.3,82.3,5.39,1860,1,0,4.5,18
1/3/2024 5:25,3,Mesofilik,37.3,81.9,5.41,1835,1,0,4.9,18
1/3/2024 5:30,3,Mesofilik,37.6,81.8,5.44,1890,1,0,5,18
1/3/2024 5:35,3,Mesofilik,37.8,81.6,5.37,1715,1,0,5,18
1/3/2024 5:40,3,Mesofilik,37.4,82.3,5.43,1834,1,0,4.9,18
1/3/2024 5:45,3,Mesofilik,37.5,81.8,5.43,1846,1,0,4.8,18
1/3/2024 5:50,3,Mesofilik,37.6,81.4,5.36,1942,1,0,4.5,18
1/3/2024 5:55,3,Mesofilik,37.8,82.3,5.35,1809,1,0,5.1,18
1/3/2024 6:00,3,Mesofilik,37.8,82.9,5.34,1885,1,0,4.8,18
1/3/2024 6:05,3,Mesofilik,38,82.1,5.37,1824,1,0,4.3,18
1/3/2024 6:10,3,Mesofilik,38,82,5.42,1895,1,0,5,18
1/3/2024 6:15,3,Mesofilik,38,81.7,5.38,1911,1,0,5.3,18
1/3/2024 6:20,3,Mesofilik,38,81.9,5.37,1915,1,0,5.1,18
1/3/2024 6:25,3,Mesofilik,38.4,81.6,5.39,1845,1,0,5.1,18
1/3/2024 6:30,3,Mesofilik,38.1,81.6,5.43,1890,1,0,4.7,18
1/3/2024 6:35,3,Mesofilik,38.5,82.2,5.41,1844,1,0,5.1,18
1/3/2024 6:40,3,Mesofilik,38.2,81.8,5.34,1913,1,0,4.5,18
1/3/2024 6:45,3,Mesofilik,38.6,81.7,5.4,1798,1,0,4.9,18
1/3/2024 6:50,3,Mesofilik,38.7,81,5.45,1881,1,0,4.6,18
1/3/2024 6:55,3,Mesofilik,38.4,82.2,5.38,1767,1,0,5.3,18
1/3/2024 7:00,3,Mesofilik,38.7,81.4,5.42,1783,1,0,5.4,18
1/3/2024 7:05,3,Mesofilik,38.9,81.8,5.42,2012,1,0,5,18
1/3/2024 7:10,3,Mesofilik,38.6,81.8,5.47,1795,1,0,4.9,18
1/3/2024 7:15,3,Mesofilik,38.9,81.6,5.38,1972,1,0,5.8,18
1/3/2024 7:20,3,Mesofilik,39,81.3,5.37,1908,1,0,5.4,18
1/3/2024 7:25,3,Mesofilik,39.1,81.5,5.4,1806,1,0,5.3,18
1/3/2024 7:30,3,Mesofilik,39.3,81.1,5.46,1945,1,0,5.5,18
1/3/2024 7:35,3,Mesofilik,39,81.1,5.41,1945,1,0,5.6,18
1/3/2024 7:40,3,Mesofilik,39.4,81.4,5.39,2008,1,0,4.8,18
1/3/2024 7:45,3,Mesofilik,39.6,81.3,5.47,1970,1,0,5.1,18
1/3/2024 7:50,3,Mesofilik,39.4,81.3,5.44,1928,1,0,5,18
1/3/2024 7:55,3,Mesofilik,39.5,81.4,5.36,1964,1,0,4.9,18
1/3/2024 8:00,3,Mesofilik,39.5,80.8,5.37,1824,1,0,5,18
1/3/2024 8:05,3,Mesofilik,40.1,81.1,5.43,1971,1,0,5.2,18
1/3/2024 8:10,3,Mesofilik,39.8,80.9,5.47,2089,1,0,4.7,18
1/3/2024 8:15,3,Mesofilik,39.8,81.2,5.4,1991,1,0,5,18
1/3/2024 8:20,3,Mesofilik,40.4,81.6,5.44,2038,1,0,5.5,18
1/3/2024 8:25,3,Mesofilik,40.1,80.9,5.43,2030,1,0,5.3,18
1/3/2024 8:30,3,Mesofilik,40,80.9,5.43,1961,1,0,5.8,18
1/3/2024 8:35,3,Mesofilik,40.1,81.3,5.48,2155,1,0,5.1,18
1/3/2024 8:40,3,Mesofilik,40.5,81.2,5.44,1971,1,0,5.4,18
1/3/2024 8:45,3,Mesofilik,40.2,81.3,5.44,1967,1,0,5.9,18
1/3/2024 8:50,3,Mesofilik,40.4,80.9,5.5,1924,1,0,5.1,18
1/3/2024 8:55,3,Mesofilik,40.7,81.2,5.45,1893,1,0,5.1,18
1/3/2024 9:00,3,Mesofilik,40.7,80.9,5.45,2036,1,0,4.8,18
1/3/2024 9:05,3,Mesofilik,41.1,81,5.48,2044,1,0,5.7,18
1/3/2024 9:10,3,Mesofilik,41.1,81.3,5.46,2006,1,0,6,18
1/3/2024 9:15,3,Mesofilik,41.3,81,5.41,1917,1,0,5.4,18
1/3/2024 9:20,3,Mesofilik,41.3,80.6,5.45,2153,1,0,5.6,18
1/3/2024 9:25,3,Mesofilik,41.2,80.7,5.42,2000,1,0,5.2,18
1/3/2024 9:30,3,Mesofilik,41.4,80.4,5.44,1992,1,0,4.5,18
1/3/2024 9:35,3,Mesofilik,41.9,81,5.44,2045,1,0,5,18
1/3/2024 9:40,3,Mesofilik,41.9,81.2,5.46,2131,1,0,5.5,18
1/3/2024 9:45,3,Mesofilik,41.6,80.5,5.46,2018,1,0,5.4,18
1/3/2024 9:50,3,Mesofilik,41.9,80.6,5.46,1976,1,0,5.2,18
1/3/2024 9:55,3,Mesofilik,41.8,80.9,5.39,2159,1,0,5.9,18
1/3/2024 10:00,3,Mesofilik,42,79.8,5.45,2067,1,0,5.2,18
1/3/2024 10:05,3,Mesofilik,42.1,81,5.48,2004,1,0,5,18
1/3/2024 10:10,3,Mesofilik,42.2,80.4,5.47,2041,1,0,5.6,18
1/3/2024 10:15,3,Mesofilik,42.7,80.7,5.46,2075,1,0,5.4,18
1/3/2024 10:20,3,Mesofilik,42.7,80.2,5.46,2100,1,0,5.4,18
1/3/2024 10:25,3,Mesofilik,42.4,80.5,5.46,2142,1,0,5.4,18
1/3/2024 10:30,3,Mesofilik,42.9,80.1,5.52,1968,1,0,5.7,18
1/3/2024 10:35,3,Mesofilik,42.9,80.1,5.48,2216,1,0,4.9,18
1/3/2024 10:40,3,Mesofilik,43,79.5,5.44,2250,1,0,5.4,18
1/3/2024 10:45,3,Mesofilik,42.8,80.2,5.53,1979,1,0,5.3,18
1/3/2024 10:50,3,Mesofilik,43.3,80.8,5.47,2032,1,0,6.2,18
1/3/2024 10:55,3,Mesofilik,43.5,80.4,5.45,2133,1,0,5.5,18
1/3/2024 11:00,3,Mesofilik,43.4,80.6,5.5,2056,1,0,6,18
1/3/2024 11:05,3,Mesofilik,43.5,80.3,5.52,2060,1,0,5.6,18
1/3/2024 11:10,3,Mesofilik,43.4,79.6,5.48,2355,1,0,5.1,18
1/3/2024 11:15,3,Mesofilik,43.6,80.2,5.48,2151,1,0,5.3,18
1/3/2024 11:20,3,Mesofilik,43.8,79.8,5.41,2261,1,0,5.9,18
1/3/2024 11:25,3,Mesofilik,43.8,80,5.51,2190,1,0,5.9,18
1/3/2024 11:30,3,Mesofilik,43.9,80.3,5.49,2193,1,0,5.3,18
1/3/2024 11:35,3,Mesofilik,44.1,79.7,5.46,2118,1,0,5.4,18
1/3/2024 11:40,3,Mesofilik,44.4,80.3,5.54,2091,1,0,5.7,18
1/3/2024 11:45,3,Mesofilik,44,79.6,5.46,2294,1,0,5.6,18
1/3/2024 11:50,3,Mesofilik,44.5,80,5.55,2082,1,0,6.1,18
1/3/2024 11:55,3,Mesofilik,44.6,79.5,5.52,2233,1,0,5.7,18
1/3/2024 12:00,3,Mesofilik,44.4,79.5,5.55,2212,1,0,6,18
1/3/2024 12:05,3,Mesofilik,44.5,79.5,5.52,2110,1,0,5.6,18
1/3/2024 12:10,3,Mesofilik,44.7,79.7,5.48,2255,1,0,6,18
1/3/2024 12:15,3,Mesofilik,44.9,79.4,5.48,2325,1,0,6.1,18
1/3/2024 12:20,3,Mesofilik,44.7,79.7,5.43,2239,1,0,6.4,18
1/3/2024 12:25,3,Mesofilik,44.8,79.3,5.52,2117,1,0,5.6,18
1/3/2024 12:30,3,Mesofilik,45.1,79.4,5.49,2306,1,0,5.9,18
1/3/2024 12:35,3,Mesofilik,45.2,79.4,5.51,2242,1,0,6,18
1/3/2024 12:40,3,Mesofilik,45.1,79.5,5.47,2255,1,0,5.6,18
1/3/2024 12:45,3,Mesofilik,45.1,79.6,5.51,2326,1,0,5.7,18
1/3/2024 12:50,3,Mesofilik,45.4,79.6,5.51,2202,1,0,5.9,18
1/3/2024 12:55,3,Mesofilik,45.5,79.4,5.44,2287,1,0,6.5,18
1/3/2024 13:00,3,Mesofilik,45.5,79.2,5.51,2305,1,0,6.3,18
1/3/2024 13:05,3,Mesofilik,45.4,79.6,5.52,2274,1,0,6,18
1/3/2024 13:10,3,Mesofilik,45.8,79.6,5.47,2356,1,0,5.9,18
1/3/2024 13:15,3,Mesofilik,45.8,79.3,5.5,2392,1,0,5.9,18
1/3/2024 13:20,3,Mesofilik,45.7,79.2,5.51,2400,1,0,6.1,18
1/3/2024 13:25,3,Mesofilik,45.8,80,5.52,2409,1,0,5.9,18
1/3/2024 13:30,3,Mesofilik,46.1,79.5,5.55,2397,1,0,6.2,18
1/3/2024 13:35,3,Mesofilik,46,79,5.52,2393,1,0,5.9,18
1/3/2024 13:40,3,Mesofilik,46.3,79.6,5.49,2256,1,0,6,18
1/3/2024 13:45,3,Mesofilik,46.2,79,5.56,2363,1,0,6,18
1/3/2024 13:50,3,Mesofilik,46,78.7,5.52,2164,1,0,6.3,18
1/3/2024 13:55,3,Mesofilik,46.3,80.1,5.59,2325,1,0,6,18
1/3/2024 14:00,3,Mesofilik,46.5,79.6,5.47,2202,1,0,5.9,18
1/3/2024 14:05,3,Mesofilik,46.5,79.2,5.55,2254,1,0,5.4,18
1/3/2024 14:10,3,Mesofilik,46.6,78.8,5.46,2367,1,0,6.3,18
1/3/2024 14:15,3,Mesofilik,46.5,78.9,5.52,2331,1,0,5.7,18
1/3/2024 14:20,3,Mesofilik,46.5,79.2,5.53,2379,1,0,5.8,18
1/3/2024 14:25,3,Mesofilik,46.6,78.3,5.53,2486,1,0,5.7,18
1/3/2024 14:30,3,Mesofilik,46.6,79.1,5.56,2341,1,0,5.9,18
1/3/2024 14:35,3,Mesofilik,46.5,79,5.59,2404,1,0,6.1,18
1/3/2024 14:40,3,Mesofilik,46.8,78.9,5.5,2453,1,0,6.2,18
1/3/2024 14:45,3,Mesofilik,46.9,78.6,5.57,2445,1,0,6,18
1/3/2024 14:50,3,Mesofilik,47.1,78.7,5.51,2336,1,0,5.6,18
1/3/2024 14:55,3,Mesofilik,47,78.3,5.5,2236,1,0,6.1,18
1/3/2024 15:00,3,Mesofilik,47,78.7,5.5,2313,1,0,6.3,18
1/3/2024 15:05,3,Mesofilik,46.9,78.9,5.51,2427,1,0,6.6,18
1/3/2024 15:10,3,Mesofilik,47.2,78.7,5.54,2398,1,0,6.2,18
1/3/2024 15:15,3,Mesofilik,47.1,78.7,5.54,2343,1,0,5.9,18
1/3/2024 15:20,3,Mesofilik,46.9,78.3,5.5,2440,1,0,6,18
1/3/2024 15:25,3,Mesofilik,47.2,78.8,5.48,2485,1,0,6.5,18
1/3/2024 15:30,3,Mesofilik,47,78.9,5.52,2445,1,0,5.9,18
1/3/2024 15:35,3,Mesofilik,47,78.6,5.54,2410,1,0,5.9,18
1/3/2024 15:40,3,Mesofilik,47.2,78.8,5.54,2461,1,0,6.1,18
1/3/2024 15:45,3,Mesofilik,47.4,78.4,5.56,2546,1,0,6.4,18
1/3/2024 15:50,3,Mesofilik,47.3,78.5,5.58,2343,1,0,6,18
1/3/2024 15:55,3,Mesofilik,47.3,79.1,5.56,2384,1,0,6.2,18
1/3/2024 16:00,3,Mesofilik,47.2,78.5,5.58,2356,1,0,6.8,18
1/3/2024 16:05,3,Mesofilik,47.5,79,5.54,2459,1,0,5.9,18
1/3/2024 16:10,3,Mesofilik,47.3,78.8,5.59,2387,1,0,6.2,18
1/3/2024 16:15,3,Mesofilik,47.4,78.2,5.57,2422,1,0,6.3,18
1/3/2024 16:20,3,Mesofilik,47.3,78.4,5.55,2468,1,0,6.3,18
1/3/2024 16:25,3,Mesofilik,47.3,78.7,5.61,2501,1,0,6.7,18
1/3/2024 16:30,3,Mesofilik,47.2,78.6,5.52,2376,1,0,6.2,18
1/3/2024 16:35,3,Mesofilik,47.6,78.9,5.57,2376,1,0,6.4,18
1/3/2024 16:40,3,Mesofilik,47.5,78.6,5.51,2432,1,0,6.4,18
1/3/2024 16:45,3,Mesofilik,47.5,77.9,5.56,2520,1,0,6.7,18
1/3/2024 16:50,3,Mesofilik,47.5,78.7,5.54,2360,1,0,6.3,18
1/3/2024 16:55,3,Mesofilik,47.6,79,5.59,2552,1,0,6.6,18
1/3/2024 17:00,3,Mesofilik,47.3,78.5,5.62,2446,1,0,7,18
1/3/2024 17:05,3,Mesofilik,47.4,78.9,5.52,2573,1,0,6.3,18
1/3/2024 17:10,3,Mesofilik,47.2,78.6,5.6,2463,1,0,6.1,18
1/3/2024 17:15,3,Mesofilik,47.4,78.5,5.59,2611,1,0,6.5,18
1/3/2024 17:20,3,Mesofilik,47.6,78.6,5.56,2411,1,0,6.4,18
1/3/2024 17:25,3,Mesofilik,47.3,78.8,5.59,2450,1,0,6.6,18
1/3/2024 17:30,3,Mesofilik,47.4,79,5.6,2609,1,0,6.6,18
1/3/2024 17:35,3,Mesofilik,47.4,78.9,5.53,2525,1,0,6.3,18
1/3/2024 17:40,3,Mesofilik,47.4,78.9,5.56,2366,1,0,6.5,18
1/3/2024 17:45,3,Mesofilik,47.4,78.7,5.59,2539,1,0,6.2,18
1/3/2024 17:50,3,Mesofilik,47.3,78.3,5.64,2611,1,0,6.4,18
1/3/2024 17:55,3,Mesofilik,47.1,78.5,5.57,2659,1,0,6.7,18
1/3/2024 18:00,3,Mesofilik,47.1,79.1,5.58,2636,1,0,6.4,18
1/3/2024 18:05,3,Mesofilik,47.2,78.6,5.53,2739,1,0,7,18
1/3/2024 18:10,3,Mesofilik,47.1,78.2,5.59,2589,1,0,6.8,18
1/3/2024 18:15,3,Mesofilik,47.2,78.7,5.63,2632,1,0,6.3,18
1/3/2024 18:20,3,Mesofilik,47.3,79,5.68,2501,1,0,6.7,18
1/3/2024 18:25,3,Mesofilik,46.8,78.7,5.57,2749,1,0,6.5,18
1/3/2024 18:30,3,Mesofilik,46.8,78.4,5.53,2659,1,0,6.1,18
1/3/2024 18:35,3,Mesofilik,47,77.9,5.58,2735,1,0,6.8,18
1/3/2024 18:40,3,Mesofilik,46.8,78.5,5.59,2645,1,0,6.3,18
1/3/2024 18:45,3,Mesofilik,47,77.7,5.57,2572,1,0,6.9,18
1/3/2024 18:50,3,Mesofilik,46.9,78.1,5.56,2631,1,0,6.7,18
1/3/2024 18:55,3,Mesofilik,46.7,78.4,5.62,2578,1,0,6.7,18
1/3/2024 19:00,3,Mesofilik,47.1,78.1,5.54,2686,1,0,6.6,18
1/3/2024 19:05,3,Mesofilik,46.8,78.3,5.59,2755,1,0,7,18
1/3/2024 19:10,3,Mesofilik,46.8,78.1,5.56,2404,1,0,6.6,18
1/3/2024 19:15,3,Mesofilik,46.8,78.7,5.59,2634,1,0,6.6,18
1/3/2024 19:20,3,Mesofilik,46.6,78.8,5.55,2663,1,0,7.1,18
1/3/2024 19:25,3,Mesofilik,46.5,78.8,5.69,2635,1,0,6.9,18
1/3/2024 19:30,3,Mesofilik,46.4,78.6,5.62,2663,1,0,6.5,18
1/3/2024 19:35,3,Mesofilik,46.5,79,5.62,2728,1,0,6.8,18
1/3/2024 19:40,3,Mesofilik,46.5,78.6,5.58,2680,1,0,6.6,18
1/3/2024 19:45,3,Mesofilik,46.2,78.6,5.62,2564,1,0,7.2,18
1/3/2024 19:50,3,Mesofilik,46.4,78.4,5.56,2651,1,0,6.8,18
1/3/2024 19:55,3,Mesofilik,46.2,78.5,5.55,2635,1,0,6.8,18
1/3/2024 20:00,3,Mesofilik,46.3,78.4,5.66,2517,1,0,7.3,18
1/3/2024 20:05,3,Mesofilik,46.1,78.8,5.62,2765,1,0,6.8,18
1/3/2024 20:10,3,Mesofilik,45.9,79,5.61,2696,1,0,7.3,18
1/3/2024 20:15,3,Mesofilik,45.8,78.8,5.6,2671,1,0,7,18
1/3/2024 20:20,3,Mesofilik,45.7,78.4,5.66,2756,1,0,6.9,18
1/3/2024 20:25,3,Mesofilik,45.9,78.5,5.66,2673,1,0,7,18
1/3/2024 20:30,3,Mesofilik,46,78.4,5.67,2571,1,0,7.5,18
1/3/2024 20:35,3,Mesofilik,45.7,78.6,5.56,2660,1,0,6.7,18
1/3/2024 20:40,3,Mesofilik,45.6,78.6,5.65,2717,1,0,7.1,18
1/3/2024 20:45,3,Mesofilik,45.4,78.4,5.68,2646,1,0,7.5,18
1/3/2024 20:50,3,Mesofilik,45.5,78.7,5.66,2810,1,0,7,18
1/3/2024 20:55,3,Mesofilik,45.4,78.7,5.64,2783,1,0,7.1,18
1/3/2024 21:00,3,Mesofilik,45.5,79.2,5.64,2740,1,0,6.6,18
1/3/2024 21:05,3,Mesofilik,44.9,78.8,5.63,2678,1,0,7.1,18
1/3/2024 21:10,3,Mesofilik,45.2,79,5.63,2663,1,0,7.4,18
1/3/2024 21:15,3,Mesofilik,45.2,78.9,5.62,2675,1,0,7.1,18
1/3/2024 21:20,3,Mesofilik,45.1,78.9,5.63,2583,1,0,7,18
1/3/2024 21:25,3,Mesofilik,45.2,78.6,5.63,2813,1,0,6.9,18
1/3/2024 21:30,3,Mesofilik,44.8,78.7,5.62,2660,1,0,7.1,18
1/3/2024 21:35,3,Mesofilik,45,78.7,5.65,2887,1,0,7,18
1/3/2024 21:40,3,Mesofilik,44.9,78.6,5.61,2698,1,0,7,18
1/3/2024 21:45,3,Mesofilik,44.8,79.5,5.62,2716,1,0,7.2,18
1/3/2024 21:50,3,Mesofilik,44.8,78.9,5.68,2558,1,0,6.5,18
1/3/2024 21:55,3,Mesofilik,44.6,79.1,5.6,2516,1,0,7.4,18
1/3/2024 22:00,3,Mesofilik,44.6,78.5,5.61,2682,1,0,7.2,18
1/3/2024 22:05,3,Mesofilik,44.4,78.9,5.56,2695,1,0,6.9,18
1/3/2024 22:10,3,Mesofilik,44.4,78.6,5.67,2619,1,0,7.2,18
1/3/2024 22:15,3,Mesofilik,44.5,79.4,5.63,2797,1,0,6.7,18
1/3/2024 22:20,3,Mesofilik,43.9,79.1,5.65,2869,1,0,6.8,18
1/3/2024 22:25,3,Mesofilik,44.3,79.4,5.66,2800,1,0,7.3,18
1/3/2024 22:30,3,Mesofilik,43.9,79.3,5.63,2822,1,0,6.8,18
1/3/2024 22:35,3,Mesofilik,43.9,79.3,5.64,2902,1,0,7.3,18
1/3/2024 22:40,3,Mesofilik,43.8,79.1,5.64,2845,1,0,7.3,18
1/3/2024 22:45,3,Mesofilik,43.7,78.9,5.72,2833,1,0,7.3,18
1/3/2024 22:50,3,Mesofilik,44.1,78.9,5.66,2710,1,0,7.4,18
1/3/2024 22:55,3,Mesofilik,44,78.6,5.7,2793,1,0,7.1,18
1/3/2024 23:00,3,Mesofilik,43.9,78.8,5.68,2781,1,0,7.3,18
1/3/2024 23:05,3,Mesofilik,43.8,79,5.6,2718,1,0,7.6,18
1/3/2024 23:10,3,Mesofilik,43.6,78.8,5.62,2725,1,0,6.8,18
1/3/2024 23:15,3,Mesofilik,43.5,78.8,5.63,2810,1,0,7.5,18
1/3/2024 23:20,3,Mesofilik,43.8,78.5,5.7,2897,1,0,7.2,18
1/3/2024 23:25,3,Mesofilik,43.5,78.8,5.67,2944,1,0,7.6,18
1/3/2024 23:30,3,Mesofilik,43.4,78.8,5.62,2810,1,0,7.8,18
1/3/2024 23:35,3,Mesofilik,43.1,78.6,5.67,2752,1,0,7.2,18
1/3/2024 23:40,3,Mesofilik,43.2,78.6,5.64,2891,1,0,7.1,18
1/3/2024 23:45,3,Mesofilik,42.9,78.8,5.69,2822,1,0,7.3,18
1/3/2024 23:50,3,Mesofilik,43.1,78.5,5.69,2873,1,0,7.4,18
1/3/2024 23:55,3,Mesofilik,43.2,78.7,5.71,2858,1,0,7.4,18
1/4/2024 0:00,4,Termofilik,43.5,78.7,5.71,2688,1,0,7.3,17
1/4/2024 0:05,4,Termofilik,44,78.6,5.7,2911,1,0,7.4,17
1/4/2024 0:10,4,Termofilik,44.3,78.4,5.7,2793,1,0,7.7,17
1/4/2024 0:15,4,Termofilik,44.1,78.2,5.69,2613,1,0,7.4,17
1/4/2024 0:20,4,Termofilik,44.4,78.8,5.74,2861,1,0,7.4,17
1/4/2024 0:25,4,Termofilik,44.2,78.7,5.63,2705,1,0,7.4,17
1/4/2024 0:30,4,Termofilik,43.9,78.7,5.68,2648,1,0,7.7,17
1/4/2024 0:35,4,Termofilik,44.3,78.8,5.67,2830,1,0,7.8,17
1/4/2024 0:40,4,Termofilik,44.2,78.5,5.69,2880,1,0,7.4,17
1/4/2024 0:45,4,Termofilik,44.5,78.6,5.69,2732,1,0,7.7,17
1/4/2024 0:50,4,Termofilik,43.9,78.6,5.66,2798,1,0,7.9,17
1/4/2024 0:55,4,Termofilik,44.3,78,5.75,2812,1,0,7.4,17
1/4/2024 1:00,4,Termofilik,44.2,78.8,5.67,2806,1,0,7.5,17
1/4/2024 1:05,4,Termofilik,44.1,78.5,5.65,2804,1,0,7.8,17
1/4/2024 1:10,4,Termofilik,44.2,78.9,5.7,2751,1,0,7.9,17
1/4/2024 1:15,4,Termofilik,43.9,78.4,5.67,2882,1,0,8,17
1/4/2024 1:20,4,Termofilik,44.2,79,5.67,2826,1,0,7.7,17
1/4/2024 1:25,4,Termofilik,44.3,78.6,5.69,2843,1,0,8,17
1/4/2024 1:30,4,Termofilik,44,78.7,5.67,2602,1,0,7.8,17
1/4/2024 1:35,4,Termofilik,44.2,78.8,5.64,2776,1,0,7.1,17
1/4/2024 1:40,4,Termofilik,44.3,78.3,5.74,2882,1,0,7.5,17
1/4/2024 1:45,4,Termofilik,43.9,78.8,5.68,2817,1,0,7.6,17
1/4/2024 1:50,4,Termofilik,43.8,78,5.71,2766,1,0,7.6,17
1/4/2024 1:55,4,Termofilik,44.2,79,5.7,2786,1,0,7.9,17
1/4/2024 2:00,4,Termofilik,43.9,78.7,5.72,2870,1,0,7.2,17
1/4/2024 2:05,4,Termofilik,44,78.4,5.71,2857,1,0,8.3,17
1/4/2024 2:10,4,Termofilik,44,78.5,5.74,2845,1,0,8.2,17
1/4/2024 2:15,4,Termofilik,44.2,78.3,5.67,2700,1,0,8,17
1/4/2024 2:20,4,Termofilik,44.3,79.2,5.74,2920,1,0,7.7,17
1/4/2024 2:25,4,Termofilik,44,78.9,5.73,2838,1,0,8,17
1/4/2024 2:30,4,Termofilik,44.2,79,5.75,2876,1,0,8.1,17
1/4/2024 2:35,4,Termofilik,44.2,78.5,5.74,2725,1,0,8.2,17
1/4/2024 2:40,4,Termofilik,44,78.7,5.69,2884,1,0,7.9,17
1/4/2024 2:45,4,Termofilik,43.9,78.7,5.7,2913,1,0,7.9,17
1/4/2024 2:50,4,Termofilik,44.2,78.3,5.7,2809,1,0,8.2,17
1/4/2024 2:55,4,Termofilik,44.4,78.3,5.75,2676,1,0,7.6,17
1/4/2024 3:00,4,Termofilik,44,78.1,5.67,2886,1,0,7.9,17
1/4/2024 3:05,4,Termofilik,44.2,78.7,5.73,2910,1,0,7.9,17
1/4/2024 3:10,4,Termofilik,44,78.8,5.71,2786,1,0,7.9,17
1/4/2024 3:15,4,Termofilik,44.1,78.4,5.74,2892,1,0,7.7,17
1/4/2024 3:20,4,Termofilik,44.1,78.8,5.74,3035,1,0,8.3,17
1/4/2024 3:25,4,Termofilik,44.4,78.1,5.75,2868,1,0,7.8,17
1/4/2024 3:30,4,Termofilik,44.3,78.8,5.74,2806,1,0,8.2,17
1/4/2024 3:35,4,Termofilik,44.2,78.5,5.72,2863,1,0,8.3,17
1/4/2024 3:40,4,Termofilik,44.1,79,5.68,2838,1,0,8.1,17
1/4/2024 3:45,4,Termofilik,44.4,78.4,5.73,2923,1,0,8,17
1/4/2024 3:50,4,Termofilik,44.5,78.7,5.76,2817,1,0,8,17
1/4/2024 3:55,4,Termofilik,44.3,78.1,5.75,2856,1,0,8.3,17
1/4/2024 4:00,4,Termofilik,44.2,78.9,5.71,2921,1,0,8.3,17
1/4/2024 4:05,4,Termofilik,44.3,78.7,5.7,3025,1,0,8.1,17
1/4/2024 4:10,4,Termofilik,44.3,78.3,5.76,2867,1,0,7.9,17
1/4/2024 4:15,4,Termofilik,44.4,78,5.8,2873,1,0,8.4,17
1/4/2024 4:20,4,Termofilik,44.4,78.1,5.74,2986,1,0,8.1,17
1/4/2024 4:25,4,Termofilik,44.6,78.7,5.77,2892,1,0,7.8,17
1/4/2024 4:30,4,Termofilik,44.4,78.4,5.76,2760,1,0,8.2,17
1/4/2024 4:35,4,Termofilik,44.5,78.2,5.79,2973,1,0,8.6,17
1/4/2024 4:40,4,Termofilik,44.5,78.6,5.8,3050,1,0,7.9,17
1/4/2024 4:45,4,Termofilik,44.5,78.2,5.76,3005,1,0,7.9,17
1/4/2024 4:50,4,Termofilik,44.6,77.7,5.79,2915,1,0,8.2,17
1/4/2024 4:55,4,Termofilik,44.5,78.6,5.67,2961,1,0,8.2,17
1/4/2024 5:00,4,Termofilik,44.5,78.8,5.73,3030,1,0,8.3,17
1/4/2024 5:05,4,Termofilik,44.8,78,5.73,3061,1,0,8.4,17
1/4/2024 5:10,4,Termofilik,44.4,78.1,5.77,3047,1,0,8,17
1/4/2024 5:15,4,Termofilik,44.2,78.4,5.72,2825,1,0,7.4,17
1/4/2024 5:20,4,Termofilik,44.6,78.2,5.75,3103,1,0,8.5,17
1/4/2024 5:25,4,Termofilik,45,77.8,5.76,2869,1,0,8.2,17
1/4/2024 5:30,4,Termofilik,44.7,78.3,5.76,3055,1,0,8.5,17
1/4/2024 5:35,4,Termofilik,45.1,78,5.73,3031,1,0,8.1,17
1/4/2024 5:40,4,Termofilik,45,78,5.75,2980,1,0,8.5,17
1/4/2024 5:45,4,Termofilik,44.8,77.9,5.81,2956,1,0,8.3,17
1/4/2024 5:50,4,Termofilik,45,77.6,5.78,2947,1,0,8.6,17
1/4/2024 5:55,4,Termofilik,44.8,78.3,5.8,3107,1,0,8.4,17
1/4/2024 6:00,4,Termofilik,44.9,77.9,5.81,2989,1,0,8.1,17
1/4/2024 6:05,4,Termofilik,45.1,77.8,5.74,2937,1,0,8.2,17
1/4/2024 6:10,4,Termofilik,45,78.1,5.8,3101,1,0,8.3,17
1/4/2024 6:15,4,Termofilik,45,78.2,5.81,3076,1,0,8.3,17
1/4/2024 6:20,4,Termofilik,44.9,77.6,5.79,3120,1,0,8.6,17
1/4/2024 6:25,4,Termofilik,45.1,78.4,5.76,3157,1,0,8.4,17
1/4/2024 6:30,4,Termofilik,45.1,78.1,5.79,3117,1,0,8.5,17
1/4/2024 6:35,4,Termofilik,45.2,78.6,5.81,3154,1,0,8.5,17
1/4/2024 6:40,4,Termofilik,45.4,78.1,5.78,3079,1,0,8.4,17
1/4/2024 6:45,4,Termofilik,44.8,78,5.77,3238,1,0,8.5,17
1/4/2024 6:50,4,Termofilik,44.9,77.9,5.75,3156,1,0,8.6,17
1/4/2024 6:55,4,Termofilik,45.3,77.6,5.78,3017,1,0,8.7,17
1/4/2024 7:00,4,Termofilik,45.5,78,5.78,3167,1,0,9,17
1/4/2024 7:05,4,Termofilik,45.4,77.9,5.75,3073,1,0,8.6,17
1/4/2024 7:10,4,Termofilik,45.6,77.7,5.78,3117,1,0,8.4,17
1/4/2024 7:15,4,Termofilik,45.6,77.3,5.83,3105,1,0,8.8,17
1/4/2024 7:20,4,Termofilik,45.4,78,5.81,3197,1,0,8.3,17
1/4/2024 7:25,4,Termofilik,45.6,77.4,5.78,3257,1,0,8.8,17
1/4/2024 7:30,4,Termofilik,45.7,77.4,5.81,3184,1,0,7.9,17
1/4/2024 7:35,4,Termofilik,45.8,77.7,5.83,3103,1,0,7.7,17
1/4/2024 7:40,4,Termofilik,45.8,77.8,5.74,3121,1,0,9.4,17
1/4/2024 7:45,4,Termofilik,45.7,77.9,5.78,3040,1,0,8.6,17
1/4/2024 7:50,4,Termofilik,45.8,77.5,5.79,3237,1,0,8.6,17
1/4/2024 7:55,4,Termofilik,45.7,77.8,5.74,3060,1,0,8.9,17
1/4/2024 8:00,4,Termofilik,46,77.6,5.76,3176,1,0,8.6,17
1/4/2024 8:05,4,Termofilik,45.7,77.3,5.82,3356,1,0,8.6,17
1/4/2024 8:10,4,Termofilik,46.1,77,5.82,3186,1,0,8.8,17
1/4/2024 8:15,4,Termofilik,46,77.9,5.78,3309,1,0,8.6,17
1/4/2024 8:20,4,Termofilik,46.1,77.4,5.78,3266,1,0,8.7,17
1/4/2024 8:25,4,Termofilik,46.2,77.5,5.83,3350,1,0,8.4,17
1/4/2024 8:30,4,Termofilik,46.3,77.1,5.83,3335,1,0,8.2,17
1/4/2024 8:35,4,Termofilik,46.3,77.3,5.79,3402,1,0,8.6,17
1/4/2024 8:40,4,Termofilik,46.2,77.4,5.83,3291,1,0,9.1,17
1/4/2024 8:45,4,Termofilik,46.4,76.7,5.8,3267,1,0,8.9,17
1/4/2024 8:50,4,Termofilik,46,78.1,5.83,3332,1,0,9.1,17
1/4/2024 8:55,4,Termofilik,46.7,77.6,5.84,3340,1,0,8.8,17
1/4/2024 9:00,4,Termofilik,46.4,77.1,5.8,3230,1,0,8.8,17
1/4/2024 9:05,4,Termofilik,46.3,77.4,5.82,3359,1,0,8.7,17
1/4/2024 9:10,4,Termofilik,47,77.7,5.78,3375,1,0,8.7,17
1/4/2024 9:15,4,Termofilik,46.5,76.8,5.83,3311,1,0,9.1,17
1/4/2024 9:20,4,Termofilik,46.8,77.6,5.8,3413,1,0,9.1,17
1/4/2024 9:25,4,Termofilik,46.7,77,5.87,3402,1,0,9.1,17
1/4/2024 9:30,4,Termofilik,46.7,76.8,5.81,3383,1,0,8.6,17
1/4/2024 9:35,4,Termofilik,46.8,76.7,5.79,3455,1,0,9.1,17
1/4/2024 9:40,4,Termofilik,46.8,76.8,5.8,3381,1,0,9.1,17
1/4/2024 9:45,4,Termofilik,47.1,77,5.79,3441,1,0,8.7,17
1/4/2024 9:50,4,Termofilik,46.9,77.5,5.85,3442,1,0,8.6,17
1/4/2024 9:55,4,Termofilik,47.1,77.4,5.82,3546,1,0,9.3,17
1/4/2024 10:00,4,Termofilik,47.3,77.1,5.85,3561,1,0,9.1,17
1/4/2024 10:05,4,Termofilik,47.1,76.9,5.84,3353,1,0,8.9,17
1/4/2024 10:10,4,Termofilik,47.3,76.3,5.88,3555,1,0,8.8,17
1/4/2024 10:15,4,Termofilik,47.3,77,5.87,3553,1,0,8.6,17
1/4/2024 10:20,4,Termofilik,47.4,76.9,5.84,3426,1,0,9.5,17
1/4/2024 10:25,4,Termofilik,47.5,76.7,5.8,3462,1,0,9.1,17
1/4/2024 10:30,4,Termofilik,47.4,77.3,5.86,3580,1,0,9.1,17
1/4/2024 10:35,4,Termofilik,47.2,76.8,5.87,3507,1,0,9.2,17
1/4/2024 10:40,4,Termofilik,47.4,76.5,5.84,3545,1,0,8.9,17
1/4/2024 10:45,4,Termofilik,47.5,76.6,5.88,3506,1,0,9.5,17
1/4/2024 10:50,4,Termofilik,47.8,76.8,5.81,3372,1,0,8.6,17
1/4/2024 10:55,4,Termofilik,47.4,77.2,5.85,3579,1,0,8.4,17
1/4/2024 11:00,4,Termofilik,47.5,77,5.86,3545,1,0,9.3,17
1/4/2024 11:05,4,Termofilik,48,76.7,5.85,3581,1,0,9.8,17
1/4/2024 11:10,4,Termofilik,47.5,76.9,5.85,3620,1,0,8.9,17
1/4/2024 11:15,4,Termofilik,47.8,76.9,5.94,3648,1,0,8.9,17
1/4/2024 11:20,4,Termofilik,47.8,76.5,5.8,3566,1,0,9.4,17
1/4/2024 11:25,4,Termofilik,47.7,77,5.87,3542,1,0,9.1,17
1/4/2024 11:30,4,Termofilik,48.2,76.9,5.85,3591,1,0,9.2,17
1/4/2024 11:35,4,Termofilik,47.9,76,5.92,3631,1,0,9.3,17
1/4/2024 11:40,4,Termofilik,48.1,76.4,5.85,3499,1,0,9.9,17
1/4/2024 11:45,4,Termofilik,47.9,76.3,5.85,3739,1,0,9.2,17
1/4/2024 11:50,4,Termofilik,48,76.9,5.88,3688,1,0,9.4,17
1/4/2024 11:55,4,Termofilik,48.6,77.2,5.84,3783,1,0,9.4,17
1/4/2024 12:00,4,Termofilik,48.4,76,5.86,3597,1,0,9.5,17
1/4/2024 12:05,4,Termofilik,48.5,75.9,5.86,3760,1,0,9.2,17
1/4/2024 12:10,4,Termofilik,48.5,76.6,5.88,3657,1,0,8.9,17
1/4/2024 12:15,4,Termofilik,48.2,76.6,5.87,3676,1,0,9.2,17
1/4/2024 12:20,4,Termofilik,48.4,76.7,5.86,3589,1,0,9.5,17
1/4/2024 12:25,4,Termofilik,48.4,76.4,5.92,3702,1,0,9.4,17
1/4/2024 12:30,4,Termofilik,48.3,76.3,5.89,3588,1,0,9.4,17
1/4/2024 12:35,4,Termofilik,48.6,76.4,5.9,3747,1,0,9.8,17
1/4/2024 12:40,4,Termofilik,48.5,76.4,5.88,3643,1,0,9.6,17
1/4/2024 12:45,4,Termofilik,49,76.3,5.89,3744,1,0,9.1,17
1/4/2024 12:50,4,Termofilik,48.4,76.1,5.83,3881,1,0,9.3,17
1/4/2024 12:55,4,Termofilik,48.6,76.5,5.84,3691,1,0,9.4,17
1/4/2024 13:00,4,Termofilik,48.9,76.4,5.89,3767,1,0,9.5,17
1/4/2024 13:05,4,Termofilik,48.8,75.9,5.88,3683,1,0,9.4,17
1/4/2024 13:10,4,Termofilik,48.8,77,5.88,3664,1,0,9.4,17
1/4/2024 13:15,4,Termofilik,49,76.7,5.86,3657,1,0,9.7,17
1/4/2024 13:20,4,Termofilik,48.7,76,5.88,3786,1,0,9.7,17
1/4/2024 13:25,4,Termofilik,48.9,76.1,5.88,3811,1,0,9.5,17
1/4/2024 13:30,4,Termofilik,49.1,76.4,5.9,3843,1,0,9,17
1/4/2024 13:35,4,Termofilik,49,76.3,5.91,3759,1,0,9.3,17
1/4/2024 13:40,4,Termofilik,49,76.3,5.92,3789,1,0,9.8,17
1/4/2024 13:45,4,Termofilik,49.1,76,5.88,3888,1,0,9.6,17
1/4/2024 13:50,4,Termofilik,49.5,75.8,5.91,3793,1,0,9.3,17
1/4/2024 13:55,4,Termofilik,49.2,76.1,5.98,3828,1,0,9.2,17
1/4/2024 14:00,4,Termofilik,49.3,75.4,5.89,3851,1,0,9.8,17
1/4/2024 14:05,4,Termofilik,49.4,75.9,5.89,3795,1,0,9.2,17
1/4/2024 14:10,4,Termofilik,49.3,75.6,5.88,3784,1,0,9.7,17
1/4/2024 14:15,4,Termofilik,49.6,75.6,5.84,3860,1,0,9.6,17
1/4/2024 14:20,4,Termofilik,49.4,75.8,5.89,3906,1,0,9.9,17
1/4/2024 14:25,4,Termofilik,49.1,75.8,5.91,3810,1,0,10.1,17
1/4/2024 14:30,4,Termofilik,49.3,75.9,5.92,3843,1,0,9.1,17
1/4/2024 14:35,4,Termofilik,49.4,76.2,5.89,3829,1,0,9.9,17
1/4/2024 14:40,4,Termofilik,49.4,75.7,5.91,3964,1,0,10.4,17
1/4/2024 14:45,4,Termofilik,49.6,76.2,5.89,3827,1,0,9.7,17
1/4/2024 14:50,4,Termofilik,49.5,75.5,5.9,3947,1,0,9.8,17
1/4/2024 14:55,4,Termofilik,49.6,75.9,5.89,3880,1,0,9.3,17
1/4/2024 15:00,4,Termofilik,49.8,75.8,5.9,3853,1,0,10.6,17
1/4/2024 15:05,4,Termofilik,49.4,75.7,5.92,3981,1,0,10,17
1/4/2024 15:10,4,Termofilik,49.9,76,5.88,3918,1,0,9.8,17
1/4/2024 15:15,4,Termofilik,50,75.4,5.95,3959,1,0,10,17
1/4/2024 15:20,4,Termofilik,49.7,75.5,5.94,4002,1,0,10,17
1/4/2024 15:25,4,Termofilik,49.7,75.6,5.87,4021,1,0,9.9,17
1/4/2024 15:30,4,Termofilik,49.6,75.6,5.9,3842,1,0,9.5,17
1/4/2024 15:35,4,Termofilik,49.6,75.6,5.9,3836,1,0,10.4,17
1/4/2024 15:40,4,Termofilik,49.9,75.5,5.93,4005,1,0,10.1,17
1/4/2024 15:45,4,Termofilik,49.7,76,5.9,3870,1,0,10,17
1/4/2024 15:50,4,Termofilik,50,76.5,5.89,4037,1,0,9.7,17
1/4/2024 15:55,4,Termofilik,49.9,75.2,5.89,3924,1,0,9.8,17
1/4/2024 16:00,4,Termofilik,49.7,75.9,5.96,4039,1,0,10.3,17
1/4/2024 16:05,4,Termofilik,49.9,75.3,5.97,3947,1,0,10.1,17
1/4/2024 16:10,4,Termofilik,50.1,75.8,5.88,3927,1,0,10.3,17
1/4/2024 16:15,4,Termofilik,49.9,75.7,5.95,4061,1,0,10,17
1/4/2024 16:20,4,Termofilik,49.9,75.5,5.96,4054,1,0,9.8,17
1/4/2024 16:25,4,Termofilik,50.1,75.6,5.91,3953,1,0,9.6,17
1/4/2024 16:30,4,Termofilik,49.9,76,5.91,4033,1,0,9.7,17
1/4/2024 16:35,4,Termofilik,49.9,75.1,5.93,4007,1,0,10.1,17
1/4/2024 16:40,4,Termofilik,50,75.2,5.97,4043,1,0,10,17
1/4/2024 16:45,4,Termofilik,50,75.4,5.94,4068,1,0,9.4,17
1/4/2024 16:50,4,Termofilik,49.9,75.5,5.95,4130,1,0,9.7,17
1/4/2024 16:55,4,Termofilik,49.9,75.4,5.92,4010,1,0,10.2,17
1/4/2024 17:00,4,Termofilik,49.8,75.7,5.89,3997,1,0,9.9,17
1/4/2024 17:05,4,Termofilik,50.3,75.4,5.88,3885,1,0,10,17
1/4/2024 17:10,4,Termofilik,50.1,75.6,5.95,4142,1,0,9.8,17
1/4/2024 17:15,4,Termofilik,50.1,75,5.92,3908,1,0,9.9,17
1/4/2024 17:20,4,Termofilik,50,75.5,5.95,3981,1,0,10,17
1/4/2024 17:25,4,Termofilik,49.8,75.9,5.94,4020,1,0,10.5,17
1/4/2024 17:30,4,Termofilik,49.8,75.1,5.92,4056,1,0,10.2,17
1/4/2024 17:35,4,Termofilik,50.1,76.2,5.88,4114,1,0,9.9,17
1/4/2024 17:40,4,Termofilik,50,75.3,5.92,4203,1,0,10.3,17
1/4/2024 17:45,4,Termofilik,50,75.9,5.91,3964,1,0,9.4,17
1/4/2024 17:50,4,Termofilik,49.9,75.5,5.96,4086,1,0,9.7,17
1/4/2024 17:55,4,Termofilik,50.2,75.5,5.98,3925,1,0,10.2,17
1/4/2024 18:00,4,Termofilik,49.9,75.3,5.97,4086,1,0,9.9,17
1/4/2024 18:05,4,Termofilik,50.1,75,5.99,4065,1,0,10.5,17
1/4/2024 18:10,4,Termofilik,50,75.3,5.94,4154,1,0,9.9,17
1/4/2024 18:15,4,Termofilik,50.1,75.3,5.9,4041,1,0,9.8,17
1/4/2024 18:20,4,Termofilik,50.1,75.1,5.99,4081,1,0,10.1,17
1/4/2024 18:25,4,Termofilik,50.1,75.7,5.96,4029,1,0,9.7,17
1/4/2024 18:30,4,Termofilik,49.9,75.2,5.97,4065,1,0,10.4,17
1/4/2024 18:35,4,Termofilik,49.9,75.4,6,4122,1,0,10.2,17
1/4/2024 18:40,4,Termofilik,49.9,75.2,5.94,4054,1,0,10.4,17
1/4/2024 18:45,4,Termofilik,50,75,6.02,4125,1,0,9.8,17
1/4/2024 18:50,4,Termofilik,50,75.4,6.02,4012,1,0,10.5,17
1/4/2024 18:55,4,Termofilik,50.2,75.2,5.96,4020,1,0,10.2,17
1/4/2024 19:00,4,Termofilik,50,75.6,6,4045,1,0,9.7,17
1/4/2024 19:05,4,Termofilik,50,75.5,5.98,4080,1,0,10.3,17
1/4/2024 19:10,4,Termofilik,50.2,75.5,5.96,4068,1,0,10.2,17
1/4/2024 19:15,4,Termofilik,50.2,75.3,5.98,4071,1,0,10.6,17
1/4/2024 19:20,4,Termofilik,50.3,75.5,5.98,4114,1,0,9.6,17
1/4/2024 19:25,4,Termofilik,50.1,75.4,5.99,4055,1,0,10.2,17
1/4/2024 19:30,4,Termofilik,49.9,75.7,5.97,4280,1,0,10.5,17
1/4/2024 19:35,4,Termofilik,49.8,75.3,5.96,3939,1,0,10.8,17
1/4/2024 19:40,4,Termofilik,50.1,75.5,5.99,4005,1,0,10.2,17
1/4/2024 19:45,4,Termofilik,50.1,75,5.91,4099,1,0,10.3,17
1/4/2024 19:50,4,Termofilik,50,75.6,6,4139,1,0,10.8,17
1/4/2024 19:55,4,Termofilik,49.7,75.5,6,4020,1,0,10,17
1/4/2024 20:00,4,Termofilik,49.8,75.1,6.01,4071,1,0,10.2,17
1/4/2024 20:05,4,Termofilik,49.8,75.7,5.99,4107,1,0,10.4,17
1/4/2024 20:10,4,Termofilik,50.1,75.1,6.03,4139,1,0,10.4,17
1/4/2024 20:15,4,Termofilik,50.3,75,5.98,4025,1,0,10.7,17
1/4/2024 20:20,4,Termofilik,50.3,75.8,6.03,4108,1,0,10.4,17
1/4/2024 20:25,4,Termofilik,49.7,75.9,6.01,4085,1,0,10.9,17
1/4/2024 20:30,4,Termofilik,49.7,75.4,5.99,4177,1,0,10.5,17
1/4/2024 20:35,4,Termofilik,49.6,75.3,6.03,4124,1,0,10.7,17
1/4/2024 20:40,4,Termofilik,49.7,75.3,5.98,4187,1,0,10.5,17
1/4/2024 20:45,4,Termofilik,49.9,75.6,6.02,4149,1,0,10.2,17
1/4/2024 20:50,4,Termofilik,49.8,75.2,5.99,4098,1,0,10.2,17
1/4/2024 20:55,4,Termofilik,49.5,75.1,6.01,4021,1,0,10.6,17
1/4/2024 21:00,4,Termofilik,50,75.6,6.05,4161,1,0,10.9,17
1/4/2024 21:05,4,Termofilik,49.6,75.1,5.92,4225,1,0,11,17
1/4/2024 21:10,4,Termofilik,49.7,75.2,5.98,4161,1,0,10.9,17
1/4/2024 21:15,4,Termofilik,49.5,75.4,6,4140,1,0,10.7,17
1/4/2024 21:20,4,Termofilik,49.7,75.3,6,4209,1,0,10.7,17
1/4/2024 21:25,4,Termofilik,49.7,74.9,6,4204,1,0,10.6,17
1/4/2024 21:30,4,Termofilik,49.8,75.8,6.04,4140,1,0,10.5,17
1/4/2024 21:35,4,Termofilik,49.3,75.2,6,4164,1,0,10.6,17
1/4/2024 21:40,4,Termofilik,49.6,74.8,5.99,4171,1,0,11.2,17
1/4/2024 21:45,4,Termofilik,49.6,75.4,6.04,4069,1,0,10.8,17
1/4/2024 21:50,4,Termofilik,49.5,75.6,6.02,4158,1,0,10.4,17
1/4/2024 21:55,4,Termofilik,49.7,75.9,5.99,4107,1,0,10.8,17
1/4/2024 22:00,4,Termofilik,49.7,75.1,5.93,4244,1,0,10.9,17
1/4/2024 22:05,4,Termofilik,49.3,75.1,6.07,4251,1,0,11,17
1/4/2024 22:10,4,Termofilik,49.5,75.3,6.02,4226,1,0,10.5,17
1/4/2024 22:15,4,Termofilik,49.4,75.6,6.02,4246,1,0,10.5,17
1/4/2024 22:20,4,Termofilik,49.5,75,6.02,4018,1,0,10.6,17
1/4/2024 22:25,4,Termofilik,49.3,75.5,6.05,3999,1,0,11.2,17
1/4/2024 22:30,4,Termofilik,49.9,75.3,6.01,4363,1,0,10.4,17
1/4/2024 22:35,4,Termofilik,49.6,75.3,6.07,4167,1,0,10.6,17
1/4/2024 22:40,4,Termofilik,49.3,75.2,6,4142,1,0,10.6,17
1/4/2024 22:45,4,Termofilik,49.2,75.7,6.02,4037,1,0,10.8,17
1/4/2024 22:50,4,Termofilik,49.4,74.8,6.04,4056,1,0,11.3,17
1/4/2024 22:55,4,Termofilik,49.5,75.2,6.01,4131,1,0,11,17
1/4/2024 23:00,4,Termofilik,49.4,75.2,6.04,4092,1,0,10.8,17
1/4/2024 23:05,4,Termofilik,49.1,75.6,6.04,4079,1,0,11.4,17
1/4/2024 23:10,4,Termofilik,49.4,75,6.06,4173,1,0,11,17
1/4/2024 23:15,4,Termofilik,49.3,75.4,6.03,4187,1,0,10.3,17
1/4/2024 23:20,4,Termofilik,49.3,75.8,6.02,4095,1,0,10.8,17
1/4/2024 23:25,4,Termofilik,49.2,74.6,6.03,4154,1,0,10.9,17
1/4/2024 23:30,4,Termofilik,49.3,75.3,6.07,4129,1,0,10.8,17
1/4/2024 23:35,4,Termofilik,49.3,75.4,6.09,4095,1,0,11,17
1/4/2024 23:40,4,Termofilik,49.3,75,6.05,4029,1,0,10.4,17
1/4/2024 23:45,4,Termofilik,49.3,75.1,6.05,4145,1,0,10.7,17
1/4/2024 23:50,4,Termofilik,49.3,74.9,6.09,4039,1,0,10.9,17
1/4/2024 23:55,4,Termofilik,49.1,75.4,6.04,4107,1,0,11.2,17
1/5/2024 0:00,5,Termofilik,49.3,75.4,6.02,4037,1,0,11,16
1/5/2024 0:05,5,Termofilik,49.2,75.4,6.05,4167,1,0,10.5,16
1/5/2024 0:10,5,Termofilik,49.5,75.2,6.07,4085,1,0,11.1,16
1/5/2024 0:15,5,Termofilik,49,75.4,6.04,4155,1,0,11.2,16
1/5/2024 0:20,5,Termofilik,49,75,6.07,4322,1,0,11,16
1/5/2024 0:25,5,Termofilik,49.3,75.2,6.11,4015,1,0,11.1,16
1/5/2024 0:30,5,Termofilik,48.9,74.5,6.07,4168,1,0,11,16
1/5/2024 0:35,5,Termofilik,49.2,76.2,6.05,4199,1,0,10.9,16
1/5/2024 0:40,5,Termofilik,49.2,75.2,6.05,4305,1,0,11.5,16
1/5/2024 0:45,5,Termofilik,49.2,74.5,6.05,4377,1,0,11,16
1/5/2024 0:50,5,Termofilik,49.3,75.6,6.07,4095,1,0,10.4,16
1/5/2024 0:55,5,Termofilik,49.3,75,6.07,4064,1,0,11.1,16
1/5/2024 1:00,5,Termofilik,49.2,75.3,6.03,4261,1,0,11,16
1/5/2024 1:05,5,Termofilik,48.9,75.2,6.07,4180,1,0,11.6,16
1/5/2024 1:10,5,Termofilik,49.1,75.2,6.04,4235,1,0,11.2,16
1/5/2024 1:15,5,Termofilik,49.1,74.6,6.11,4073,1,0,11,16
1/5/2024 1:20,5,Termofilik,49.2,74.8,6.03,4003,1,0,11.4,16
1/5/2024 1:25,5,Termofilik,49,76.1,6.04,4101,1,0,11,16
1/5/2024 1:30,5,Termofilik,49.2,75,6.09,4098,1,0,10.8,16
1/5/2024 1:35,5,Termofilik,48.9,74.5,6.06,4155,1,0,11,16
1/5/2024 1:40,5,Termofilik,49.3,75.5,6.07,4038,1,0,11.1,16
1/5/2024 1:45,5,Termofilik,49,75,6.06,4131,1,0,11.1,16
1/5/2024 1:50,5,Termofilik,49,75.2,6.09,4113,1,0,11.6,16
1/5/2024 1:55,5,Termofilik,49,74.7,6.09,4123,1,0,11.4,16
1/5/2024 2:00,5,Termofilik,48.8,75.6,6.1,4071,1,0,10.8,16
1/5/2024 2:05,5,Termofilik,49.4,74.9,6.06,4012,1,0,11.2,16
1/5/2024 2:10,5,Termofilik,49.1,75.3,6.04,4075,1,0,11.5,16
1/5/2024 2:15,5,Termofilik,49.3,74.6,6.12,4202,1,0,11.7,16
1/5/2024 2:20,5,Termofilik,49.1,74.4,6.08,4287,1,0,11.1,16
1/5/2024 2:25,5,Termofilik,49.1,75.1,6,4339,1,0,11.1,16
1/5/2024 2:30,5,Termofilik,49.2,75.1,6.13,4240,1,0,11.3,16
1/5/2024 2:35,5,Termofilik,49,75.3,6.03,4263,1,0,11,16
1/5/2024 2:40,5,Termofilik,49.3,75.1,6.11,4221,1,0,10.9,16
1/5/2024 2:45,5,Termofilik,49,75.3,6.1,4312,1,0,11.5,16
1/5/2024 2:50,5,Termofilik,49,74.8,6.1,4036,1,0,11.9,16
1/5/2024 2:55,5,Termofilik,49.2,75.4,6.05,4324,1,0,12.1,16
1/5/2024 3:00,5,Termofilik,49,75.3,6.1,4105,1,0,11.6,16
1/5/2024 3:05,5,Termofilik,49.3,74.9,6.13,4099,1,0,11,16
1/5/2024 3:10,5,Termofilik,49.2,75,6.08,4300,1,0,11.6,16
1/5/2024 3:15,5,Termofilik,49.3,75,6.12,4204,1,0,12.1,16
1/5/2024 3:20,5,Termofilik,49.1,75.6,6.1,4133,1,0,11.9,16
1/5/2024 3:25,5,Termofilik,49.2,75.3,6.14,4275,1,0,11.3,16
1/5/2024 3:30,5,Termofilik,49.4,75,6.13,4079,1,0,11.6,16
1/5/2024 3:35,5,Termofilik,49.2,75.5,6.12,4275,1,0,11.7,16
1/5/2024 3:40,5,Termofilik,49.1,75.5,6.17,4292,1,0,12,16
1/5/2024 3:45,5,Termofilik,49.2,74.7,6.11,4300,1,0,11.4,16
1/5/2024 3:50,5,Termofilik,49.4,75,6.08,4311,1,0,11.8,16
1/5/2024 3:55,5,Termofilik,49.3,75.3,6.07,4311,1,0,11.2,16
1/5/2024 4:00,5,Termofilik,49.2,74.7,6.08,4235,1,0,11.5,16
1/5/2024 4:05,5,Termofilik,49.5,74.8,6.07,4375,1,0,11.3,16
1/5/2024 4:10,5,Termofilik,49.4,75,6.12,4376,1,0,11.8,16
1/5/2024 4:15,5,Termofilik,49.3,75.5,6.12,4282,1,0,11.9,16
1/5/2024 4:20,5,Termofilik,49.4,75,6.19,4277,1,0,11.5,16
1/5/2024 4:25,5,Termofilik,49.4,75.2,6.07,4146,1,0,11.5,16
1/5/2024 4:30,5,Termofilik,49.2,74.7,6.14,4238,1,0,11.2,16
1/5/2024 4:35,5,Termofilik,49.5,75.1,6.07,4380,1,0,11.9,16
1/5/2024 4:40,5,Termofilik,49.6,75.2,6.19,4291,1,0,11.7,16
1/5/2024 4:45,5,Termofilik,49.5,74.8,6.17,4218,1,0,11.4,16
1/5/2024 4:50,5,Termofilik,49.7,75.1,6.11,4400,1,0,11.8,16
1/5/2024 4:55,5,Termofilik,49.8,74.8,6.16,4548,1,0,11.9,16
1/5/2024 5:00,5,Termofilik,49.6,75,6.12,4534,1,0,11.8,16
1/5/2024 5:05,5,Termofilik,49.6,74.5,6.16,4418,1,0,11.6,16
1/5/2024 5:10,5,Termofilik,49.7,74.3,6.14,4391,1,0,12.3,16
1/5/2024 5:15,5,Termofilik,49.6,74.3,6.11,4254,1,0,12.2,16
1/5/2024 5:20,5,Termofilik,49.9,74.8,6.17,4378,1,0,11.7,16
1/5/2024 5:25,5,Termofilik,49.7,74.6,6.09,4395,1,0,11.8,16
1/5/2024 5:30,5,Termofilik,49.9,74.7,6.13,4310,1,0,11.8,16
1/5/2024 5:35,5,Termofilik,49.9,74.3,6.14,4405,1,0,11.6,16
1/5/2024 5:40,5,Termofilik,49.7,74.7,6.1,4421,1,0,11.6,16
1/5/2024 5:45,5,Termofilik,50,75.3,6.11,4442,1,0,11.6,16
1/5/2024 5:50,5,Termofilik,50,74.2,6.16,4336,1,0,11.8,16
1/5/2024 5:55,5,Termofilik,49.8,74.8,6.12,4457,1,0,11.8,16
1/5/2024 6:00,5,Termofilik,49.9,74.6,6.12,4437,1,0,12.3,16
1/5/2024 6:05,5,Termofilik,49.9,74.9,6.19,4362,1,0,11.5,16
1/5/2024 6:10,5,Termofilik,50.1,74.4,6.2,4437,1,0,11.7,16
1/5/2024 6:15,5,Termofilik,49.9,74.8,6.13,4445,1,0,12.2,16
1/5/2024 6:20,5,Termofilik,50,74.5,6.15,4503,1,0,12.1,16
1/5/2024 6:25,5,Termofilik,50.1,74.5,6.14,4338,1,0,12,16
1/5/2024 6:30,5,Termofilik,50.4,74.2,6.13,4394,1,0,12.2,16
1/5/2024 6:35,5,Termofilik,50.3,74.4,6.13,4478,1,0,11.5,16
1/5/2024 6:40,5,Termofilik,50.3,74.7,6.12,4356,1,0,12.4,16
1/5/2024 6:45,5,Termofilik,50.2,74.7,6.15,4473,1,0,12.1,16
1/5/2024 6:50,5,Termofilik,50.2,74.4,6.15,4388,1,0,12.1,16
1/5/2024 6:55,5,Termofilik,50.3,74.3,6.12,4629,1,0,12.3,16
1/5/2024 7:00,5,Termofilik,50.5,74.2,6.11,4665,1,0,12,16
1/5/2024 7:05,5,Termofilik,50.3,74.4,6.2,4515,1,0,12.4,16
1/5/2024 7:10,5,Termofilik,50.6,74,6.14,4602,1,0,11.2,16
1/5/2024 7:15,5,Termofilik,50.5,73.8,6.15,4509,1,0,11.9,16
1/5/2024 7:20,5,Termofilik,50.5,73.9,6.23,4690,1,0,11.7,16
1/5/2024 7:25,5,Termofilik,50.8,74.1,6.17,4544,1,0,11.9,16
1/5/2024 7:30,5,Termofilik,50.8,74.2,6.15,4453,1,0,11.8,16
1/5/2024 7:35,5,Termofilik,50.4,74.2,6.13,4544,1,0,12.5,16
1/5/2024 7:40,5,Termofilik,50.9,74.2,6.17,4724,1,0,12.3,16
1/5/2024 7:45,5,Termofilik,50.7,73.7,6.18,4649,1,0,11.9,16
1/5/2024 7:50,5,Termofilik,50.9,74,6.17,4392,1,0,12.1,16
1/5/2024 7:55,5,Termofilik,51,73.9,6.18,4539,1,0,12.3,16
1/5/2024 8:00,5,Termofilik,50.9,73.8,6.21,4682,1,0,12,16
1/5/2024 8:05,5,Termofilik,51,74.2,6.2,4481,1,0,12.5,16
1/5/2024 8:10,5,Termofilik,50.9,73.9,6.26,4649,1,0,12.1,16
1/5/2024 8:15,5,Termofilik,50.7,74.4,6.14,4553,1,0,12.1,16
1/5/2024 8:20,5,Termofilik,51.2,74.2,6.18,4667,1,0,12,16
1/5/2024 8:25,5,Termofilik,51.2,74,6.21,4729,1,0,12.4,16
1/5/2024 8:30,5,Termofilik,51.1,74.2,6.18,4573,1,0,12.1,16
1/5/2024 8:35,5,Termofilik,51.3,74.2,6.18,4572,1,0,12.3,16
1/5/2024 8:40,5,Termofilik,51.3,74,6.21,4759,1,0,12.1,16
1/5/2024 8:45,5,Termofilik,51.2,73.6,6.21,4802,1,0,12.2,16
1/5/2024 8:50,5,Termofilik,51.4,74.3,6.2,4730,1,0,11.9,16
1/5/2024 8:55,5,Termofilik,51.5,73.6,6.16,4677,1,0,12.1,16
1/5/2024 9:00,5,Termofilik,51.5,73.4,6.22,4804,1,0,11.7,16
1/5/2024 9:05,5,Termofilik,51.7,73.6,6.22,4717,1,0,12.3,16
1/5/2024 9:10,5,Termofilik,51.6,74.1,6.16,4780,1,0,12.7,16
1/5/2024 9:15,5,Termofilik,51.7,74.4,6.18,4817,1,0,12.3,16
1/5/2024 9:20,5,Termofilik,51.9,73.7,6.18,4854,1,0,12.2,16
1/5/2024 9:25,5,Termofilik,51.5,73.5,6.22,4870,1,0,12.4,16
1/5/2024 9:30,5,Termofilik,52,73.3,6.19,4745,1,0,12.4,16
1/5/2024 9:35,5,Termofilik,51.8,73.9,6.19,4788,1,0,12.4,16
1/5/2024 9:40,5,Termofilik,51.7,73.6,6.2,4773,1,0,12.4,16
1/5/2024 9:45,5,Termofilik,51.9,73.5,6.24,4701,1,0,12.2,16
1/5/2024 9:50,5,Termofilik,52.4,73.3,6.16,4863,1,0,11.8,16
1/5/2024 9:55,5,Termofilik,52.1,74.2,6.16,4655,1,0,12,16
1/5/2024 10:00,5,Termofilik,52.2,73.9,6.19,4877,1,0,12.9,16
1/5/2024 10:05,5,Termofilik,52.4,73.4,6.14,4766,1,0,12.3,16
1/5/2024 10:10,5,Termofilik,52.1,73.4,6.24,4943,1,0,12.4,16
1/5/2024 10:15,5,Termofilik,52.4,73.6,6.21,4922,1,0,12.5,16
1/5/2024 10:20,5,Termofilik,52.6,73,6.2,4849,1,0,12.6,16
1/5/2024 10:25,5,Termofilik,52.5,73.4,6.17,4935,1,0,12.7,16
1/5/2024 10:30,5,Termofilik,52.1,73.4,6.17,4824,1,0,12.3,16
1/5/2024 10:35,5,Termofilik,52.5,73.4,6.18,4957,1,0,12.1,16
1/5/2024 10:40,5,Termofilik,52.5,73.1,6.21,4936,1,0,12.7,16
1/5/2024 10:45,5,Termofilik,52.7,73.3,6.23,4869,1,0,12.6,16
1/5/2024 10:50,5,Termofilik,52.6,73.3,6.17,4940,1,0,12.7,16
1/5/2024 10:55,5,Termofilik,52.5,72.9,6.26,4962,1,0,12.5,16
1/5/2024 11:00,5,Termofilik,52.5,73,6.26,4942,1,0,12.4,16
1/5/2024 11:05,5,Termofilik,52.8,73,6.27,5049,1,0,12.5,16
1/5/2024 11:10,5,Termofilik,52.7,72.4,6.18,4842,1,0,12.7,16
1/5/2024 11:15,5,Termofilik,52.8,72.8,6.22,4999,1,0,12.8,16
1/5/2024 11:20,5,Termofilik,52.6,73.1,6.19,5039,1,0,12.9,16
1/5/2024 11:25,5,Termofilik,52.8,72.9,6.21,4796,1,0,12.8,16
1/5/2024 11:30,5,Termofilik,52.9,73.4,6.2,4935,1,0,12.2,16
1/5/2024 11:35,5,Termofilik,52.9,72.8,6.26,4938,1,0,12.7,16
1/5/2024 11:40,5,Termofilik,53,72.7,6.23,5050,1,0,12.3,16
1/5/2024 11:45,5,Termofilik,53.2,72.8,6.22,5054,1,0,12.5,16
1/5/2024 11:50,5,Termofilik,53.2,72.9,6.24,4829,1,0,12.2,16
1/5/2024 11:55,5,Termofilik,53.3,73.3,6.21,5009,1,0,12.8,16
1/5/2024 12:00,5,Termofilik,53.4,72.4,6.21,5010,1,0,13,16
1/5/2024 12:05,5,Termofilik,53.7,72.9,6.2,5078,1,0,13.2,16
1/5/2024 12:10,5,Termofilik,53.4,72.7,6.27,5107,1,0,12.5,16
1/5/2024 12:15,5,Termofilik,53.4,73.2,6.28,5057,1,0,12.7,16
1/5/2024 12:20,5,Termofilik,53.6,72.6,6.26,4961,1,0,13.1,16
1/5/2024 12:25,5,Termofilik,53.4,73.3,6.26,4981,1,0,13.2,16
1/5/2024 12:30,5,Termofilik,53.7,73.1,6.22,5063,1,0,12.9,16
1/5/2024 12:35,5,Termofilik,53.5,73.4,6.25,4879,1,0,12.9,16
1/5/2024 12:40,5,Termofilik,53.6,72.8,6.24,5168,1,0,13.2,16
1/5/2024 12:45,5,Termofilik,53.7,72.7,6.25,5113,1,0,12.6,16
1/5/2024 12:50,5,Termofilik,53.8,72.9,6.3,5220,1,0,12.7,16
1/5/2024 12:55,5,Termofilik,53.9,72.5,6.27,5086,1,0,12.6,16
1/5/2024 13:00,5,Termofilik,53.8,71.9,6.2,5122,1,0,12.9,16
1/5/2024 13:05,5,Termofilik,53.8,72.3,6.23,5175,1,0,13.1,16
1/5/2024 13:10,5,Termofilik,53.8,73.1,6.27,5091,1,0,12.8,16
1/5/2024 13:15,5,Termofilik,53.7,72.7,6.29,5214,1,0,13.4,16
1/5/2024 13:20,5,Termofilik,53.9,73.1,6.25,5284,1,0,12.9,16
1/5/2024 13:25,5,Termofilik,54.1,73.1,6.25,5192,1,0,13.3,16
1/5/2024 13:30,5,Termofilik,54,72.2,6.33,5144,1,0,13,16
1/5/2024 13:35,5,Termofilik,54.2,72.4,6.23,5209,1,0,12.4,16
1/5/2024 13:40,5,Termofilik,54,72.7,6.26,5073,1,0,13.5,16
1/5/2024 13:45,5,Termofilik,54.1,73,6.26,5133,1,0,13.1,16
1/5/2024 13:50,5,Termofilik,54.1,72.2,6.31,5161,1,0,12.5,16
1/5/2024 13:55,5,Termofilik,54.4,72.4,6.25,5077,1,0,13.6,16
1/5/2024 14:00,5,Termofilik,54,72.5,6.3,5259,1,0,13,16
1/5/2024 14:05,5,Termofilik,54,72.3,6.28,5169,1,0,13.1,16
1/5/2024 14:10,5,Termofilik,54.4,72.8,6.23,5414,1,0,13.3,16
1/5/2024 14:15,5,Termofilik,54.3,72.8,6.34,5130,1,0,13,16
1/5/2024 14:20,5,Termofilik,54,72.5,6.28,5249,1,0,12.9,16
1/5/2024 14:25,5,Termofilik,54,72.6,6.32,5211,1,0,13.2,16
1/5/2024 14:30,5,Termofilik,54.1,72.6,6.26,5204,1,0,12.9,16
1/5/2024 14:35,5,Termofilik,54.3,72.5,6.24,5240,1,0,13.1,16
1/5/2024 14:40,5,Termofilik,54.3,72.9,6.25,5224,1,0,12.8,16
1/5/2024 14:45,5,Termofilik,54.8,72.5,6.25,5372,1,0,13.2,16
1/5/2024 14:50,5,Termofilik,54.6,72.3,6.26,5317,1,0,13,16
1/5/2024 14:55,5,Termofilik,54.8,72,6.33,5287,1,0,13.3,16
1/5/2024 15:00,5,Termofilik,54.7,72.1,6.31,5085,1,0,13,16
1/5/2024 15:05,5,Termofilik,54.5,71.9,6.28,5339,1,0,13.4,16
1/5/2024 15:10,5,Termofilik,54.7,72.1,6.3,5324,1,0,13.5,16
1/5/2024 15:15,5,Termofilik,54.8,72.3,6.26,5267,1,0,13.1,16
1/5/2024 15:20,5,Termofilik,54.6,72.4,6.31,5321,1,0,13.2,16
1/5/2024 15:25,5,Termofilik,54.7,72.1,6.26,5190,1,0,13,16
1/5/2024 15:30,5,Termofilik,54.8,72,6.29,5373,1,0,13.4,16
1/5/2024 15:35,5,Termofilik,54.6,72.5,6.33,5251,1,0,13,16
1/5/2024 15:40,5,Termofilik,54.9,72.2,6.23,5234,1,0,13.2,16
1/5/2024 15:45,5,Termofilik,54.6,72.1,6.3,5468,1,0,13.2,16
1/5/2024 15:50,5,Termofilik,55,72.6,6.34,5379,1,0,12.7,16
1/5/2024 15:55,5,Termofilik,54.9,72.5,6.3,5501,1,0,13.6,16
1/5/2024 16:00,5,Termofilik,54.9,72.5,6.31,5167,1,0,13.2,16
1/5/2024 16:05,5,Termofilik,55,71.9,6.29,5287,1,0,13.9,16
1/5/2024 16:10,5,Termofilik,55.1,71.9,6.31,5321,1,1,13.5,16
1/5/2024 16:15,5,Termofilik,55,72.4,6.31,5615,1,0,13.1,16
1/5/2024 16:20,5,Termofilik,54.6,72,6.26,5265,1,0,13.1,16
1/5/2024 16:25,5,Termofilik,54.8,71.8,6.32,5348,1,0,13.3,16
1/5/2024 16:30,5,Termofilik,55.1,71.9,6.3,5422,1,1,12.8,16
1/5/2024 16:35,5,Termofilik,54.6,72.2,6.32,5562,1,0,13.5,16
1/5/2024 16:40,5,Termofilik,55,72,6.32,5535,1,0,12.8,16
1/5/2024 16:45,5,Termofilik,55,72.7,6.32,5537,1,0,13.3,16
1/5/2024 16:50,5,Termofilik,55,72.1,6.25,5316,1,0,13.1,16
1/5/2024 16:55,5,Termofilik,55.1,72.3,6.32,5479,1,1,13.4,16
1/5/2024 17:00,5,Termofilik,55.2,72,6.32,5395,1,1,13.7,16
1/5/2024 17:05,5,Termofilik,54.9,72.3,6.28,5332,1,0,13.7,16
1/5/2024 17:10,5,Termofilik,55,71.9,6.34,5375,1,0,13.4,16
1/5/2024 17:15,5,Termofilik,55.2,72.5,6.37,5405,1,1,13.9,16
1/5/2024 17:20,5,Termofilik,54.9,71.7,6.25,5564,1,0,13.3,16
1/5/2024 17:25,5,Termofilik,55,71.7,6.34,5404,1,0,13.1,16
1/5/2024 17:30,5,Termofilik,55.1,71.6,6.3,5268,1,1,13.1,16
1/5/2024 17:35,5,Termofilik,55.1,71.4,6.28,5440,1,1,13.4,16
1/5/2024 17:40,5,Termofilik,55.3,72.5,6.3,5487,1,1,13.8,16
1/5/2024 17:45,5,Termofilik,55,71.5,6.33,5432,1,0,13.5,16
1/5/2024 17:50,5,Termofilik,55.1,71.7,6.29,5457,1,1,13.7,16
1/5/2024 17:55,5,Termofilik,54.9,72.2,6.28,5405,1,0,13.5,16
1/5/2024 18:00,5,Termofilik,55,71.8,6.39,5386,1,0,14.4,16
1/5/2024 18:05,5,Termofilik,55.1,72,6.35,5659,1,1,13.3,16
1/5/2024 18:10,5,Termofilik,54.9,71.7,6.33,5321,1,0,13.7,16
1/5/2024 18:15,5,Termofilik,55.3,72,6.33,5412,1,1,13.9,16
1/5/2024 18:20,5,Termofilik,54.9,72.5,6.39,5484,1,0,13.7,16
1/5/2024 18:25,5,Termofilik,55.2,72.2,6.31,5424,1,1,13.3,16
1/5/2024 18:30,5,Termofilik,55.1,72.1,6.3,5432,1,1,13.3,16
1/5/2024 18:35,5,Termofilik,54.9,72.1,6.32,5446,1,0,13.2,16
1/5/2024 18:40,5,Termofilik,55.1,71.9,6.32,5457,1,1,13.8,16
1/5/2024 18:45,5,Termofilik,54.9,71.4,6.4,5423,1,0,13.7,16
1/5/2024 18:50,5,Termofilik,55.2,72.9,6.31,5512,1,1,13.5,16
1/5/2024 18:55,5,Termofilik,54.9,71.7,6.31,5474,1,0,13.3,16
1/5/2024 19:00,5,Termofilik,55.2,71.9,6.36,5442,1,1,13.7,16
1/5/2024 19:05,5,Termofilik,55.1,71.5,6.34,5412,1,1,13.5,16
1/5/2024 19:10,5,Termofilik,54.7,72.3,6.33,5576,1,0,14.1,16
1/5/2024 19:15,5,Termofilik,54.8,71.5,6.43,5624,1,0,13.8,16
1/5/2024 19:20,5,Termofilik,55,71.7,6.37,5428,1,0,13.2,16
1/5/2024 19:25,5,Termofilik,54.8,71.9,6.32,5482,1,0,13.5,16
1/5/2024 19:30,5,Termofilik,54.9,72.1,6.36,5488,1,0,14.1,16
1/5/2024 19:35,5,Termofilik,55,72.3,6.34,5455,1,0,13.5,16
1/5/2024 19:40,5,Termofilik,54.9,72.1,6.4,5568,1,0,13.3,16
1/5/2024 19:45,5,Termofilik,55.1,71.3,6.39,5463,1,1,14.1,16
1/5/2024 19:50,5,Termofilik,54.7,72.2,6.32,5440,1,0,13.6,16
1/5/2024 19:55,5,Termofilik,54.7,71.9,6.42,5708,1,0,13.9,16
1/5/2024 20:00,5,Termofilik,55.1,71.9,6.38,5468,1,1,14,16
1/5/2024 20:05,5,Termofilik,55,71.7,6.36,5492,1,0,14.2,16
1/5/2024 20:10,5,Termofilik,54.7,71.8,6.42,5590,1,0,14.3,16
1/5/2024 20:15,5,Termofilik,54.9,71.9,6.4,5623,1,0,13.4,16
1/5/2024 20:20,5,Termofilik,54.7,72.2,6.36,5445,1,0,13.6,16
1/5/2024 20:25,5,Termofilik,54.8,71.4,6.43,5498,1,0,14,16
1/5/2024 20:30,5,Termofilik,54.9,72.1,6.4,5586,1,0,13.8,16
1/5/2024 20:35,5,Termofilik,54.8,72,6.36,5501,1,0,14.1,16
1/5/2024 20:40,5,Termofilik,54.9,71.3,6.39,5483,1,0,14.2,16
1/5/2024 20:45,5,Termofilik,54.9,72.3,6.41,5610,1,0,14.5,16
1/5/2024 20:50,5,Termofilik,54.8,71.8,6.4,5562,1,0,13.9,16
1/5/2024 20:55,5,Termofilik,54.8,71.8,6.35,5607,1,0,14.1,16
1/5/2024 21:00,5,Termofilik,55.1,71.3,6.36,5507,1,1,14.4,16
1/5/2024 21:05,5,Termofilik,54.9,71.9,6.35,5412,1,0,14.2,16
1/5/2024 21:10,5,Termofilik,54.5,71.6,6.4,5427,1,0,14.6,16
1/5/2024 21:15,5,Termofilik,54.9,71.3,6.35,5323,1,0,13.9,16
1/5/2024 21:20,5,Termofilik,54.8,71.7,6.4,5385,1,0,14.4,16
1/5/2024 21:25,5,Termofilik,54.6,71.8,6.38,5405,1,0,13.8,16
1/5/2024 21:30,5,Termofilik,54.8,71.9,6.42,5533,1,0,14.2,16
1/5/2024 21:35,5,Termofilik,54.4,71.7,6.39,5664,1,0,14.4,16
1/5/2024 21:40,5,Termofilik,54.9,72,6.37,5518,1,0,14.2,16
1/5/2024 21:45,5,Termofilik,54.5,71.7,6.38,5637,1,0,13.5,16
1/5/2024 21:50,5,Termofilik,54.8,71.5,6.35,5603,1,0,14.4,16
1/5/2024 21:55,5,Termofilik,54.8,72,6.45,5554,1,0,14.1,16
1/5/2024 22:00,5,Termofilik,54.6,72.2,6.37,5458,1,0,14.1,16
1/5/2024 22:05,5,Termofilik,54.3,71.8,6.34,5515,1,0,14.5,16
1/5/2024 22:10,5,Termofilik,54.5,72.3,6.35,5606,1,0,14.4,16
1/5/2024 22:15,5,Termofilik,54.3,72.6,6.4,5441,1,0,13.8,16
1/5/2024 22:20,5,Termofilik,54.5,71.7,6.4,5488,1,0,14.4,16
1/5/2024 22:25,5,Termofilik,54.4,71.2,6.4,5323,1,0,14.4,16
1/5/2024 22:30,5,Termofilik,54.3,71.8,6.44,5437,1,0,14.6,16
1/5/2024 22:35,5,Termofilik,54.4,72.3,6.39,5446,1,0,14.5,16
1/5/2024 22:40,5,Termofilik,54.4,71.5,6.39,5510,1,0,14.7,16
1/5/2024 22:45,5,Termofilik,54.2,71.8,6.42,5529,1,0,14.7,16
1/5/2024 22:50,5,Termofilik,54.4,71.7,6.42,5522,1,0,14.2,16
1/5/2024 22:55,5,Termofilik,54.5,71.6,6.39,5473,1,0,14.7,16
1/5/2024 23:00,5,Termofilik,53.9,71.9,6.41,5381,1,0,14.4,16
1/5/2024 23:05,5,Termofilik,54.3,72,6.33,5625,1,0,14.1,16
1/5/2024 23:10,5,Termofilik,54.5,72,6.39,5569,1,0,14.3,16
1/5/2024 23:15,5,Termofilik,54.1,72.1,6.39,5449,1,0,14.3,16
1/5/2024 23:20,5,Termofilik,54.4,71.8,6.43,5411,1,0,14.2,16
1/5/2024 23:25,5,Termofilik,54.3,72.3,6.41,5605,1,0,14.4,16
1/5/2024 23:30,5,Termofilik,54.2,71.7,6.41,5568,1,0,14.8,16
1/5/2024 23:35,5,Termofilik,54.4,72.1,6.39,5487,1,0,14.2,16
1/5/2024 23:40,5,Termofilik,54.3,71.7,6.44,5446,1,0,14.5,16
1/5/2024 23:45,5,Termofilik,54.4,71.1,6.48,5499,1,0,13.9,16
1/5/2024 23:50,5,Termofilik,54.3,71.8,6.42,5602,1,0,14.7,16
1/5/2024 23:55,5,Termofilik,54.3,71.9,6.42,5666,1,0,14,16
1/6/2024 0:00,6,Termofilik,54.3,71.8,6.45,5457,1,0,14,15
1/6/2024 0:05,6,Termofilik,54.3,71.8,6.47,5424,1,0,14.9,15
1/6/2024 0:10,6,Termofilik,54.6,71.6,6.39,5494,1,0,14.5,15
1/6/2024 0:15,6,Termofilik,54.4,71.6,6.48,5439,1,0,14,15
1/6/2024 0:20,6,Termofilik,54.4,71.1,6.42,5778,1,0,14.5,15
1/6/2024 0:25,6,Termofilik,54,71.7,6.43,5543,1,0,14.8,15
1/6/2024 0:30,6,Termofilik,54,72.2,6.44,5590,1,0,14.4,15
1/6/2024 0:35,6,Termofilik,54.4,71.7,6.44,5458,1,0,14.3,15
1/6/2024 0:40,6,Termofilik,54.3,71.6,6.41,5483,1,0,14.8,15
1/6/2024 0:45,6,Termofilik,54.1,71.7,6.44,5382,1,0,14.2,15
1/6/2024 0:50,6,Termofilik,54.2,71.5,6.47,5614,1,0,14.8,15
1/6/2024 0:55,6,Termofilik,54.4,71.7,6.46,5492,1,0,15.4,15
1/6/2024 1:00,6,Termofilik,54.4,71.7,6.45,5649,1,0,14.6,15
1/6/2024 1:05,6,Termofilik,54,72,6.44,5557,1,0,14.4,15
1/6/2024 1:10,6,Termofilik,53.9,71.8,6.47,5526,1,0,15.1,15
1/6/2024 1:15,6,Termofilik,54,71.4,6.44,5539,1,0,14.9,15
1/6/2024 1:20,6,Termofilik,54,72.1,6.5,5545,1,0,15.1,15
1/6/2024 1:25,6,Termofilik,54,72,6.48,5619,1,0,14.7,15
1/6/2024 1:30,6,Termofilik,53.7,71.5,6.43,5474,1,0,14.8,15
1/6/2024 1:35,6,Termofilik,53.9,71.4,6.42,5497,1,0,15.1,15
1/6/2024 1:40,6,Termofilik,54,71.5,6.44,5583,1,0,14.9,15
1/6/2024 1:45,6,Termofilik,53.7,72,6.5,5474,1,0,14.5,15
1/6/2024 1:50,6,Termofilik,53.9,71.4,6.46,5405,1,0,14.4,15
1/6/2024 1:55,6,Termofilik,54.3,71.4,6.49,5592,1,0,14.2,15
1/6/2024 2:00,6,Termofilik,54.2,71.6,6.44,5585,1,0,14.9,15
1/6/2024 2:05,6,Termofilik,54.2,72,6.47,5458,1,0,14.7,15
1/6/2024 2:10,6,Termofilik,54.6,71.8,6.53,5683,1,0,14.9,15
1/6/2024 2:15,6,Termofilik,54.3,71.6,6.41,5575,1,0,15.2,15
1/6/2024 2:20,6,Termofilik,54,71.7,6.49,5504,1,0,14.7,15
1/6/2024 2:25,6,Termofilik,54,71.4,6.42,5508,1,0,15.3,15
1/6/2024 2:30,6,Termofilik,54,71.6,6.45,5677,1,0,15.3,15
1/6/2024 2:35,6,Termofilik,54.3,71.7,6.46,5491,1,0,15.5,15
1/6/2024 2:40,6,Termofilik,54,71.8,6.5,5545,1,0,15.2,15
1/6/2024 2:45,6,Termofilik,54.3,72.1,6.45,5490,1,0,14.7,15
1/6/2024 2:50,6,Termofilik,54.2,71.6,6.46,5443,1,0,15.1,15
1/6/2024 2:55,6,Termofilik,54.5,71.7,6.49,5645,1,0,15,15
1/6/2024 3:00,6,Termofilik,54.3,71.7,6.46,5540,1,0,14.9,15
1/6/2024 3:05,6,Termofilik,54.2,71.4,6.48,5642,1,0,15.2,15
1/6/2024 3:10,6,Termofilik,54.4,71.5,6.44,5583,1,0,15,15
1/6/2024 3:15,6,Termofilik,53.9,71.9,6.48,5645,1,0,15.4,15
1/6/2024 3:20,6,Termofilik,54.1,71.7,6.47,5604,1,0,14.8,15
1/6/2024 3:25,6,Termofilik,54.5,71.4,6.5,5473,1,0,15.4,15
1/6/2024 3:30,6,Termofilik,54.4,71.5,6.47,5659,1,0,15.7,15
1/6/2024 3:35,6,Termofilik,54,71.7,6.45,5629,1,0,14.9,15
1/6/2024 3:40,6,Termofilik,54.2,71.5,6.45,5718,1,0,14.5,15
1/6/2024 3:45,6,Termofilik,54.4,71.4,6.45,5656,1,0,14.6,15
1/6/2024 3:50,6,Termofilik,54.3,71,6.5,5570,1,0,14.9,15
1/6/2024 3:55,6,Termofilik,54.4,71.2,6.48,5528,1,0,15.3,15
1/6/2024 4:00,6,Termofilik,54.6,72.3,6.49,5717,1,0,14.5,15
1/6/2024 4:05,6,Termofilik,54.6,71.6,6.47,5757,1,0,15,15
1/6/2024 4:10,6,Termofilik,54.3,71.5,6.46,5745,1,0,14.8,15
1/6/2024 4:15,6,Termofilik,54.2,71.1,6.51,5619,1,0,14.7,15
1/6/2024 4:20,6,Termofilik,54.3,71.4,6.46,5581,1,0,15.8,15
1/6/2024 4:25,6,Termofilik,54.3,71.3,6.48,5645,1,0,15.3,15
1/6/2024 4:30,6,Termofilik,54.6,71.2,6.46,5786,1,0,15.1,15
1/6/2024 4:35,6,Termofilik,54.7,70.7,6.5,5843,1,0,15.1,15
1/6/2024 4:40,6,Termofilik,54.5,71.4,6.48,5670,1,0,15.1,15
1/6/2024 4:45,6,Termofilik,54.4,71.7,6.51,5721,1,0,15.4,15
1/6/2024 4:50,6,Termofilik,54.5,71.1,6.48,5706,1,0,14.9,15
1/6/2024 4:55,6,Termofilik,54.5,71.1,6.57,5490,1,0,15.2,15
1/6/2024 5:00,6,Termofilik,54.9,71.3,6.53,5726,1,0,15,15
1/6/2024 5:05,6,Termofilik,54.3,71.3,6.48,5660,1,0,15.1,15
1/6/2024 5:10,6,Termofilik,54.9,71.9,6.51,5693,1,0,14.9,15
1/6/2024 5:15,6,Termofilik,54.7,71.7,6.5,5546,1,0,15.5,15
1/6/2024 5:20,6,Termofilik,54.8,70.7,6.51,5778,1,0,15.3,15
1/6/2024 5:25,6,Termofilik,54.6,71.5,6.5,5630,1,0,14.7,15
1/6/2024 5:30,6,Termofilik,54.9,71.3,6.51,5720,1,0,15.1,15
1/6/2024 5:35,6,Termofilik,54.6,71,6.45,5702,1,0,15.2,15
1/6/2024 5:40,6,Termofilik,54.9,71.1,6.54,5876,1,0,15.6,15
1/6/2024 5:45,6,Termofilik,54.9,71.1,6.49,5834,1,0,15.8,15
1/6/2024 5:50,6,Termofilik,54.9,71.7,6.47,5689,1,0,15.6,15
1/6/2024 5:55,6,Termofilik,55,71.5,6.52,5719,1,0,15.3,15
1/6/2024 6:00,6,Termofilik,54.7,70.7,6.55,5865,1,0,15.5,15
1/6/2024 6:05,6,Termofilik,54.7,70.9,6.48,5896,1,0,15.2,15
1/6/2024 6:10,6,Termofilik,54.8,71,6.5,5928,1,0,15.2,15
1/6/2024 6:15,6,Termofilik,54.8,70.4,6.52,5771,1,0,15,15
1/6/2024 6:20,6,Termofilik,55.3,71.2,6.52,5933,1,1,15.6,15
1/6/2024 6:25,6,Termofilik,55,70.7,6.55,5863,1,0,15.5,15
1/6/2024 6:30,6,Termofilik,55,71.1,6.5,5830,1,0,15.9,15
1/6/2024 6:35,6,Termofilik,55.1,70.5,6.5,5925,1,1,15.5,15
1/6/2024 6:40,6,Termofilik,55.2,70.8,6.54,5785,1,1,15.6,15
1/6/2024 6:45,6,Termofilik,55.2,70.6,6.51,5831,1,1,15.5,15
1/6/2024 6:50,6,Termofilik,55.4,69.8,6.51,5837,1,1,15.9,15
1/6/2024 6:55,6,Termofilik,55.2,70.9,6.58,5771,1,1,15.6,15
1/6/2024 7:00,6,Termofilik,55.3,70.7,6.51,5826,1,1,16.3,15
1/6/2024 7:05,6,Termofilik,55.6,71.1,6.55,5764,1,1,15.7,15
1/6/2024 7:10,6,Termofilik,55.6,70.5,6.57,5956,1,1,16.1,15
1/6/2024 7:15,6,Termofilik,55.5,70.4,6.53,6023,1,1,15,15
1/6/2024 7:20,6,Termofilik,55.3,70.8,6.53,5917,1,1,15.9,15
1/6/2024 7:25,6,Termofilik,55.5,70.2,6.6,5844,1,1,15.3,15
1/6/2024 7:30,6,Termofilik,55.8,70.6,6.54,5971,1,1,15.9,15
1/6/2024 7:35,6,Termofilik,55.6,71.1,6.48,6001,1,1,15.4,15
1/6/2024 7:40,6,Termofilik,55.9,70.7,6.52,6002,1,1,15.9,15
1/6/2024 7:45,6,Termofilik,55.9,70.3,6.53,5957,1,1,15.6,15
1/6/2024 7:50,6,Termofilik,55.9,70,6.56,5943,1,1,15.4,15
1/6/2024 7:55,6,Termofilik,55.8,70.5,6.44,5918,1,1,15.4,15
1/6/2024 8:00,6,Termofilik,56,70.3,6.54,6106,1,1,16,15
1/6/2024 8:05,6,Termofilik,56.1,70.4,6.57,5973,1,1,15.6,15
1/6/2024 8:10,6,Termofilik,56.1,70.4,6.6,5987,1,1,15.9,15
1/6/2024 8:15,6,Termofilik,56.3,70.8,6.51,6044,1,1,16,15
1/6/2024 8:20,6,Termofilik,56.2,70.2,6.54,6097,1,1,15.5,15
1/6/2024 8:25,6,Termofilik,56.1,70.9,6.56,5968,1,1,15.5,15
1/6/2024 8:30,6,Termofilik,56.2,70.1,6.55,6062,1,1,16.1,15
1/6/2024 8:35,6,Termofilik,56.3,70.2,6.59,6020,1,1,15.4,15
1/6/2024 8:40,6,Termofilik,56.3,70.8,6.57,6054,1,1,16.3,15
1/6/2024 8:45,6,Termofilik,56.1,70,6.51,6091,1,1,15.8,15
1/6/2024 8:50,6,Termofilik,56.6,70.4,6.55,6071,1,1,15.8,15
1/6/2024 8:55,6,Termofilik,56.2,71.2,6.58,6096,1,1,16,15
1/6/2024 9:00,6,Termofilik,56.6,70.3,6.55,6136,1,1,15.9,15
1/6/2024 9:05,6,Termofilik,56.4,70.7,6.58,6156,1,1,16.2,15
1/6/2024 9:10,6,Termofilik,56.6,70.4,6.59,6048,1,1,15.9,15
1/6/2024 9:15,6,Termofilik,56.7,70,6.64,6003,1,1,15.5,15
1/6/2024 9:20,6,Termofilik,56.9,70.4,6.54,6173,1,1,16.3,15
1/6/2024 9:25,6,Termofilik,56.7,71,6.52,6189,1,1,16.2,15
1/6/2024 9:30,6,Termofilik,56.9,70.1,6.56,6178,1,1,16.1,15
1/6/2024 9:35,6,Termofilik,56.9,70.5,6.54,6134,1,1,15.6,15
1/6/2024 9:40,6,Termofilik,56.8,70.4,6.58,6369,1,1,16,15
1/6/2024 9:45,6,Termofilik,56.9,70.1,6.56,6165,1,1,16.3,15
1/6/2024 9:50,6,Termofilik,57,69.8,6.55,6143,1,1,16,15
1/6/2024 9:55,6,Termofilik,57.2,69.7,6.57,6200,1,1,15.4,15
1/6/2024 10:00,6,Termofilik,57,69.8,6.56,6213,1,1,15.9,15
1/6/2024 10:05,6,Termofilik,57.1,70.1,6.63,6338,1,1,15.4,15
1/6/2024 10:10,6,Termofilik,57.3,69.9,6.59,6184,1,1,16,15
1/6/2024 10:15,6,Termofilik,57.3,69.8,6.56,6189,1,1,16.1,15
1/6/2024 10:20,6,Termofilik,57.4,70.2,6.57,6257,1,1,16.3,15
1/6/2024 10:25,6,Termofilik,57.5,69.9,6.58,6258,1,1,15.7,15
1/6/2024 10:30,6,Termofilik,57.4,70.1,6.61,6231,1,1,16.1,15
1/6/2024 10:35,6,Termofilik,57.3,70.1,6.59,6239,1,1,15.9,15
1/6/2024 10:40,6,Termofilik,57.5,69.7,6.61,6239,1,1,16.5,15
1/6/2024 10:45,6,Termofilik,57.8,69.6,6.6,6227,1,1,16,15
1/6/2024 10:50,6,Termofilik,57.9,69.7,6.61,6332,1,1,15.8,15
1/6/2024 10:55,6,Termofilik,57.5,69.4,6.57,6069,1,1,16.3,15
1/6/2024 11:00,6,Termofilik,58,69.8,6.55,6255,1,1,16,15
1/6/2024 11:05,6,Termofilik,57.6,70,6.62,6223,1,1,16.3,15
1/6/2024 11:10,6,Termofilik,58,70.3,6.69,6252,1,1,17,15
1/6/2024 11:15,6,Termofilik,57.8,69.5,6.61,6287,1,1,16.3,15
1/6/2024 11:20,6,Termofilik,57.7,69.6,6.64,6338,1,1,16.2,15
1/6/2024 11:25,6,Termofilik,58,70,6.55,6398,1,1,16.1,15
1/6/2024 11:30,6,Termofilik,58,69.9,6.57,6279,1,1,15.6,15
1/6/2024 11:35,6,Termofilik,57.9,70,6.6,6261,1,1,16,15
1/6/2024 11:40,6,Termofilik,57.8,69.2,6.62,6284,1,1,16.5,15
1/6/2024 11:45,6,Termofilik,58.1,69.6,6.6,6448,1,1,16.4,15
1/6/2024 11:50,6,Termofilik,58.2,69.7,6.6,6438,1,1,16.1,15
1/6/2024 11:55,6,Termofilik,58.2,69.4,6.6,6348,1,1,16.4,15
1/6/2024 12:00,6,Termofilik,58.4,69.9,6.57,6515,1,1,16.2,15
1/6/2024 12:05,6,Termofilik,58.4,69.2,6.62,6446,1,1,15.8,15
1/6/2024 12:10,6,Termofilik,58.4,69.9,6.61,6538,1,1,16.2,15
1/6/2024 12:15,6,Termofilik,58.5,68.8,6.69,6557,1,1,16.2,15
1/6/2024 12:20,6,Termofilik,58.1,69.5,6.57,6481,1,1,16.4,15
1/6/2024 12:25,6,Termofilik,58.3,69.7,6.64,6532,1,1,16.3,15
1/6/2024 12:30,6,Termofilik,58.3,69.7,6.61,6351,1,1,16.7,15
1/6/2024 12:35,6,Termofilik,58.9,69.3,6.69,6478,1,1,16.2,15
1/6/2024 12:40,6,Termofilik,58.5,69.8,6.6,6538,1,1,16.2,15
1/6/2024 12:45,6,Termofilik,58.6,69.6,6.61,6454,1,1,16.7,15
1/6/2024 12:50,6,Termofilik,58.9,69.5,6.61,6454,1,1,16.4,15
1/6/2024 12:55,6,Termofilik,58.8,69,6.65,6510,1,1,15.9,15
1/6/2024 13:00,6,Termofilik,58.6,69.1,6.63,6662,1,1,16.5,15
1/6/2024 13:05,6,Termofilik,58.7,69.3,6.62,6545,1,1,16.6,15
1/6/2024 13:10,6,Termofilik,59,69.2,6.68,6599,1,1,16.2,15
1/6/2024 13:15,6,Termofilik,59.2,69.3,6.61,6666,1,1,17.1,15
1/6/2024 13:20,6,Termofilik,58.9,69,6.63,6599,1,1,16.8,15
1/6/2024 13:25,6,Termofilik,59.1,69.2,6.68,6524,1,1,16.8,15
1/6/2024 13:30,6,Termofilik,59,69.3,6.63,6552,1,1,16.4,15
1/6/2024 13:35,6,Termofilik,59.2,68.9,6.62,6734,1,1,16.8,15
1/6/2024 13:40,6,Termofilik,58.7,68.9,6.58,6495,1,1,15.6,15
1/6/2024 13:45,6,Termofilik,59,68.7,6.64,6449,1,1,16.5,15
1/6/2024 13:50,6,Termofilik,59.1,69.5,6.68,6649,1,1,16.4,15
1/6/2024 13:55,6,Termofilik,59.5,68.6,6.6,6586,1,1,17.2,15
1/6/2024 14:00,6,Termofilik,59.2,69,6.6,6675,1,1,16.8,15
1/6/2024 14:05,6,Termofilik,59.4,68.8,6.62,6503,1,1,16.6,15
1/6/2024 14:10,6,Termofilik,59.1,68.6,6.63,6574,1,1,16.4,15
1/6/2024 14:15,6,Termofilik,59.4,69,6.64,6635,1,1,16.3,15
1/6/2024 14:20,6,Termofilik,59.4,69,6.6,6707,1,1,16.3,15
1/6/2024 14:25,6,Termofilik,59.4,69.3,6.68,6636,1,1,16.5,15
1/6/2024 14:30,6,Termofilik,59.5,69.1,6.63,6576,1,1,16,15
1/6/2024 14:35,6,Termofilik,59.5,68.9,6.69,6675,1,1,17,15
1/6/2024 14:40,6,Termofilik,59.4,69.2,6.64,6715,1,1,16.2,15
1/6/2024 14:45,6,Termofilik,59.5,68.3,6.65,6694,1,1,16.5,15
1/6/2024 14:50,6,Termofilik,59.4,69.1,6.65,6626,1,1,16.7,15
1/6/2024 14:55,6,Termofilik,59.9,69.2,6.69,6706,1,1,16.7,15
1/6/2024 15:00,6,Termofilik,59.2,68.6,6.64,6527,1,1,16.3,15
1/6/2024 15:05,6,Termofilik,59.2,68.8,6.69,6771,1,1,16.8,15
1/6/2024 15:10,6,Termofilik,59.4,68.2,6.61,6587,1,1,16.4,15
1/6/2024 15:15,6,Termofilik,59.6,68.5,6.67,6676,1,1,16.7,15
1/6/2024 15:20,6,Termofilik,59.8,68.4,6.68,6699,1,1,16.6,15
1/6/2024 15:25,6,Termofilik,59.8,69,6.64,6691,1,1,16.8,15
1/6/2024 15:30,6,Termofilik,59.7,68.9,6.68,6857,1,1,16.3,15
1/6/2024 15:35,6,Termofilik,59.7,68.5,6.69,6587,1,1,16.9,15
1/6/2024 15:40,6,Termofilik,59.7,68.5,6.63,6684,1,1,17.1,15
1/6/2024 15:45,6,Termofilik,59.8,68.9,6.72,6748,1,1,16.6,15
1/6/2024 15:50,6,Termofilik,59.9,68.5,6.66,6610,1,1,17.1,15
1/6/2024 15:55,6,Termofilik,59.8,68.7,6.64,6771,1,1,16.6,15
1/6/2024 16:00,6,Termofilik,59.8,68.9,6.7,6739,1,1,16.3,15
1/6/2024 16:05,6,Termofilik,60.3,69.2,6.7,6686,1,1,16.8,15
1/6/2024 16:10,6,Termofilik,59.9,69,6.69,6688,1,1,16.7,15
1/6/2024 16:15,6,Termofilik,60.1,69.1,6.72,6816,1,1,16.8,15
1/6/2024 16:20,6,Termofilik,59.4,68.7,6.68,6771,1,1,16.9,15
1/6/2024 16:25,6,Termofilik,59.5,68.8,6.7,6818,1,1,17.2,15
1/6/2024 16:30,6,Termofilik,59.9,68.5,6.68,6775,1,1,16.9,15
1/6/2024 16:35,6,Termofilik,60.1,68.8,6.75,6949,1,1,16.9,15
1/6/2024 16:40,6,Termofilik,59.4,68.9,6.67,6712,1,1,16.8,15
1/6/2024 16:45,6,Termofilik,59.6,68.8,6.64,6694,1,1,17,15
1/6/2024 16:50,6,Termofilik,60,68.7,6.66,6706,1,1,16.8,15
1/6/2024 16:55,6,Termofilik,60,69,6.63,6770,1,1,16.6,15
1/6/2024 17:00,6,Termofilik,59.7,68.8,6.71,6828,1,1,17.3,15
1/6/2024 17:05,6,Termofilik,59.9,68.4,6.76,6776,1,1,17.2,15
1/6/2024 17:10,6,Termofilik,60,68,6.63,6752,1,1,17.3,15
1/6/2024 17:15,6,Termofilik,60.1,68.8,6.66,6931,1,1,16.7,15
1/6/2024 17:20,6,Termofilik,60.1,68.5,6.69,6913,1,1,16.8,15
1/6/2024 17:25,6,Termofilik,59.8,68.5,6.69,7079,1,1,17.2,15
1/6/2024 17:30,6,Termofilik,60,68.2,6.64,6730,1,1,17.1,15
1/6/2024 17:35,6,Termofilik,60.3,68.8,6.71,6789,1,1,17.1,15
1/6/2024 17:40,6,Termofilik,60,69,6.7,6811,1,1,16.4,15
1/6/2024 17:45,6,Termofilik,60,68.7,6.67,6761,1,1,17.3,15
1/6/2024 17:50,6,Termofilik,59.8,68.8,6.69,6793,1,1,16.8,15
1/6/2024 17:55,6,Termofilik,60.1,69.2,6.73,6757,1,1,17.5,15
1/6/2024 18:00,6,Termofilik,60,68.9,6.73,6594,1,1,16.8,15
1/6/2024 18:05,6,Termofilik,60.2,68.5,6.68,6781,1,1,16.6,15
1/6/2024 18:10,6,Termofilik,60,69.1,6.73,7009,1,1,17.4,15
1/6/2024 18:15,6,Termofilik,60.2,69,6.72,6821,1,1,17.5,15
1/6/2024 18:20,6,Termofilik,60.3,68.3,6.69,6850,1,1,17.4,15
1/6/2024 18:25,6,Termofilik,60.2,68,6.77,6790,1,1,17.1,15
1/6/2024 18:30,6,Termofilik,59.9,69.2,6.72,6775,1,1,17.5,15
1/6/2024 18:35,6,Termofilik,60.2,68.3,6.74,6779,1,1,17.1,15
1/6/2024 18:40,6,Termofilik,59.7,68,6.77,6978,1,1,17.2,15
1/6/2024 18:45,6,Termofilik,60.2,68.3,6.71,6854,1,1,17.2,15
1/6/2024 18:50,6,Termofilik,60,68.7,6.72,6908,1,1,17.6,15
1/6/2024 18:55,6,Termofilik,60.1,68.1,6.68,6865,1,1,17.2,15
1/6/2024 19:00,6,Termofilik,60,68.4,6.8,6748,1,1,16.7,15
1/6/2024 19:05,6,Termofilik,60.1,68.3,6.73,6903,1,1,17.7,15
1/6/2024 19:10,6,Termofilik,59.8,68.2,6.74,6919,1,1,18,15
1/6/2024 19:15,6,Termofilik,60.1,68.3,6.7,6814,1,1,17.1,15
1/6/2024 19:20,6,Termofilik,60.1,68.4,6.69,6826,1,1,17.6,15
1/6/2024 19:25,6,Termofilik,60,68.5,6.74,6992,1,1,17.4,15
1/6/2024 19:30,6,Termofilik,59.9,68.1,6.74,6668,1,1,17.3,15
1/6/2024 19:35,6,Termofilik,59.9,67.9,6.7,6929,1,1,17.4,15
1/6/2024 19:40,6,Termofilik,60,68.4,6.74,6965,1,1,17.4,15
1/6/2024 19:45,6,Termofilik,59.7,68.8,6.74,6820,1,1,17,15
1/6/2024 19:50,6,Termofilik,60,68.3,6.78,6841,1,1,17.1,15
1/6/2024 19:55,6,Termofilik,60.1,68.6,6.74,6923,1,1,17.4,15
1/6/2024 20:00,6,Termofilik,60,68.7,6.76,6857,1,1,17.8,15
1/6/2024 20:05,6,Termofilik,59.6,68.9,6.69,6821,1,1,17.4,15
1/6/2024 20:10,6,Termofilik,59.9,68.6,6.71,6893,1,1,17.3,15
1/6/2024 20:15,6,Termofilik,59.9,68.3,6.74,6829,1,1,17.3,15
1/6/2024 20:20,6,Termofilik,59.9,68.6,6.72,6804,1,1,17.6,15
1/6/2024 20:25,6,Termofilik,59.9,68.6,6.72,6732,1,1,17.3,15
1/6/2024 20:30,6,Termofilik,59.7,68.3,6.73,6935,1,1,17.4,15
1/6/2024 20:35,6,Termofilik,59.9,68.4,6.75,6874,1,1,17.7,15
1/6/2024 20:40,6,Termofilik,59.7,68.7,6.74,6772,1,1,17.6,15
1/6/2024 20:45,6,Termofilik,59.7,68.5,6.82,6815,1,1,17.6,15
1/6/2024 20:50,6,Termofilik,59.5,68.4,6.72,6828,1,1,17.2,15
1/6/2024 20:55,6,Termofilik,59.9,68.6,6.75,6810,1,1,18,15
1/6/2024 21:00,6,Termofilik,59.7,67.7,6.77,6791,1,1,17.9,15
1/6/2024 21:05,6,Termofilik,59.7,68.5,6.8,6783,1,1,17.4,15
1/6/2024 21:10,6,Termofilik,59.7,68.8,6.74,6833,1,1,17.7,15
1/6/2024 21:15,6,Termofilik,59.6,68.3,6.71,7058,1,1,17.2,15
1/6/2024 21:20,6,Termofilik,59.7,68.3,6.82,6775,1,1,18.2,15
1/6/2024 21:25,6,Termofilik,59.8,68.4,6.73,6928,1,1,17.4,15
1/6/2024 21:30,6,Termofilik,59.9,68,6.76,6838,1,1,17.3,15
1/6/2024 21:35,6,Termofilik,59.8,68.5,6.8,6740,1,1,18,15
1/6/2024 21:40,6,Termofilik,60,68.2,6.82,6862,1,1,17.2,15
1/6/2024 21:45,6,Termofilik,59.7,68.6,6.74,6836,1,1,17.8,15
1/6/2024 21:50,6,Termofilik,59.6,68.5,6.77,6922,1,1,17.6,15
1/6/2024 21:55,6,Termofilik,59.6,68,6.81,6834,1,1,18,15
1/6/2024 22:00,6,Termofilik,59.5,68.4,6.75,6804,1,1,17.2,15
1/6/2024 22:05,6,Termofilik,59.4,68.2,6.78,6966,1,1,17.6,15
1/6/2024 22:10,6,Termofilik,59.4,67.9,6.79,6996,1,1,18.1,15
1/6/2024 22:15,6,Termofilik,59.6,68.5,6.82,6913,1,1,17.9,15
1/6/2024 22:20,6,Termofilik,59.5,67.9,6.75,6886,1,1,17.8,15
1/6/2024 22:25,6,Termofilik,59.8,68.3,6.81,6852,1,1,17.7,15
1/6/2024 22:30,6,Termofilik,59.3,68.1,6.79,6888,1,1,18.1,15
1/6/2024 22:35,6,Termofilik,59.5,68.2,6.84,6880,1,1,18.1,15
1/6/2024 22:40,6,Termofilik,59.4,68.5,6.81,6905,1,1,17.1,15
1/6/2024 22:45,6,Termofilik,59.4,68.6,6.8,6925,1,1,17.3,15
1/6/2024 22:50,6,Termofilik,59.3,68.4,6.79,6987,1,1,17.8,15
1/6/2024 22:55,6,Termofilik,59.5,68.3,6.75,6709,1,1,18,15
1/6/2024 23:00,6,Termofilik,59.4,68.1,6.74,6941,1,1,17.8,15
1/6/2024 23:05,6,Termofilik,59.5,68.8,6.72,6835,1,1,17.8,15
1/6/2024 23:10,6,Termofilik,59.6,67.8,6.85,6902,1,1,17.8,15
1/6/2024 23:15,6,Termofilik,59.3,68.1,6.82,6807,1,1,18,15
1/6/2024 23:20,6,Termofilik,59.3,68,6.87,6926,1,1,18.1,15
1/6/2024 23:25,6,Termofilik,59.5,67.8,6.84,6693,1,1,17.7,15
1/6/2024 23:30,6,Termofilik,59.3,68.4,6.8,6881,1,1,17.9,15
1/6/2024 23:35,6,Termofilik,59.2,67.8,6.82,6951,1,1,18.4,15
1/6/2024 23:40,6,Termofilik,59.2,68.5,6.79,6991,1,1,18.3,15
1/6/2024 23:45,6,Termofilik,59.3,68.2,6.82,6948,1,1,17.8,15
1/6/2024 23:50,6,Termofilik,59.1,68.2,6.84,6989,1,1,17.6,15
1/6/2024 23:55,6,Termofilik,59.1,68.6,6.76,6939,1,1,17.8,15
1/7/2024 0:00,7,Termofilik,59.5,68,6.83,6914,1,1,18.1,14
1/7/2024 0:05,7,Termofilik,58.9,67.6,6.79,6911,1,1,17.7,14
1/7/2024 0:10,7,Termofilik,59,68.4,6.82,6873,1,1,18.3,14
1/7/2024 0:15,7,Termofilik,59,68.2,6.85,6882,1,1,18.1,14
1/7/2024 0:20,7,Termofilik,59.4,67.9,6.82,7002,1,1,18,14
1/7/2024 0:25,7,Termofilik,59.2,68,6.78,6892,1,1,18.4,14
1/7/2024 0:30,7,Termofilik,59.2,68.8,6.8,6949,1,1,18.1,14
1/7/2024 0:35,7,Termofilik,59.1,68.4,6.81,6880,1,1,17.7,14
1/7/2024 0:40,7,Termofilik,58.8,68.3,6.75,6905,1,1,18.5,14
1/7/2024 0:45,7,Termofilik,59,68,6.84,6994,1,1,18.3,14
1/7/2024 0:50,7,Termofilik,58.9,68.4,6.82,6814,1,1,18.3,14
1/7/2024 0:55,7,Termofilik,59,69,6.76,6808,1,1,18,14
1/7/2024 1:00,7,Termofilik,59,68.1,6.76,6861,1,1,18.9,14
1/7/2024 1:05,7,Termofilik,58.9,68.4,6.81,6916,1,1,18.1,14
1/7/2024 1:10,7,Termofilik,58.7,68.2,6.77,6769,1,1,18.7,14
1/7/2024 1:15,7,Termofilik,58.8,68.5,6.81,6830,1,1,18.2,14
1/7/2024 1:20,7,Termofilik,58.6,68.4,6.81,6807,1,1,18.4,14
1/7/2024 1:25,7,Termofilik,58.6,69.3,6.83,6808,1,1,18.4,14
1/7/2024 1:30,7,Termofilik,58.5,68.3,6.81,6617,1,1,18,14
1/7/2024 1:35,7,Termofilik,58.5,68.4,6.8,6879,1,1,18.1,14
1/7/2024 1:40,7,Termofilik,58.4,68.8,6.81,6825,1,1,19.2,14
1/7/2024 1:45,7,Termofilik,58.4,68.3,6.8,6592,1,1,18.5,14
1/7/2024 1:50,7,Termofilik,58.6,68.5,6.82,6712,1,1,18.4,14
1/7/2024 1:55,7,Termofilik,58.6,68.2,6.81,6748,1,1,19.1,14
1/7/2024 2:00,7,Termofilik,58.6,68,6.77,6775,1,1,18.6,14
1/7/2024 2:05,7,Termofilik,58.3,68.7,6.81,6727,1,1,18.9,14
1/7/2024 2:10,7,Termofilik,58.3,68.8,6.78,6769,1,1,19.2,14
1/7/2024 2:15,7,Termofilik,58.1,68.3,6.84,6803,1,1,18.7,14
1/7/2024 2:20,7,Termofilik,58.2,68.6,6.84,6612,1,1,18.4,14
1/7/2024 2:25,7,Termofilik,58.3,68.5,6.8,6753,1,1,18.6,14
1/7/2024 2:30,7,Termofilik,57.9,68.2,6.81,6671,1,1,18.5,14
1/7/2024 2:35,7,Termofilik,57.9,68.2,6.83,6788,1,1,19.2,14
1/7/2024 2:40,7,Termofilik,58.1,68,6.82,6733,1,1,19,14
1/7/2024 2:45,7,Termofilik,57.9,68.1,6.81,6715,1,1,19.1,14
1/7/2024 2:50,7,Termofilik,58.2,68.5,6.81,6726,1,1,19,14
1/7/2024 2:55,7,Termofilik,58.2,68.3,6.81,6704,1,1,19.1,14
1/7/2024 3:00,7,Termofilik,58.2,68.8,6.82,6609,1,1,19.3,14
1/7/2024 3:05,7,Termofilik,57.9,68,6.82,6697,1,1,18.7,14
1/7/2024 3:10,7,Termofilik,58,68.2,6.79,6726,1,1,19.3,14
1/7/2024 3:15,7,Termofilik,58.1,68.2,6.77,6759,1,1,19.3,14
1/7/2024 3:20,7,Termofilik,58,68.6,6.81,6618,1,1,19.2,14
1/7/2024 3:25,7,Termofilik,57.9,68.2,6.81,6596,1,1,19.3,14
1/7/2024 3:30,7,Termofilik,58.3,68.1,6.76,6471,1,1,19.1,14
1/7/2024 3:35,7,Termofilik,57.9,68.4,6.81,6498,1,1,18.6,14
1/7/2024 3:40,7,Termofilik,58,68.4,6.8,6489,1,1,19.4,14
1/7/2024 3:45,7,Termofilik,58.2,68.4,6.78,6621,1,1,18.8,14
1/7/2024 3:50,7,Termofilik,58.1,68.4,6.76,6589,1,1,19.4,14
1/7/2024 3:55,7,Termofilik,57.9,68.3,6.77,6654,1,1,19.1,14
1/7/2024 4:00,7,Termofilik,57.6,68.2,6.84,6574,1,1,19.9,14
1/7/2024 4:05,7,Termofilik,58,68.4,6.81,6596,1,1,19.3,14
1/7/2024 4:10,7,Termofilik,57.9,68.5,6.78,6511,1,1,19.1,14
1/7/2024 4:15,7,Termofilik,58.2,68.5,6.82,6509,1,1,19.6,14
1/7/2024 4:20,7,Termofilik,57.9,68.4,6.78,6602,1,1,19.3,14
1/7/2024 4:25,7,Termofilik,57.8,68.5,6.76,6631,1,1,19.7,14
1/7/2024 4:30,7,Termofilik,57.8,68.1,6.8,6605,1,1,19.5,14
1/7/2024 4:35,7,Termofilik,57.9,68.8,6.8,6442,1,1,19.8,14
1/7/2024 4:40,7,Termofilik,58.1,68.4,6.78,6566,1,1,19.2,14
1/7/2024 4:45,7,Termofilik,58,67.9,6.8,6492,1,1,19.6,14
1/7/2024 4:50,7,Termofilik,57.8,68.3,6.81,6490,1,1,19.8,14
1/7/2024 4:55,7,Termofilik,57.9,68,6.88,6604,1,1,19.6,14
1/7/2024 5:00,7,Termofilik,58.1,68.8,6.81,6591,1,1,19.4,14
1/7/2024 5:05,7,Termofilik,57.8,68.2,6.82,6587,1,1,19.9,14
1/7/2024 5:10,7,Termofilik,57.9,67.9,6.78,6514,1,1,19.6,14
1/7/2024 5:15,7,Termofilik,58,67.9,6.8,6631,1,1,19.7,14
1/7/2024 5:20,7,Termofilik,57.9,68.2,6.82,6534,1,1,20,14
1/7/2024 5:25,7,Termofilik,57.6,68.1,6.82,6592,1,1,20.3,14
1/7/2024 5:30,7,Termofilik,57.8,68.7,6.79,6654,1,1,20.1,14
1/7/2024 5:35,7,Termofilik,57.7,68.3,6.81,6595,1,1,19.8,14
1/7/2024 5:40,7,Termofilik,57.8,68.6,6.81,6609,1,1,19.8,14
1/7/2024 5:45,7,Termofilik,58.1,68,6.8,6663,1,1,19.8,14
1/7/2024 5:50,7,Termofilik,58.1,68.5,6.81,6393,1,1,19.9,14
1/7/2024 5:55,7,Termofilik,57.9,68.5,6.86,6482,1,1,20.2,14
1/7/2024 6:00,7,Termofilik,58,68.5,6.83,6379,1,1,20,14
1/7/2024 6:05,7,Termofilik,57.7,68.1,6.84,6557,1,1,20.4,14
1/7/2024 6:10,7,Termofilik,57.9,67.8,6.74,6543,1,1,20,14
1/7/2024 6:15,7,Termofilik,57.7,67.6,6.79,6514,1,1,20.3,14
1/7/2024 6:20,7,Termofilik,57.9,68.6,6.78,6598,1,1,20.1,14
1/7/2024 6:25,7,Termofilik,58,68,6.85,6550,1,1,19.9,14
1/7/2024 6:30,7,Termofilik,57.9,68.1,6.83,6430,1,1,20.2,14
1/7/2024 6:35,7,Termofilik,58,68.1,6.86,6585,1,1,20.2,14
1/7/2024 6:40,7,Termofilik,58,68.2,6.83,6376,1,1,20.1,14
1/7/2024 6:45,7,Termofilik,57.7,68.5,6.82,6506,1,1,20.5,14
1/7/2024 6:50,7,Termofilik,58,67.7,6.81,6493,1,1,19.8,14
1/7/2024 6:55,7,Termofilik,57.9,68,6.81,6400,1,1,20.7,14
1/7/2024 7:00,7,Termofilik,58,68.1,6.83,6455,1,1,20.5,14
1/7/2024 7:05,7,Termofilik,57.9,67.8,6.83,6636,1,1,20.6,14
1/7/2024 7:10,7,Termofilik,58.1,67.9,6.77,6635,1,1,21,14
1/7/2024 7:15,7,Termofilik,58.2,67.9,6.78,6430,1,1,19.9,14
1/7/2024 7:20,7,Termofilik,58,68.5,6.81,6539,1,1,20.9,14
1/7/2024 7:25,7,Termofilik,58,68.6,6.88,6503,1,1,20.3,14
1/7/2024 7:30,7,Termofilik,58.1,67.9,6.78,6616,1,1,20.9,14
1/7/2024 7:35,7,Termofilik,58.1,67.6,6.78,6521,1,1,20.4,14
1/7/2024 7:40,7,Termofilik,58,68.3,6.84,6622,1,1,20.3,14
1/7/2024 7:45,7,Termofilik,58,68.2,6.83,6634,1,1,20.7,14
1/7/2024 7:50,7,Termofilik,58.4,68.1,6.85,6485,1,1,20.6,14
1/7/2024 7:55,7,Termofilik,58.3,68.4,6.84,6504,1,1,21.1,14
1/7/2024 8:00,7,Termofilik,57.8,67.5,6.84,6512,1,1,20.8,14
1/7/2024 8:05,7,Termofilik,58.1,68.1,6.8,6556,1,1,21,14
1/7/2024 8:10,7,Termofilik,58.4,68.5,6.83,6532,1,1,20.3,14
1/7/2024 8:15,7,Termofilik,58.1,67.8,6.85,6461,1,1,21,14
1/7/2024 8:20,7,Termofilik,58.2,67.8,6.83,6479,1,1,20.6,14
1/7/2024 8:25,7,Termofilik,58,67.8,6.81,6469,1,1,20.9,14
1/7/2024 8:30,7,Termofilik,58.3,67.9,6.85,6556,1,1,20.7,14
1/7/2024 8:35,7,Termofilik,58.2,67.9,6.84,6622,1,1,21.2,14
1/7/2024 8:40,7,Termofilik,58.2,67.8,6.84,6595,1,1,21.2,14
1/7/2024 8:45,7,Termofilik,58.3,67.4,6.79,6532,1,1,21,14
1/7/2024 8:50,7,Termofilik,58.2,67.8,6.84,6418,1,1,21.3,14
1/7/2024 8:55,7,Termofilik,58.3,68.1,6.81,6428,1,1,20.8,14
1/7/2024 9:00,7,Termofilik,58.3,67.6,6.82,6537,1,1,20.9,14
1/7/2024 9:05,7,Termofilik,58.4,67.2,6.83,6503,1,1,21.5,14
1/7/2024 9:10,7,Termofilik,58.3,67.2,6.84,6538,1,1,20.8,14
1/7/2024 9:15,7,Termofilik,58.2,68.2,6.87,6312,1,1,20.9,14
1/7/2024 9:20,7,Termofilik,58.7,67.6,6.81,6488,1,1,20.8,14
1/7/2024 9:25,7,Termofilik,58.2,68,6.77,6531,1,1,21.4,14
1/7/2024 9:30,7,Termofilik,58.3,67.4,6.86,6554,1,1,21,14
1/7/2024 9:35,7,Termofilik,58.7,68,6.83,6440,1,1,21.1,14
1/7/2024 9:40,7,Termofilik,58.6,67.6,6.85,6390,1,1,20.8,14
1/7/2024 9:45,7,Termofilik,58.6,67.5,6.81,6371,1,1,21.3,14
1/7/2024 9:50,7,Termofilik,58.6,67.8,6.83,6502,1,1,21.6,14
1/7/2024 9:55,7,Termofilik,58.4,67.8,6.77,6446,1,1,20.9,14
1/7/2024 10:00,7,Termofilik,58.7,67.6,6.82,6425,1,1,21.2,14
1/7/2024 10:05,7,Termofilik,58.5,67.7,6.8,6620,1,1,20.9,14
1/7/2024 10:10,7,Termofilik,58.5,68.1,6.81,6409,1,1,21.5,14
1/7/2024 10:15,7,Termofilik,58.6,67.3,6.79,6736,1,1,21.3,14
1/7/2024 10:20,7,Termofilik,58.4,68,6.84,6453,1,1,21.2,14
1/7/2024 10:25,7,Termofilik,58.8,67.4,6.77,6658,1,1,21.3,14
1/7/2024 10:30,7,Termofilik,59,67.9,6.8,6598,1,1,21.3,14
1/7/2024 10:35,7,Termofilik,58.5,67.4,6.84,6478,1,1,21.4,14
1/7/2024 10:40,7,Termofilik,59,67.5,6.8,6572,1,1,21.6,14
1/7/2024 10:45,7,Termofilik,58.4,67.6,6.84,6518,1,1,21.9,14
1/7/2024 10:50,7,Termofilik,58.6,67.5,6.78,6549,1,1,22.2,14
1/7/2024 10:55,7,Termofilik,58.7,67.2,6.81,6527,1,1,21.3,14
1/7/2024 11:00,7,Termofilik,58.9,67.7,6.84,6375,1,1,22,14
1/7/2024 11:05,7,Termofilik,59,67.6,6.84,6534,1,1,22,14
1/7/2024 11:10,7,Termofilik,59.2,67.1,6.86,6510,1,1,21.7,14
1/7/2024 11:15,7,Termofilik,58.7,67.3,6.8,6480,1,1,21.4,14
1/7/2024 11:20,7,Termofilik,58.9,67.2,6.83,6388,1,1,21.3,14
1/7/2024 11:25,7,Termofilik,59,67.1,6.86,6535,1,1,22,14
1/7/2024 11:30,7,Termofilik,59.2,67.2,6.81,6587,1,1,22,14
1/7/2024 11:35,7,Termofilik,59,67.7,6.82,6520,1,1,21.9,14
1/7/2024 11:40,7,Termofilik,58.9,67.3,6.87,6552,1,1,21.9,14
1/7/2024 11:45,7,Termofilik,59,67.4,6.85,6566,1,1,21.8,14
1/7/2024 11:50,7,Termofilik,59.1,67.4,6.8,6530,1,1,21.3,14
1/7/2024 11:55,7,Termofilik,59.1,67.5,6.85,6485,1,1,22.1,14
1/7/2024 12:00,7,Termofilik,59.3,67.7,6.83,6527,1,1,22.3,14
1/7/2024 12:05,7,Termofilik,58.9,67.1,6.87,6594,1,1,22.1,14
1/7/2024 12:10,7,Termofilik,58.9,67.2,6.81,6542,1,1,21.8,14
1/7/2024 12:15,7,Termofilik,59,66.6,6.87,6483,1,1,22.1,14
1/7/2024 12:20,7,Termofilik,59.1,66.9,6.79,6434,1,1,21.9,14
1/7/2024 12:25,7,Termofilik,59.2,66.9,6.88,6596,1,1,22.4,14
1/7/2024 12:30,7,Termofilik,59.2,67.6,6.82,6511,1,1,22.2,14
1/7/2024 12:35,7,Termofilik,59.3,67.4,6.82,6470,1,1,22.4,14
1/7/2024 12:40,7,Termofilik,59.3,67,6.78,6496,1,1,22.4,14
1/7/2024 12:45,7,Termofilik,59.5,66.8,6.82,6480,1,1,22.7,14
1/7/2024 12:50,7,Termofilik,59.2,66.9,6.85,6478,1,1,21.9,14
1/7/2024 12:55,7,Termofilik,59.1,67.6,6.84,6519,1,1,22.2,14
1/7/2024 13:00,7,Termofilik,59.3,67.2,6.84,6518,1,1,22.6,14
1/7/2024 13:05,7,Termofilik,59.3,66.8,6.81,6350,1,1,23,14
1/7/2024 13:10,7,Termofilik,59.4,66.8,6.82,6456,1,1,22.9,14
1/7/2024 13:15,7,Termofilik,59.1,67.1,6.83,6572,1,1,22.4,14
1/7/2024 13:20,7,Termofilik,59,67,6.8,6511,1,1,22.9,14
1/7/2024 13:25,7,Termofilik,59,66.8,6.82,6473,1,1,22.7,14
1/7/2024 13:30,7,Termofilik,59.3,67.2,6.81,6520,1,1,22.7,14
1/7/2024 13:35,7,Termofilik,59.2,67.3,6.84,6584,1,1,22.5,14
1/7/2024 13:40,7,Termofilik,59.4,67,6.83,6520,1,1,22.7,14
1/7/2024 13:45,7,Termofilik,59.2,67.4,6.78,6443,1,1,22.6,14
1/7/2024 13:50,7,Termofilik,59.4,67.5,6.78,6455,1,1,22,14
1/7/2024 13:55,7,Termofilik,59.4,67.1,6.88,6504,1,1,23,14
1/7/2024 14:00,7,Termofilik,59.4,66.9,6.79,6514,1,1,22.2,14
1/7/2024 14:05,7,Termofilik,59.6,66.9,6.87,6452,1,1,22.8,14
1/7/2024 14:10,7,Termofilik,59.4,67,6.82,6520,1,1,22.4,14
1/7/2024 14:15,7,Termofilik,59.2,67.3,6.86,6491,1,1,23.2,14
1/7/2024 14:20,7,Termofilik,59.3,67.3,6.84,6402,1,1,23.3,14
1/7/2024 14:25,7,Termofilik,59.5,66.9,6.86,6449,1,1,23.1,14
1/7/2024 14:30,7,Termofilik,59,66.6,6.87,6459,1,1,22.9,14
1/7/2024 14:35,7,Termofilik,59.1,67.5,6.87,6461,1,1,22.7,14
1/7/2024 14:40,7,Termofilik,59.5,67.5,6.87,6648,1,1,22.6,14
1/7/2024 14:45,7,Termofilik,59.2,66.6,6.85,6486,1,1,22.9,14
1/7/2024 14:50,7,Termofilik,59.5,67.3,6.79,6421,1,1,23.2,14
1/7/2024 14:55,7,Termofilik,59.3,66.7,6.87,6363,1,1,22.9,14
1/7/2024 15:00,7,Termofilik,59.4,66.7,6.86,6418,1,1,23.4,14
1/7/2024 15:05,7,Termofilik,59.3,67.1,6.86,6410,1,1,22.4,14
1/7/2024 15:10,7,Termofilik,59.4,66.9,6.85,6439,1,1,22.9,14
1/7/2024 15:15,7,Termofilik,59.7,66.4,6.86,6408,1,1,23,14
1/7/2024 15:20,7,Termofilik,59.4,66.6,6.86,6562,1,1,23.3,14
1/7/2024 15:25,7,Termofilik,59.4,66.6,6.85,6620,1,1,23,14
1/7/2024 15:30,7,Termofilik,59.3,66.7,6.82,6225,1,1,23.3,14
1/7/2024 15:35,7,Termofilik,59.2,66.4,6.86,6354,1,1,23.1,14
1/7/2024 15:40,7,Termofilik,59.5,66.4,6.79,6459,1,1,23.6,14
1/7/2024 15:45,7,Termofilik,59.1,67,6.86,6269,1,1,23.5,14
1/7/2024 15:50,7,Termofilik,59.4,66.7,6.88,6521,1,1,23.3,14
1/7/2024 15:55,7,Termofilik,59.2,66.5,6.84,6471,1,1,23.2,14
1/7/2024 16:00,7,Termofilik,58.9,67.2,6.85,6391,1,1,23.6,14
1/7/2024 16:05,7,Termofilik,59.4,66,6.85,6303,1,1,23.5,14
1/7/2024 16:10,7,Termofilik,59.3,67,6.83,6264,1,1,23.3,14
1/7/2024 16:15,7,Termofilik,59.3,67.1,6.81,6491,1,1,23.2,14
1/7/2024 16:20,7,Termofilik,59.3,66.7,6.85,6476,1,1,23.1,14
1/7/2024 16:25,7,Termofilik,59.1,66.9,6.91,6331,1,1,24.1,14
1/7/2024 16:30,7,Termofilik,59.5,66.8,6.83,6340,1,1,23.5,14
1/7/2024 16:35,7,Termofilik,59,66.8,6.89,6342,1,1,23.5,14
1/7/2024 16:40,7,Termofilik,58.9,66.9,6.85,6391,1,1,23.5,14
1/7/2024 16:45,7,Termofilik,59.1,67,6.84,6407,1,1,23.6,14
1/7/2024 16:50,7,Termofilik,59.3,67,6.85,6498,1,1,23.7,14
1/7/2024 16:55,7,Termofilik,59.3,67,6.79,6476,1,1,23.7,14
1/7/2024 17:00,7,Termofilik,59.1,66.9,6.83,6384,1,1,23.5,14
1/7/2024 17:05,7,Termofilik,59.3,66.8,6.83,6287,1,1,23.8,14
1/7/2024 17:10,7,Termofilik,59.1,66.9,6.81,6228,1,1,23.9,14
1/7/2024 17:15,7,Termofilik,59.2,66.5,6.89,6373,1,1,23.7,14
1/7/2024 17:20,7,Termofilik,58.9,66.4,6.87,6283,1,1,23.5,14
1/7/2024 17:25,7,Termofilik,59.1,66.2,6.8,6338,1,1,23.9,14
1/7/2024 17:30,7,Termofilik,59,66.7,6.92,6315,1,1,23.8,14
1/7/2024 17:35,7,Termofilik,58.8,66.8,6.86,6424,1,1,23.4,14
1/7/2024 17:40,7,Termofilik,58.9,66.9,6.86,6322,1,1,24.1,14
1/7/2024 17:45,7,Termofilik,58.8,67.3,6.87,6208,1,1,23.6,14
1/7/2024 17:50,7,Termofilik,58.7,67,6.81,6284,1,1,24.1,14
1/7/2024 17:55,7,Termofilik,58.8,66.9,6.81,6351,1,1,23.8,14
1/7/2024 18:00,7,Termofilik,58.8,66.9,6.85,6300,1,1,23.8,14
1/7/2024 18:05,7,Termofilik,58.7,66.8,6.8,6254,1,1,24.1,14
1/7/2024 18:10,7,Termofilik,58.6,67.2,6.88,6185,1,1,24.5,14
1/7/2024 18:15,7,Termofilik,58.7,66.9,6.83,6352,1,1,24.2,14
1/7/2024 18:20,7,Termofilik,58.6,66.5,6.8,6287,1,1,24.3,14
1/7/2024 18:25,7,Termofilik,58.7,66.8,6.81,6211,1,1,24.5,14
1/7/2024 18:30,7,Termofilik,58.5,66.9,6.81,6286,1,1,24,14
1/7/2024 18:35,7,Termofilik,58.7,67.1,6.83,6242,1,1,24,14
1/7/2024 18:40,7,Termofilik,58.3,66.6,6.85,6271,1,1,24.3,14
1/7/2024 18:45,7,Termofilik,58.5,67.1,6.85,6295,1,1,23.7,14
1/7/2024 18:50,7,Termofilik,57.9,66.9,6.8,6214,1,1,24.2,14
1/7/2024 18:55,7,Termofilik,58.4,67,6.85,6291,1,1,24.4,14
1/7/2024 19:00,7,Termofilik,58.4,67.2,6.81,6243,1,1,23.9,14
1/7/2024 19:05,7,Termofilik,58.4,66.9,6.9,6085,1,1,24.2,14
1/7/2024 19:10,7,Termofilik,58.5,67,6.85,6126,1,1,24.2,14
1/7/2024 19:15,7,Termofilik,58.5,66.9,6.86,6186,1,1,24.1,14
1/7/2024 19:20,7,Termofilik,58.4,67,6.92,6107,1,1,24.7,14
1/7/2024 19:25,7,Termofilik,58,66.9,6.88,6015,1,1,24.4,14
1/7/2024 19:30,7,Termofilik,58.1,66.7,6.86,6263,1,1,24.5,14
1/7/2024 19:35,7,Termofilik,58.2,66.9,6.85,6079,1,1,24.9,14
1/7/2024 19:40,7,Termofilik,58.2,67,6.82,6121,1,1,24.5,14
1/7/2024 19:45,7,Termofilik,57.9,66.4,6.83,6192,1,1,24.4,14
1/7/2024 19:50,7,Termofilik,57.9,66.7,6.84,6115,1,1,25.3,14
1/7/2024 19:55,7,Termofilik,58.2,67.2,6.88,6055,1,1,24.3,14
1/7/2024 20:00,7,Termofilik,57.8,67.3,6.83,6027,1,1,24.5,14
1/7/2024 20:05,7,Termofilik,57.9,67,6.86,6053,1,1,24.9,14
1/7/2024 20:10,7,Termofilik,57.8,66.9,6.87,6060,1,1,24.6,14
1/7/2024 20:15,7,Termofilik,57.9,66.7,6.84,6148,1,1,25.4,14
1/7/2024 20:20,7,Termofilik,57.9,67.1,6.87,6010,1,1,24.8,14
1/7/2024 20:25,7,Termofilik,57.8,67,6.85,6118,1,1,24.7,14
1/7/2024 20:30,7,Termofilik,57.7,66.6,6.84,6191,1,1,24.9,14
1/7/2024 20:35,7,Termofilik,57.7,67.5,6.81,5983,1,1,25.4,14
1/7/2024 20:40,7,Termofilik,57.6,66.9,6.82,6099,1,1,25.1,14
1/7/2024 20:45,7,Termofilik,57.4,66.9,6.84,6076,1,1,24.6,14
1/7/2024 20:50,7,Termofilik,57.7,67.3,6.84,6030,1,1,24.9,14
1/7/2024 20:55,7,Termofilik,57.4,66.9,6.84,6168,1,1,25.3,14
1/7/2024 21:00,7,Termofilik,57.6,67.1,6.82,6027,1,1,25.3,14
1/7/2024 21:05,7,Termofilik,57.2,67.2,6.92,6107,1,1,25.5,14
1/7/2024 21:10,7,Termofilik,57.4,67.3,6.83,6078,1,1,25.3,14
1/7/2024 21:15,7,Termofilik,57.4,67.4,6.84,5991,1,1,25.1,14
1/7/2024 21:20,7,Termofilik,57.1,67.1,6.8,6081,1,1,25.1,14
1/7/2024 21:25,7,Termofilik,57.2,66.8,6.85,6044,1,1,25.3,14
1/7/2024 21:30,7,Termofilik,57.1,66.8,6.87,5923,1,1,25.2,14
1/7/2024 21:35,7,Termofilik,57.2,67.1,6.88,5871,1,1,24.6,14
1/7/2024 21:40,7,Termofilik,57,67.6,6.91,6110,1,1,25.2,14
1/7/2024 21:45,7,Termofilik,56.8,66.4,6.84,5939,1,1,25.6,14
1/7/2024 21:50,7,Termofilik,57.2,67.1,6.83,5870,1,1,25.4,14
1/7/2024 21:55,7,Termofilik,57.1,67.2,6.82,5991,1,1,25.4,14
1/7/2024 22:00,7,Termofilik,56.8,66.8,6.88,5911,1,1,25.8,14
1/7/2024 22:05,7,Termofilik,57,66.9,6.85,5927,1,1,25.1,14
1/7/2024 22:10,7,Termofilik,56.7,67.3,6.88,5962,1,1,25.8,14
1/7/2024 22:15,7,Termofilik,56.7,67.6,6.83,5824,1,1,24.9,14
1/7/2024 22:20,7,Termofilik,56.7,67,6.87,5916,1,1,25.1,14
1/7/2024 22:25,7,Termofilik,56.7,67,6.8,5810,1,1,25.2,14
1/7/2024 22:30,7,Termofilik,56.9,67.2,6.88,5760,1,1,25.9,14
1/7/2024 22:35,7,Termofilik,56.8,66.5,6.84,5911,1,1,25.7,14
1/7/2024 22:40,7,Termofilik,56.5,67.1,6.84,5872,1,1,25.9,14
1/7/2024 22:45,7,Termofilik,56.4,67.4,6.83,5787,1,1,25.8,14
1/7/2024 22:50,7,Termofilik,56.6,67.4,6.82,5809,1,1,25.9,14
1/7/2024 22:55,7,Termofilik,56.5,66.8,6.87,5781,1,1,26.2,14
1/7/2024 23:00,7,Termofilik,56.6,67.4,6.9,5835,1,1,25.9,14
1/7/2024 23:05,7,Termofilik,56.6,67.3,6.85,5685,1,1,25.7,14
1/7/2024 23:10,7,Termofilik,56.5,67.5,6.87,5770,1,1,25.1,14
1/7/2024 23:15,7,Termofilik,56.2,67.1,6.85,5854,1,1,26.3,14
1/7/2024 23:20,7,Termofilik,56.3,67.1,6.85,5807,1,1,25.5,14
1/7/2024 23:25,7,Termofilik,56.2,67.3,6.86,5825,1,1,25.9,14
1/7/2024 23:30,7,Termofilik,55.9,67.4,6.84,5693,1,1,25.5,14
1/7/2024 23:35,7,Termofilik,56.2,67.2,6.81,5811,1,1,25.4,14
1/7/2024 23:40,7,Termofilik,56.1,67.3,6.89,5907,1,1,25.5,14
1/7/2024 23:45,7,Termofilik,56,67.1,6.87,5774,1,1,25.8,14
1/7/2024 23:50,7,Termofilik,55.9,66.9,6.89,5785,1,1,26.2,14
1/7/2024 23:55,7,Termofilik,55.9,67,6.83,5769,1,1,25.7,14
1/8/2024 0:00,8,Termofilik,56.2,66.9,6.87,5858,1,1,26.2,13
1/8/2024 0:05,8,Termofilik,55.9,67,6.82,5787,1,1,26.5,13
1/8/2024 0:10,8,Termofilik,55.8,66.9,6.79,5639,1,1,26,13
1/8/2024 0:15,8,Termofilik,56,67.5,6.87,5678,1,1,25.9,13
1/8/2024 0:20,8,Termofilik,56,67.3,6.8,5648,1,1,25.9,13
1/8/2024 0:25,8,Termofilik,55.6,67.4,6.86,5688,1,1,26.5,13
1/8/2024 0:30,8,Termofilik,55.6,67.8,6.84,5694,1,1,26.1,13
1/8/2024 0:35,8,Termofilik,55.7,67.4,6.87,5619,1,1,25.9,13
1/8/2024 0:40,8,Termofilik,56,67.1,6.88,5543,1,1,26.1,13
1/8/2024 0:45,8,Termofilik,55.7,67.4,6.78,5678,1,1,25.9,13
1/8/2024 0:50,8,Termofilik,55.6,67,6.84,5635,1,1,26,13
1/8/2024 0:55,8,Termofilik,55.4,66.9,6.81,5731,1,1,25.9,13
1/8/2024 1:00,8,Termofilik,55.4,67.5,6.84,5577,1,1,26.4,13
1/8/2024 1:05,8,Termofilik,55.6,67,6.86,5497,1,1,26.2,13
1/8/2024 1:10,8,Termofilik,55.4,67.1,6.85,5516,1,1,26.4,13
1/8/2024 1:15,8,Termofilik,55.5,67,6.84,5662,1,1,26.8,13
1/8/2024 1:20,8,Termofilik,55.1,67.3,6.87,5607,1,1,25.7,13
1/8/2024 1:25,8,Termofilik,55.4,67.8,6.87,5526,1,1,26.3,13
1/8/2024 1:30,8,Termofilik,55.5,67.6,6.88,5630,1,1,26.3,13
1/8/2024 1:35,8,Termofilik,55.2,67.3,6.88,5715,1,1,26.9,13
1/8/2024 1:40,8,Termofilik,55,67.4,6.89,5637,1,0,26.4,13
1/8/2024 1:45,8,Termofilik,55.6,67,6.83,5600,1,1,27.2,13
1/8/2024 1:50,8,Termofilik,55.2,67.3,6.9,5574,1,1,26.5,13
1/8/2024 1:55,8,Termofilik,55.2,67.4,6.9,5672,1,1,26.7,13
1/8/2024 2:00,8,Termofilik,55.1,67.4,6.88,5567,1,1,26.7,13
1/8/2024 2:05,8,Termofilik,55.2,67.8,6.82,5557,1,1,26.5,13
1/8/2024 2:10,8,Termofilik,55,67.5,6.89,5541,1,0,26.1,13
1/8/2024 2:15,8,Termofilik,54.9,67.6,6.78,5639,1,0,26.9,13
1/8/2024 2:20,8,Termofilik,55.2,67.3,6.8,5573,1,1,27.2,13
1/8/2024 2:25,8,Termofilik,55.1,67.2,6.87,5490,1,1,26.6,13
1/8/2024 2:30,8,Termofilik,55.1,67,6.84,5438,1,1,26.4,13
1/8/2024 2:35,8,Termofilik,54.9,67.7,6.86,5400,1,0,27.1,13
1/8/2024 2:40,8,Termofilik,55.1,67.2,6.85,5557,1,1,27.4,13
1/8/2024 2:45,8,Termofilik,54.8,67,6.89,5574,1,0,26.9,13
1/8/2024 2:50,8,Termofilik,54.8,67.7,6.88,5443,1,0,27,13
1/8/2024 2:55,8,Termofilik,54.6,67.6,6.86,5464,1,0,27,13
1/8/2024 3:00,8,Termofilik,54.8,67.6,6.89,5481,1,0,27.2,13
1/8/2024 3:05,8,Termofilik,54.8,67.2,6.86,5477,1,0,27.2,13
1/8/2024 3:10,8,Termofilik,54.7,67.2,6.93,5559,1,0,26.8,13
1/8/2024 3:15,8,Termofilik,54.8,67.4,6.88,5490,1,0,27.4,13
1/8/2024 3:20,8,Termofilik,54.8,67.3,6.9,5492,1,0,27.1,13
1/8/2024 3:25,8,Termofilik,54.8,67.3,6.87,5422,1,0,26.9,13
1/8/2024 3:30,8,Termofilik,54.5,66.9,6.84,5450,1,0,27.2,13
1/8/2024 3:35,8,Termofilik,54.6,66.6,6.92,5547,1,0,27.3,13
1/8/2024 3:40,8,Termofilik,54.9,67.1,6.93,5378,1,0,27.3,13
1/8/2024 3:45,8,Termofilik,54.5,67.3,6.88,5439,1,0,27.5,13
1/8/2024 3:50,8,Termofilik,54.7,67.2,6.85,5512,1,0,27.1,13
1/8/2024 3:55,8,Termofilik,54.8,67.7,6.82,5533,1,0,27.9,13
1/8/2024 4:00,8,Termofilik,54.6,67.5,6.9,5416,1,0,27.4,13
1/8/2024 4:05,8,Termofilik,54.4,67.4,6.89,5476,1,0,27.7,13
1/8/2024 4:10,8,Termofilik,54.5,67.2,6.93,5418,1,0,27.4,13
1/8/2024 4:15,8,Termofilik,54.6,67.1,6.92,5384,1,0,27.1,13
1/8/2024 4:20,8,Termofilik,54.5,66.7,6.85,5345,1,0,27.6,13
1/8/2024 4:25,8,Termofilik,54.5,67.6,6.91,5482,1,0,27.4,13
1/8/2024 4:30,8,Termofilik,54.6,66.9,6.87,5347,1,0,27.7,13
1/8/2024 4:35,8,Termofilik,54.9,67.5,6.81,5383,1,0,27.6,13
1/8/2024 4:40,8,Termofilik,54.6,67.1,6.88,5310,1,0,27.3,13
1/8/2024 4:45,8,Termofilik,54.6,67,6.89,5296,1,0,28.1,13
1/8/2024 4:50,8,Termofilik,54.4,67.2,6.88,5357,1,0,27.7,13
1/8/2024 4:55,8,Termofilik,54.6,67.6,6.9,5386,1,0,27.6,13
1/8/2024 5:00,8,Termofilik,54.9,67.6,6.84,5405,1,0,27.6,13
1/8/2024 5:05,8,Termofilik,54.6,66.9,6.86,5539,1,0,27.9,13
1/8/2024 5:10,8,Termofilik,54.1,67.6,6.91,5362,1,0,27.9,13
1/8/2024 5:15,8,Termofilik,54.3,67.1,6.92,5367,1,0,27.2,13
1/8/2024 5:20,8,Termofilik,54.5,67.2,6.91,5387,1,0,27.7,13
1/8/2024 5:25,8,Termofilik,54.7,67.3,6.85,5476,1,0,27.9,13
1/8/2024 5:30,8,Termofilik,54.5,67.3,6.84,5338,1,0,27.8,13
1/8/2024 5:35,8,Termofilik,54.5,67.6,6.88,5447,1,0,27.9,13
1/8/2024 5:40,8,Termofilik,54.7,67.3,6.87,5375,1,0,27.6,13
1/8/2024 5:45,8,Termofilik,54.6,67.2,6.86,5462,1,0,27.5,13
1/8/2024 5:50,8,Termofilik,54.5,67.5,6.88,5368,1,0,28,13
1/8/2024 5:55,8,Termofilik,54.6,66.7,6.86,5499,1,0,27.8,13
1/8/2024 6:00,8,Termofilik,54.5,67,6.87,5321,1,0,28.1,13
1/8/2024 6:05,8,Termofilik,54.6,67.4,6.84,5339,1,0,28,13
1/8/2024 6:10,8,Termofilik,54.6,66.9,6.9,5459,1,0,27.8,13
1/8/2024 6:15,8,Termofilik,54.5,67,6.95,5328,1,0,28.6,13
1/8/2024 6:20,8,Termofilik,54.4,66.8,6.86,5293,1,0,28,13
1/8/2024 6:25,8,Termofilik,54.5,66.9,6.91,5458,1,0,28.4,13
1/8/2024 6:30,8,Termofilik,54.7,67.2,6.86,5282,1,0,28.3,13
1/8/2024 6:35,8,Termofilik,54.4,66.8,6.91,5509,1,0,28.3,13
1/8/2024 6:40,8,Termofilik,54.8,67,6.84,5405,1,0,28.4,13
1/8/2024 6:45,8,Termofilik,54.6,67,6.91,5275,1,0,28,13
1/8/2024 6:50,8,Termofilik,54.5,67.1,6.84,5298,1,0,28.1,13
1/8/2024 6:55,8,Termofilik,54.6,66.6,6.88,5452,1,0,28.3,13
1/8/2024 7:00,8,Termofilik,54.9,67.5,6.9,5357,1,0,28.3,13
1/8/2024 7:05,8,Termofilik,54.8,66.9,6.82,5390,1,0,28,13
1/8/2024 7:10,8,Termofilik,54.5,67,6.88,5236,1,0,28.4,13
1/8/2024 7:15,8,Termofilik,54.8,66.7,6.92,5224,1,0,29.1,13
1/8/2024 7:20,8,Termofilik,54.6,67.1,6.82,5343,1,0,28.5,13
1/8/2024 7:25,8,Termofilik,54.7,66.8,6.85,5438,1,0,28.5,13
1/8/2024 7:30,8,Termofilik,54.9,66.8,6.87,5412,1,0,28,13
1/8/2024 7:35,8,Termofilik,54.5,67.3,6.84,5200,1,0,29.1,13
1/8/2024 7:40,8,Termofilik,54.5,67,6.88,5121,1,0,28.5,13
1/8/2024 7:45,8,Termofilik,54.8,67.1,6.91,5314,1,0,28.8,13
1/8/2024 7:50,8,Termofilik,54.7,66.5,6.84,5228,1,0,28.9,13
1/8/2024 7:55,8,Termofilik,54.6,67,6.87,5336,1,0,29,13
1/8/2024 8:00,8,Termofilik,54.7,67.1,6.88,5332,1,0,29.4,13
1/8/2024 8:05,8,Termofilik,54.6,67.3,6.9,5305,1,0,29.2,13
1/8/2024 8:10,8,Termofilik,54.6,66.7,6.84,5376,1,0,28.4,13
1/8/2024 8:15,8,Termofilik,54.9,66.8,6.87,5374,1,0,28.7,13
1/8/2024 8:20,8,Termofilik,54.7,67.7,6.87,5166,1,0,28.5,13
1/8/2024 8:25,8,Termofilik,54.7,67.1,6.89,5375,1,0,28.7,13
1/8/2024 8:30,8,Termofilik,54.9,66.7,6.88,5410,1,0,28.9,13
1/8/2024 8:35,8,Termofilik,55,67,6.91,5366,1,0,29,13
1/8/2024 8:40,8,Termofilik,55.1,66.6,6.86,5248,1,1,28.9,13
1/8/2024 8:45,8,Termofilik,54.7,66.9,6.88,5434,1,0,28.7,13
1/8/2024 8:50,8,Termofilik,55,67.1,6.92,5289,1,0,29,13
1/8/2024 8:55,8,Termofilik,55.1,66.9,6.87,5446,1,1,28.4,13
1/8/2024 9:00,8,Termofilik,55,66.9,6.9,5452,1,0,29.4,13
1/8/2024 9:05,8,Termofilik,55,67.1,6.86,5418,1,0,29.6,13
1/8/2024 9:10,8,Termofilik,55.3,66.8,6.87,5222,1,1,29.1,13
1/8/2024 9:15,8,Termofilik,54.9,66.5,6.85,5307,1,0,29.1,13
1/8/2024 9:20,8,Termofilik,55.2,66.5,6.92,5328,1,1,28.9,13
1/8/2024 9:25,8,Termofilik,55.2,67.3,6.89,5316,1,1,28.7,13
1/8/2024 9:30,8,Termofilik,55.1,66.7,6.87,5212,1,1,28.9,13
1/8/2024 9:35,8,Termofilik,55.4,67.1,6.86,5399,1,1,28.8,13
1/8/2024 9:40,8,Termofilik,55.4,66.7,6.91,5208,1,1,29.4,13
1/8/2024 9:45,8,Termofilik,55.2,66.9,6.91,5351,1,1,29.1,13
1/8/2024 9:50,8,Termofilik,55.4,66.6,6.86,5272,1,1,28.8,13
1/8/2024 9:55,8,Termofilik,55.2,66.9,6.89,5304,1,1,29.5,13
1/8/2024 10:00,8,Termofilik,55.2,66.6,6.88,5409,1,1,28.9,13
1/8/2024 10:05,8,Termofilik,55.2,66.1,6.88,5444,1,1,29.2,13
1/8/2024 10:10,8,Termofilik,55.2,66.8,6.92,5340,1,1,29.6,13
1/8/2024 10:15,8,Termofilik,55.2,67,6.95,5389,1,1,28.8,13
1/8/2024 10:20,8,Termofilik,55.3,66.7,6.87,5450,1,1,29.6,13
1/8/2024 10:25,8,Termofilik,55.3,66.5,6.86,5334,1,1,29.3,13
1/8/2024 10:30,8,Termofilik,55.6,67.1,6.84,5195,1,1,29.4,13
1/8/2024 10:35,8,Termofilik,55.2,66.5,6.91,5468,1,1,29.6,13
1/8/2024 10:40,8,Termofilik,55.4,65.9,6.89,5355,1,1,29.7,13
1/8/2024 10:45,8,Termofilik,55.4,66.3,6.84,5166,1,1,29.3,13
1/8/2024 10:50,8,Termofilik,55.3,66.5,6.87,5306,1,1,29.3,13
1/8/2024 10:55,8,Termofilik,55,66.9,6.86,5317,1,0,29.2,13
1/8/2024 11:00,8,Termofilik,55.4,66.5,6.86,5318,1,1,30.2,13
1/8/2024 11:05,8,Termofilik,55.5,66.3,6.86,5198,1,1,29.6,13
1/8/2024 11:10,8,Termofilik,55.6,66.7,6.82,5260,1,1,29.5,13
1/8/2024 11:15,8,Termofilik,55.6,66.3,6.88,5383,1,1,29.5,13
1/8/2024 11:20,8,Termofilik,55.7,66.5,6.88,5478,1,1,30.2,13
1/8/2024 11:25,8,Termofilik,55.8,65.4,6.94,5414,1,1,30.4,13
1/8/2024 11:30,8,Termofilik,55.8,66.8,6.92,5458,1,1,30.4,13
1/8/2024 11:35,8,Termofilik,55.7,65.8,6.88,5381,1,1,29.9,13
1/8/2024 11:40,8,Termofilik,55.5,65.8,6.87,5415,1,1,30.4,13
1/8/2024 11:45,8,Termofilik,55.8,66.6,6.89,5211,1,1,29.8,13
1/8/2024 11:50,8,Termofilik,55.7,66.1,6.89,5385,1,1,30.2,13
1/8/2024 11:55,8,Termofilik,55.7,65.7,6.88,5353,1,1,30.3,13
1/8/2024 12:00,8,Termofilik,55.7,66.4,6.9,5353,1,1,30.3,13
1/8/2024 12:05,8,Termofilik,55.7,66.1,6.89,5298,1,1,30.2,13
1/8/2024 12:10,8,Termofilik,55.7,66.3,6.89,5366,1,1,29.9,13
1/8/2024 12:15,8,Termofilik,55.7,66.2,6.9,5348,1,1,30.6,13
1/8/2024 12:20,8,Termofilik,55.7,66.2,6.84,5378,1,1,29.8,13
1/8/2024 12:25,8,Termofilik,55.8,66.1,6.9,5303,1,1,30,13
1/8/2024 12:30,8,Termofilik,56.1,66.3,6.87,5327,1,1,30.7,13
1/8/2024 12:35,8,Termofilik,55.8,66,6.87,5302,1,1,30,13
1/8/2024 12:40,8,Termofilik,55.7,65.8,6.87,5393,1,1,30.1,13
1/8/2024 12:45,8,Termofilik,55.9,66.5,6.93,5322,1,1,30.1,13
1/8/2024 12:50,8,Termofilik,55.8,66.3,6.89,5313,1,1,30,13
1/8/2024 12:55,8,Termofilik,55.8,66.2,6.85,5423,1,1,30.1,13
1/8/2024 13:00,8,Termofilik,55.9,65.7,6.89,5316,1,1,30.3,13
1/8/2024 13:05,8,Termofilik,56.2,66.1,6.87,5284,1,1,30.5,13
1/8/2024 13:10,8,Termofilik,56.1,66.2,6.91,5389,1,1,30.8,13
1/8/2024 13:15,8,Termofilik,55.7,66.3,6.92,5232,1,1,30.2,13
1/8/2024 13:20,8,Termofilik,55.8,65.8,6.88,5357,1,1,30.7,13
1/8/2024 13:25,8,Termofilik,56.1,65.8,6.87,5442,1,1,30.7,13
1/8/2024 13:30,8,Termofilik,56,66.2,6.89,5377,1,1,30.4,13
1/8/2024 13:35,8,Termofilik,56,65.6,6.87,5280,1,1,30.4,13
1/8/2024 13:40,8,Termofilik,55.9,65.9,6.85,5376,1,1,30.5,13
1/8/2024 13:45,8,Termofilik,55.7,65.8,6.9,5287,1,1,30.4,13
1/8/2024 13:50,8,Termofilik,56,66.1,6.85,5373,1,1,30.4,13
1/8/2024 13:55,8,Termofilik,56,66,6.88,5245,1,1,30.6,13
1/8/2024 14:00,8,Termofilik,56.3,65.6,6.95,5305,1,1,30.7,13
1/8/2024 14:05,8,Termofilik,55.9,65.7,6.88,5240,1,1,30.6,13
1/8/2024 14:10,8,Termofilik,56,66.5,6.86,5330,1,1,30.8,13
1/8/2024 14:15,8,Termofilik,55.9,66.2,6.88,5120,1,1,30.9,13
1/8/2024 14:20,8,Termofilik,55.9,65.6,6.92,5290,1,1,31.1,13
1/8/2024 14:25,8,Termofilik,56.2,65.7,6.92,5255,1,1,31.5,13
1/8/2024 14:30,8,Termofilik,55.9,66.2,6.92,5338,1,1,30.6,13
1/8/2024 14:35,8,Termofilik,56,65.3,6.9,5338,1,1,30.9,13
1/8/2024 14:40,8,Termofilik,55.6,65.5,6.87,5331,1,1,31,13
1/8/2024 14:45,8,Termofilik,55.9,66.1,6.87,5354,1,1,31.1,13
1/8/2024 14:50,8,Termofilik,56.1,65.9,6.95,5342,1,1,30.7,13
1/8/2024 14:55,8,Termofilik,56.1,66.1,6.88,5387,1,1,31.1,13
1/8/2024 15:00,8,Termofilik,55.7,66,6.89,5340,1,1,31.3,13
1/8/2024 15:05,8,Termofilik,56,66.4,6.89,5344,1,1,31.3,13
1/8/2024 15:10,8,Termofilik,56,66.1,6.88,5257,1,1,30.7,13
1/8/2024 15:15,8,Termofilik,56.1,66,6.93,5351,1,1,31,13
1/8/2024 15:20,8,Termofilik,55.8,66,6.93,5345,1,1,31.4,13
1/8/2024 15:25,8,Termofilik,56,65.7,6.88,5277,1,1,31.1,13
1/8/2024 15:30,8,Termofilik,56,65.8,6.89,5216,1,1,31.4,13
1/8/2024 15:35,8,Termofilik,56,65.8,6.88,5168,1,1,31.6,13
1/8/2024 15:40,8,Termofilik,56.1,65.4,6.92,5344,1,1,31.3,13
1/8/2024 15:45,8,Termofilik,56.2,65.9,6.86,5296,1,1,31.3,13
1/8/2024 15:50,8,Termofilik,55.9,66,6.85,5342,1,1,31,13
1/8/2024 15:55,8,Termofilik,55.8,65.8,6.91,5272,1,1,31.1,13
1/8/2024 16:00,8,Termofilik,55.9,65.5,6.89,5341,1,1,31.3,13
1/8/2024 16:05,8,Termofilik,56.1,66.3,6.88,5236,1,1,32,13
1/8/2024 16:10,8,Termofilik,56.1,65.3,6.91,5247,1,1,31.6,13
1/8/2024 16:15,8,Termofilik,55.8,65.6,6.88,5197,1,1,31.7,13
1/8/2024 16:20,8,Termofilik,55.7,65.6,6.85,5319,1,1,31.8,13
1/8/2024 16:25,8,Termofilik,55.8,65.7,6.91,5352,1,1,31.6,13
1/8/2024 16:30,8,Termofilik,55.8,65.3,6.87,5235,1,1,31.3,13
1/8/2024 16:35,8,Termofilik,55.9,65.6,6.87,5130,1,1,32,13
1/8/2024 16:40,8,Termofilik,56,66.3,6.92,5185,1,1,32,13
1/8/2024 16:45,8,Termofilik,55.8,65.9,6.9,4979,1,1,32.1,13
1/8/2024 16:50,8,Termofilik,55.9,65.9,6.9,5223,1,1,31.4,13
1/8/2024 16:55,8,Termofilik,55.9,65.4,6.91,5250,1,1,31.6,13
1/8/2024 17:00,8,Termofilik,55.8,65.5,6.87,5219,1,1,31.9,13
1/8/2024 17:05,8,Termofilik,55.5,66,6.89,5179,1,1,31.3,13
1/8/2024 17:10,8,Termofilik,55.6,66.1,6.9,5158,1,1,31.7,13
1/8/2024 17:15,8,Termofilik,55.8,65.9,6.9,5271,1,1,32,13
1/8/2024 17:20,8,Termofilik,55.7,65.8,6.92,5203,1,1,32.1,13
1/8/2024 17:25,8,Termofilik,55.8,65.5,6.87,5116,1,1,32.1,13
1/8/2024 17:30,8,Termofilik,55.4,65.9,6.91,5260,1,1,31.9,13
1/8/2024 17:35,8,Termofilik,55.4,65.5,6.87,5118,1,1,31.8,13
1/8/2024 17:40,8,Termofilik,55.4,66.3,6.86,5263,1,1,32.2,13
1/8/2024 17:45,8,Termofilik,55.7,65.6,6.91,5047,1,1,32.2,13
1/8/2024 17:50,8,Termofilik,55.5,65.7,6.87,4945,1,1,31.6,13
1/8/2024 17:55,8,Termofilik,55.7,65.7,6.9,5190,1,1,32.5,13
1/8/2024 18:00,8,Termofilik,55.7,65.5,6.85,5320,1,1,32.7,13
1/8/2024 18:05,8,Termofilik,55.5,65.4,6.93,5116,1,1,32,13
1/8/2024 18:10,8,Termofilik,55.5,65.9,6.87,5092,1,1,32.3,13
1/8/2024 18:15,8,Termofilik,55.5,65.9,6.93,5083,1,1,32.1,13
1/8/2024 18:20,8,Termofilik,54.8,65.7,6.93,5074,1,0,32,13
1/8/2024 18:25,8,Termofilik,54.9,66.1,6.92,5165,1,0,31.6,13
1/8/2024 18:30,8,Termofilik,55.2,65.7,6.9,5043,1,1,32.1,13
1/8/2024 18:35,8,Termofilik,55.4,65.3,6.96,5124,1,1,32.2,13
1/8/2024 18:40,8,Termofilik,55.4,65.4,6.89,5069,1,1,32.6,13
1/8/2024 18:45,8,Termofilik,55.2,66,6.89,5111,1,1,32.8,13
1/8/2024 18:50,8,Termofilik,55.3,65.8,6.93,5111,1,1,32.4,13
1/8/2024 18:55,8,Termofilik,55.3,66.2,6.9,5109,1,1,32.2,13
1/8/2024 19:00,8,Termofilik,54.9,65.8,6.91,4918,1,0,32.6,13
1/8/2024 19:05,8,Termofilik,54.6,66.7,6.95,5023,1,0,32.4,13
1/8/2024 19:10,8,Termofilik,54.9,65.7,6.91,5025,1,0,32.4,13
1/8/2024 19:15,8,Termofilik,55,65.5,6.91,5042,1,0,32.5,13
1/8/2024 19:20,8,Termofilik,54.9,66.2,6.9,5040,1,0,32.8,13
1/8/2024 19:25,8,Termofilik,54.9,65.9,6.91,5113,1,0,32.4,13
1/8/2024 19:30,8,Termofilik,55.1,65.9,6.88,5061,1,1,32.4,13
1/8/2024 19:35,8,Termofilik,54.9,65.1,6.91,4962,1,0,32.2,13
1/8/2024 19:40,8,Termofilik,54.7,65.7,6.91,4882,1,0,32.7,13
1/8/2024 19:45,8,Termofilik,55,66,6.93,5071,1,0,33,13
1/8/2024 19:50,8,Termofilik,55,65.8,6.89,5039,1,0,32.8,13
1/8/2024 19:55,8,Termofilik,54.8,66.5,6.91,5003,1,0,32.3,13
1/8/2024 20:00,8,Termofilik,55,65.8,6.9,4933,1,0,32.5,13
1/8/2024 20:05,8,Termofilik,54.6,65.8,6.87,4890,1,0,33.3,13
1/8/2024 20:10,8,Termofilik,54.7,66.2,6.95,5092,1,0,32.2,13
1/8/2024 20:15,8,Termofilik,54.3,65.7,6.9,4913,1,0,32.6,13
1/8/2024 20:20,8,Termofilik,54.5,66,6.89,4755,1,0,32.5,13
1/8/2024 20:25,8,Termofilik,54.4,65.9,6.88,4882,1,0,32.5,13
1/8/2024 20:30,8,Termofilik,54.4,65.6,6.89,4808,1,0,32.8,13
1/8/2024 20:35,8,Termofilik,54.2,66.2,6.92,4899,1,0,32.6,13
1/8/2024 20:40,8,Termofilik,54.4,66.2,6.92,5025,1,0,33,13
1/8/2024 20:45,8,Termofilik,54.4,66,6.93,4825,1,0,32.8,13
1/8/2024 20:50,8,Termofilik,54.3,66.1,6.93,4968,1,0,32.5,13
1/8/2024 20:55,8,Termofilik,54,66.1,6.89,5142,1,0,33.1,13
1/8/2024 21:00,8,Termofilik,54.1,65.8,6.9,4866,1,0,33,13
1/8/2024 21:05,8,Termofilik,54,65.9,6.95,4966,1,0,33.1,13
1/8/2024 21:10,8,Termofilik,53.9,66.2,6.96,4957,1,0,33.3,13
1/8/2024 21:15,8,Termofilik,54.2,66,6.93,4784,1,0,33.2,13
1/8/2024 21:20,8,Termofilik,54.2,65.8,6.89,4838,1,0,33,13
1/8/2024 21:25,8,Termofilik,54,65.9,6.97,4719,1,0,33.5,13
1/8/2024 21:30,8,Termofilik,53.8,65.5,6.92,4793,1,0,32.8,13
1/8/2024 21:35,8,Termofilik,53.6,66,6.94,4852,1,0,33.2,13
1/8/2024 21:40,8,Termofilik,53.9,66,6.87,4683,1,0,33.2,13
1/8/2024 21:45,8,Termofilik,53.7,66.3,6.94,4837,1,0,33.2,13
1/8/2024 21:50,8,Termofilik,53.5,66.2,6.93,4589,1,0,33,13
1/8/2024 21:55,8,Termofilik,53.6,66.1,6.89,4769,1,0,33.2,13
1/8/2024 22:00,8,Termofilik,53.6,65.9,6.9,4677,1,0,33.4,13
1/8/2024 22:05,8,Termofilik,53.7,65.9,6.96,4730,1,0,33.8,13
1/8/2024 22:10,8,Termofilik,53.4,65.5,6.93,4766,1,0,33.4,13
1/8/2024 22:15,8,Termofilik,53.4,66.1,6.9,4714,1,0,33.7,13
1/8/2024 22:20,8,Termofilik,53.5,66.3,6.91,4702,1,0,33.1,13
1/8/2024 22:25,8,Termofilik,53.3,65.1,6.9,4715,1,0,33.6,13
1/8/2024 22:30,8,Termofilik,53.3,66.2,6.85,4708,1,0,33,13
1/8/2024 22:35,8,Termofilik,53.1,66.1,6.95,4734,1,0,33.5,13
1/8/2024 22:40,8,Termofilik,53.3,65.9,6.9,4730,1,0,33.1,13
1/8/2024 22:45,8,Termofilik,53.3,66,6.94,4765,1,0,33.1,13
1/8/2024 22:50,8,Termofilik,53.1,65.9,6.86,4597,1,0,34.3,13
1/8/2024 22:55,8,Termofilik,53.2,66.7,6.94,4612,1,0,33.5,13
1/8/2024 23:00,8,Termofilik,53.2,66.3,6.9,4542,1,0,34.7,13
1/8/2024 23:05,8,Termofilik,53,66.1,6.92,4635,1,0,33.7,13
1/8/2024 23:10,8,Termofilik,53.2,66.1,6.88,4634,1,0,33.6,13
1/8/2024 23:15,8,Termofilik,53.2,66.5,6.92,4536,1,0,33.4,13
1/8/2024 23:20,8,Termofilik,52.9,66.3,6.91,4592,1,0,33.6,13
1/8/2024 23:25,8,Termofilik,52.9,65.5,6.89,4572,1,0,34.2,13
1/8/2024 23:30,8,Termofilik,52.7,66.3,6.93,4718,1,0,34.2,13
1/8/2024 23:35,8,Termofilik,52.8,66.1,6.9,4587,1,0,33.7,13
1/8/2024 23:40,8,Termofilik,52.8,66.4,6.94,4699,1,0,34.4,13
1/8/2024 23:45,8,Termofilik,52.7,66.6,6.91,4685,1,0,34.2,13
1/8/2024 23:50,8,Termofilik,52.8,66.3,6.9,4470,1,0,33.9,13
1/8/2024 23:55,8,Termofilik,52.9,66.2,6.94,4642,1,0,33.9,13
1/9/2024 0:00,9,Termofilik,52.8,65.4,6.88,4493,1,0,33.8,12
1/9/2024 0:05,9,Termofilik,52.6,66.3,6.93,4606,1,0,33.7,12
1/9/2024 0:10,9,Termofilik,52.3,66.4,6.9,4425,1,0,34.3,12
1/9/2024 0:15,9,Termofilik,52.7,66.7,6.93,4593,1,0,34.5,12
1/9/2024 0:20,9,Termofilik,52.3,66.6,6.93,4608,1,0,34.2,12
1/9/2024 0:25,9,Termofilik,52.6,66.3,6.88,4644,1,0,33.9,12
1/9/2024 0:30,9,Termofilik,52.5,66.3,6.96,4611,1,0,34.3,12
1/9/2024 0:35,9,Termofilik,52.4,66.4,6.86,4522,1,0,33.9,12
1/9/2024 0:40,9,Termofilik,52.3,66,6.89,4634,1,0,34.5,12
1/9/2024 0:45,9,Termofilik,52.2,66.4,6.91,4543,1,0,34,12
1/9/2024 0:50,9,Termofilik,52.4,66.2,6.91,4492,1,0,34.1,12
1/9/2024 0:55,9,Termofilik,52.2,66.1,6.94,4581,1,0,34.1,12
1/9/2024 1:00,9,Termofilik,52.1,66.5,6.91,4513,1,0,34.5,12
1/9/2024 1:05,9,Termofilik,52.3,66.1,6.89,4444,1,0,34.1,12
1/9/2024 1:10,9,Termofilik,52.2,66,6.99,4566,1,0,34.4,12
1/9/2024 1:15,9,Termofilik,52.2,65.8,7,4408,1,0,34.4,12
1/9/2024 1:20,9,Termofilik,51.7,66.5,6.89,4456,1,0,34.3,12
1/9/2024 1:25,9,Termofilik,51.8,66.1,6.93,4339,1,0,34.2,12
1/9/2024 1:30,9,Termofilik,52,67.1,6.94,4361,1,0,34.4,12
1/9/2024 1:35,9,Termofilik,51.9,66.2,6.95,4445,1,0,34.8,12
1/9/2024 1:40,9,Termofilik,51.8,66.7,6.92,4344,1,0,35.2,12
1/9/2024 1:45,9,Termofilik,51.6,66.1,6.91,4615,1,0,35.1,12
1/9/2024 1:50,9,Termofilik,52,66.2,7,4438,1,0,34.9,12
1/9/2024 1:55,9,Termofilik,51.8,66.3,6.92,4385,1,0,34.8,12
1/9/2024 2:00,9,Termofilik,51.8,66.3,6.97,4158,1,0,34.8,12
1/9/2024 2:05,9,Termofilik,51.8,66.7,6.92,4406,1,0,35,12
1/9/2024 2:10,9,Termofilik,51.9,66.3,6.93,4518,1,0,34.1,12
1/9/2024 2:15,9,Termofilik,51.6,66.8,6.96,4419,1,0,34.6,12
1/9/2024 2:20,9,Termofilik,51.5,66.2,6.97,4321,1,0,34.8,12
1/9/2024 2:25,9,Termofilik,51.5,66.6,6.91,4358,1,0,34.3,12
1/9/2024 2:30,9,Termofilik,51.4,66.4,6.89,4528,1,0,34.2,12
1/9/2024 2:35,9,Termofilik,51.5,66.4,6.92,4266,1,0,34.6,12
1/9/2024 2:40,9,Termofilik,51.4,66.3,6.99,4355,1,0,35.2,12
1/9/2024 2:45,9,Termofilik,51.6,66.7,6.84,4319,1,0,35.3,12
1/9/2024 2:50,9,Termofilik,51.4,66.9,6.97,4300,1,0,34.8,12
1/9/2024 2:55,9,Termofilik,51.3,66.2,6.89,4367,1,0,34.5,12
1/9/2024 3:00,9,Termofilik,51.6,66.5,6.88,4451,1,0,35.2,12
1/9/2024 3:05,9,Termofilik,51.6,66.1,6.95,4412,1,0,35,12
1/9/2024 3:10,9,Termofilik,51.7,66.4,6.96,4340,1,0,35.2,12
1/9/2024 3:15,9,Termofilik,51.2,66.5,6.91,4244,1,0,35.6,12
1/9/2024 3:20,9,Termofilik,51.4,66.1,6.92,4203,1,0,35.5,12
1/9/2024 3:25,9,Termofilik,51.3,66.5,6.97,4262,1,0,35.3,12
1/9/2024 3:30,9,Termofilik,51.2,67.1,6.96,4282,1,0,34.9,12
1/9/2024 3:35,9,Termofilik,51.3,66.2,6.99,4195,1,0,35.2,12
1/9/2024 3:40,9,Termofilik,51.3,66.3,6.93,4279,1,0,35.5,12
1/9/2024 3:45,9,Termofilik,51.4,66.5,6.84,4308,1,0,34.8,12
1/9/2024 3:50,9,Termofilik,51.4,66.8,6.9,4259,1,0,35.1,12
1/9/2024 3:55,9,Termofilik,51.5,66.4,6.98,4309,1,0,35.4,12
1/9/2024 4:00,9,Termofilik,51.3,66.6,6.88,4279,1,0,35.3,12
1/9/2024 4:05,9,Termofilik,51.4,66.3,6.9,4268,1,0,35,12
1/9/2024 4:10,9,Termofilik,51,66.5,6.95,4301,1,0,35.8,12
1/9/2024 4:15,9,Termofilik,51.1,65.9,6.93,4232,1,0,35.2,12
1/9/2024 4:20,9,Termofilik,51.2,66.1,6.88,4221,1,0,35.1,12
1/9/2024 4:25,9,Termofilik,51.3,66.1,6.96,4381,1,0,35.7,12
1/9/2024 4:30,9,Termofilik,51,66.8,6.98,4251,1,0,35.9,12
1/9/2024 4:35,9,Termofilik,51.1,65.7,6.91,4384,1,0,35.1,12
1/9/2024 4:40,9,Termofilik,51.2,66.3,6.92,4207,1,0,35.6,12
1/9/2024 4:45,9,Termofilik,51.1,65.9,6.94,4325,1,0,35.8,12
1/9/2024 4:50,9,Termofilik,51.1,65.9,6.92,4361,1,0,35.8,12
1/9/2024 4:55,9,Termofilik,51.3,66.5,6.94,4243,1,0,35.8,12
1/9/2024 5:00,9,Termofilik,51.1,65.9,6.95,4329,1,0,35.3,12
1/9/2024 5:05,9,Termofilik,51.3,66.8,6.93,4162,1,0,35.7,12
1/9/2024 5:10,9,Termofilik,51.1,66.1,6.95,4096,1,0,35.3,12
1/9/2024 5:15,9,Termofilik,51.2,66.2,6.94,4372,1,0,35.8,12
1/9/2024 5:20,9,Termofilik,51.3,66,6.96,4177,1,0,35.8,12
1/9/2024 5:25,9,Termofilik,51.2,66.6,6.89,4034,1,0,35.7,12
1/9/2024 5:30,9,Termofilik,51.3,66.3,6.97,4249,1,0,35.7,12
1/9/2024 5:35,9,Termofilik,50.8,66.2,6.96,4180,1,0,35.9,12
1/9/2024 5:40,9,Termofilik,51.2,65.9,6.95,4340,1,0,35.8,12
1/9/2024 5:45,9,Termofilik,51,66.2,6.87,4234,1,0,36.1,12
1/9/2024 5:50,9,Termofilik,51.4,66.1,6.95,4136,1,0,35.8,12
1/9/2024 5:55,9,Termofilik,51,66.1,6.93,4227,1,0,35.8,12
1/9/2024 6:00,9,Termofilik,51.2,66.1,6.93,4208,1,0,36,12
1/9/2024 6:05,9,Termofilik,51.3,66.1,6.92,4185,1,0,35.8,12
1/9/2024 6:10,9,Termofilik,51.2,66.8,6.91,4175,1,0,35.9,12
1/9/2024 6:15,9,Termofilik,51.2,66.1,6.94,4059,1,0,36.4,12
1/9/2024 6:20,9,Termofilik,51.3,65.8,6.87,4116,1,0,36,12
1/9/2024 6:25,9,Termofilik,51.6,66.3,6.88,4138,1,0,36.1,12
1/9/2024 6:30,9,Termofilik,51.3,65.7,6.93,4134,1,0,35.8,12
1/9/2024 6:35,9,Termofilik,51.3,66.3,6.96,4236,1,0,36,12
1/9/2024 6:40,9,Termofilik,51.4,66.2,6.94,4140,1,0,36.1,12
1/9/2024 6:45,9,Termofilik,51.3,66.8,6.95,4139,1,0,36,12
1/9/2024 6:50,9,Termofilik,51.2,66.7,6.93,4259,1,0,36.2,12
1/9/2024 6:55,9,Termofilik,51.3,66.3,6.92,4134,1,0,36.8,12
1/9/2024 7:00,9,Termofilik,51.4,66.3,6.96,4221,1,0,36.9,12
1/9/2024 7:05,9,Termofilik,51.3,66.2,6.89,4118,1,0,36,12
1/9/2024 7:10,9,Termofilik,51.5,65.3,6.93,3943,1,0,36.1,12
1/9/2024 7:15,9,Termofilik,51.3,66.4,6.95,4115,1,0,36.7,12
1/9/2024 7:20,9,Termofilik,51.4,66,6.9,4102,1,0,36.2,12
1/9/2024 7:25,9,Termofilik,51.4,66,6.98,4211,1,0,35.7,12
1/9/2024 7:30,9,Termofilik,51.4,65.6,6.91,4115,1,0,36.3,12
1/9/2024 7:35,9,Termofilik,51.2,66,6.9,4208,1,0,37.2,12
1/9/2024 7:40,9,Termofilik,51.2,65.9,6.86,4155,1,0,36.7,12
1/9/2024 7:45,9,Termofilik,51.5,66,6.97,4382,1,0,37.1,12
1/9/2024 7:50,9,Termofilik,51.4,65.5,6.93,4102,1,0,36.7,12
1/9/2024 7:55,9,Termofilik,51.3,65.9,6.96,4170,1,0,36.4,12
1/9/2024 8:00,9,Termofilik,51.6,65.4,6.93,4174,1,0,36.7,12
1/9/2024 8:05,9,Termofilik,51.5,66.1,6.94,4148,1,0,36.6,12
1/9/2024 8:10,9,Termofilik,51.4,66.1,6.92,4245,1,0,36.7,12
1/9/2024 8:15,9,Termofilik,51.4,66.1,6.92,4228,1,0,36.8,12
1/9/2024 8:20,9,Termofilik,51.5,66,6.96,4269,1,0,37.1,12
1/9/2024 8:25,9,Termofilik,51.6,65.5,7.01,4064,1,0,37.1,12
1/9/2024 8:30,9,Termofilik,51.6,65.5,6.94,4170,1,0,37.2,12
1/9/2024 8:35,9,Termofilik,51.5,65.7,6.87,4315,1,0,36.5,12
1/9/2024 8:40,9,Termofilik,51.7,65.8,6.94,4241,1,0,37.4,12
1/9/2024 8:45,9,Termofilik,51.7,66,6.95,4258,1,0,36.8,12
1/9/2024 8:50,9,Termofilik,51.8,66.1,6.97,4124,1,0,36.9,12
1/9/2024 8:55,9,Termofilik,51.7,65.4,6.99,4176,1,0,37.1,12
1/9/2024 9:00,9,Termofilik,51.6,65.4,6.92,4194,1,0,37.2,12
1/9/2024 9:05,9,Termofilik,51.7,65.8,6.93,4217,1,0,37.5,12
1/9/2024 9:10,9,Termofilik,51.8,66,6.95,4057,1,0,36.7,12
1/9/2024 9:15,9,Termofilik,51.8,65.7,6.96,4312,1,0,37.3,12
1/9/2024 9:20,9,Termofilik,52,65.7,6.92,4173,1,0,36.9,12
1/9/2024 9:25,9,Termofilik,52,65.9,6.96,4277,1,0,36.5,12
1/9/2024 9:30,9,Termofilik,51.9,65.3,6.94,4153,1,0,37.4,12
1/9/2024 9:35,9,Termofilik,51.9,66.1,6.93,4235,1,0,37.2,12
1/9/2024 9:40,9,Termofilik,51.6,65.4,6.94,4268,1,0,37.4,12
1/9/2024 9:45,9,Termofilik,51.7,65.6,7,4188,1,0,37.2,12
1/9/2024 9:50,9,Termofilik,52,65.8,6.93,4220,1,0,37.2,12
1/9/2024 9:55,9,Termofilik,52,65.6,6.96,4119,1,0,37.1,12
1/9/2024 10:00,9,Termofilik,52.1,65.6,6.95,4156,1,0,37.6,12
1/9/2024 10:05,9,Termofilik,51.9,65.5,6.97,4274,1,0,37.2,12
1/9/2024 10:10,9,Termofilik,52.3,65.6,6.91,4210,1,0,37.3,12
1/9/2024 10:15,9,Termofilik,52.1,65.5,6.95,4108,1,0,37.7,12
1/9/2024 10:20,9,Termofilik,51.9,65.2,6.96,4310,1,0,37.3,12
1/9/2024 10:25,9,Termofilik,52.2,65.8,6.97,4157,1,0,37.1,12
1/9/2024 10:30,9,Termofilik,51.7,65.4,6.98,4092,1,0,37.7,12
1/9/2024 10:35,9,Termofilik,51.9,65.5,6.97,4129,1,0,37.6,12
1/9/2024 10:40,9,Termofilik,52.1,65.7,6.95,4187,1,0,38,12
1/9/2024 10:45,9,Termofilik,52.2,65.2,6.94,4177,1,0,37.6,12
1/9/2024 10:50,9,Termofilik,52.5,65.6,6.89,4139,1,0,37,12
1/9/2024 10:55,9,Termofilik,52.2,64.8,6.92,4061,1,0,37.8,12
1/9/2024 11:00,9,Termofilik,52.2,65.5,6.94,4072,1,0,37.8,12
1/9/2024 11:05,9,Termofilik,52.5,65.5,6.93,4069,1,0,37.4,12
1/9/2024 11:10,9,Termofilik,52.3,65.7,6.96,4247,1,0,37.9,12
1/9/2024 11:15,9,Termofilik,52.3,65.2,6.95,4116,1,0,37.8,12
1/9/2024 11:20,9,Termofilik,52.3,65.9,6.91,4222,1,0,38.2,12
1/9/2024 11:25,9,Termofilik,52.4,65.6,6.97,4288,1,0,37.5,12
1/9/2024 11:30,9,Termofilik,52.1,65.3,6.88,4282,1,0,38.2,12
1/9/2024 11:35,9,Termofilik,52.3,65.2,6.95,4188,1,0,37.9,12
1/9/2024 11:40,9,Termofilik,52.4,65.3,6.98,4219,1,0,37.7,12
1/9/2024 11:45,9,Termofilik,52.6,64.9,6.95,4261,1,0,37.7,12
1/9/2024 11:50,9,Termofilik,52.4,65.4,6.92,4177,1,0,37.9,12
1/9/2024 11:55,9,Termofilik,52.3,66,6.93,4263,1,0,37.9,12
1/9/2024 12:00,9,Termofilik,52.3,65.3,6.97,4256,1,0,38.5,12
1/9/2024 12:05,9,Termofilik,52.9,65.3,6.93,4219,1,0,37.9,12
1/9/2024 12:10,9,Termofilik,52.7,64.8,7.02,4251,1,0,37.6,12
1/9/2024 12:15,9,Termofilik,52.4,65.5,6.99,4080,1,0,38.3,12
1/9/2024 12:20,9,Termofilik,52.2,65.2,6.98,4137,1,0,37.7,12
1/9/2024 12:25,9,Termofilik,52.5,65,6.97,4110,1,0,37.9,12
1/9/2024 12:30,9,Termofilik,52.2,65.2,6.95,4085,1,0,38.2,12
1/9/2024 12:35,9,Termofilik,52.7,65.1,6.96,4202,1,0,37.8,12
1/9/2024 12:40,9,Termofilik,52.8,65,6.97,4241,1,0,38.2,12
1/9/2024 12:45,9,Termofilik,52.6,65.2,6.91,4152,1,0,38.1,12
1/9/2024 12:50,9,Termofilik,52.5,64.7,6.99,4306,1,0,38.6,12
1/9/2024 12:55,9,Termofilik,52.8,65,6.93,4114,1,0,38.5,12
1/9/2024 13:00,9,Termofilik,52.6,65.1,6.99,4208,1,0,38.1,12
1/9/2024 13:05,9,Termofilik,52.5,65.3,6.98,4219,1,0,38.9,12
1/9/2024 13:10,9,Termofilik,52.9,65.2,6.93,4069,1,0,38.3,12
1/9/2024 13:15,9,Termofilik,52.7,65.6,6.97,4266,1,0,38.3,12
1/9/2024 13:20,9,Termofilik,52.7,65.3,6.89,4138,1,0,38.7,12
1/9/2024 13:25,9,Termofilik,52.7,64.7,6.88,4141,1,0,38.5,12
1/9/2024 13:30,9,Termofilik,52.5,65.1,6.97,4222,1,0,37.8,12
1/9/2024 13:35,9,Termofilik,52.5,64.9,6.97,4206,1,0,38.7,12
1/9/2024 13:40,9,Termofilik,52.6,64.9,6.93,4227,1,0,38.3,12
1/9/2024 13:45,9,Termofilik,52.8,65.1,6.95,4112,1,0,38.2,12
1/9/2024 13:50,9,Termofilik,52.6,64.9,6.88,4147,1,0,38.9,12
1/9/2024 13:55,9,Termofilik,52.8,64.8,6.96,4116,1,0,38.7,12
1/9/2024 14:00,9,Termofilik,52.9,65.3,6.97,4119,1,0,38.9,12
1/9/2024 14:05,9,Termofilik,52.4,64.9,6.97,4216,1,0,38.9,12
1/9/2024 14:10,9,Termofilik,52.7,64.9,6.97,4079,1,0,38.5,12
1/9/2024 14:15,9,Termofilik,52.7,65,6.9,4189,1,0,39,12
1/9/2024 14:20,9,Termofilik,52.7,65.7,6.94,4122,1,0,38.7,12
1/9/2024 14:25,9,Termofilik,52.7,64.8,6.91,4105,1,0,38.8,12
1/9/2024 14:30,9,Termofilik,52.9,65.6,7,4084,1,0,38.6,12
1/9/2024 14:35,9,Termofilik,52.7,65.5,6.95,4037,1,0,38.7,12
1/9/2024 14:40,9,Termofilik,52.8,65.1,6.95,4196,1,0,38.2,12
1/9/2024 14:45,9,Termofilik,52.7,65.2,6.93,4072,1,0,38.4,12
1/9/2024 14:50,9,Termofilik,52.9,64.7,6.96,4184,1,0,39.4,12
1/9/2024 14:55,9,Termofilik,52.7,64.7,6.96,4236,1,0,38.9,12
1/9/2024 15:00,9,Termofilik,52.6,64.4,6.92,4199,1,0,38.9,12
1/9/2024 15:05,9,Termofilik,52.6,64.7,6.96,4108,1,0,38.9,12
1/9/2024 15:10,9,Termofilik,52.9,65.3,6.91,4150,1,0,38.8,12
1/9/2024 15:15,9,Termofilik,52.6,65,6.95,4139,1,0,39.3,12
1/9/2024 15:20,9,Termofilik,52.7,64.7,6.94,4003,1,0,38.9,12
1/9/2024 15:25,9,Termofilik,53,64.6,6.92,4140,1,0,39.1,12
1/9/2024 15:30,9,Termofilik,52.7,65.3,6.98,4069,1,0,39,12
1/9/2024 15:35,9,Termofilik,52.6,65.1,6.95,3964,1,0,39.2,12
1/9/2024 15:40,9,Termofilik,52.4,65.5,6.93,4091,1,0,39.3,12
1/9/2024 15:45,9,Termofilik,52.6,64.8,6.97,4222,1,0,39.5,12
1/9/2024 15:50,9,Termofilik,52.9,64.5,6.97,4109,1,0,39.4,12
1/9/2024 15:55,9,Termofilik,52.8,64.8,6.95,4135,1,0,38.8,12
1/9/2024 16:00,9,Termofilik,52.6,64.8,6.93,4173,1,0,39,12
1/9/2024 16:05,9,Termofilik,52.6,64.9,7,4083,1,0,39.6,12
1/9/2024 16:10,9,Termofilik,52.7,64.9,6.93,3965,1,0,39.4,12
1/9/2024 16:15,9,Termofilik,52.5,65.1,6.98,4061,1,0,39.1,12
1/9/2024 16:20,9,Termofilik,52.6,64.5,6.94,3993,1,0,39.4,12
1/9/2024 16:25,9,Termofilik,52.7,64.8,6.95,3945,1,0,39.6,12
1/9/2024 16:30,9,Termofilik,52.4,64.9,6.95,4129,1,0,39.5,12
1/9/2024 16:35,9,Termofilik,52.5,65,7.02,4129,1,0,39.5,12
1/9/2024 16:40,9,Termofilik,52.5,64.7,6.93,4009,1,0,39.3,12
1/9/2024 16:45,9,Termofilik,52.6,64.5,7,4108,1,0,39.6,12
1/9/2024 16:50,9,Termofilik,52.5,64.6,6.97,4130,1,0,39.4,12
1/9/2024 16:55,9,Termofilik,52.2,65,6.97,3948,1,0,39.4,12
1/9/2024 17:00,9,Termofilik,52.3,64.6,6.95,4012,1,0,39.5,12
1/9/2024 17:05,9,Termofilik,52.3,64.7,6.97,4002,1,0,40,12
1/9/2024 17:10,9,Termofilik,52.5,64.3,6.98,4071,1,0,39.6,12
1/9/2024 17:15,9,Termofilik,52.1,64.8,6.96,3927,1,0,39.3,12
1/9/2024 17:20,9,Termofilik,52.3,64.7,6.95,4005,1,0,39.4,12
1/9/2024 17:25,9,Termofilik,52.2,65,6.95,3872,1,0,39.7,12
1/9/2024 17:30,9,Termofilik,52.1,64.9,6.97,3868,1,0,40.1,12
1/9/2024 17:35,9,Termofilik,52.1,65.3,6.96,3895,1,0,39.5,12
1/9/2024 17:40,9,Termofilik,52.3,64.7,6.96,4118,1,0,39.7,12
1/9/2024 17:45,9,Termofilik,52.2,65.2,6.97,3854,1,0,40.1,12
1/9/2024 17:50,9,Termofilik,52,65.2,6.94,4214,1,0,40.4,12
1/9/2024 17:55,9,Termofilik,52,64.8,6.99,4033,1,0,40.1,12
1/9/2024 18:00,9,Termofilik,52.3,64.8,6.95,3937,1,0,40.3,12
1/9/2024 18:05,9,Termofilik,52.2,64.9,6.99,3794,1,0,40.1,12
1/9/2024 18:10,9,Termofilik,52.1,65.3,6.92,4076,1,0,40.1,12
1/9/2024 18:15,9,Termofilik,52.1,65.3,6.98,3977,1,0,40.2,12
1/9/2024 18:20,9,Termofilik,51.9,64.8,6.94,3935,1,0,39.4,12
1/9/2024 18:25,9,Termofilik,52,64.8,6.96,3950,1,0,39.7,12
1/9/2024 18:30,9,Termofilik,52.2,64.8,6.96,3848,1,0,40.2,12
1/9/2024 18:35,9,Termofilik,52.1,65.1,6.99,3962,1,0,40.1,12
1/9/2024 18:40,9,Termofilik,51.7,64.8,6.96,3996,1,0,40.3,12
1/9/2024 18:45,9,Termofilik,52.1,65.2,6.95,3761,1,0,40.7,12
1/9/2024 18:50,9,Termofilik,52,64.4,7.01,3929,1,0,40.3,12
1/9/2024 18:55,9,Termofilik,52,65.3,6.99,3929,1,0,40.5,12
1/9/2024 19:00,9,Termofilik,51.7,64.8,6.94,3857,1,0,40.2,12
1/9/2024 19:05,9,Termofilik,51.6,64.9,6.96,3917,1,0,39.9,12
1/9/2024 19:10,9,Termofilik,51.7,64.9,6.96,3856,1,0,39.9,12
1/9/2024 19:15,9,Termofilik,51.7,65.1,6.98,3945,1,0,40.5,12
1/9/2024 19:20,9,Termofilik,51.7,64.9,6.99,3729,1,0,40.2,12
1/9/2024 19:25,9,Termofilik,51.8,64.1,6.96,3941,1,0,40.4,12
1/9/2024 19:30,9,Termofilik,51.5,64.9,6.96,3842,1,0,40.3,12
1/9/2024 19:35,9,Termofilik,51.7,65.3,6.96,3722,1,0,40.4,12
1/9/2024 19:40,9,Termofilik,51.4,65,6.94,3763,1,0,40.7,12
1/9/2024 19:45,9,Termofilik,51.6,64.7,6.93,4080,1,0,40.8,12
1/9/2024 19:50,9,Termofilik,51.3,65.2,6.97,3879,1,0,40.7,12
1/9/2024 19:55,9,Termofilik,51.4,64.9,6.93,3957,1,0,40.4,12
1/9/2024 20:00,9,Termofilik,51.1,64.9,6.94,3790,1,0,40.9,12
1/9/2024 20:05,9,Termofilik,51.4,65.2,6.96,3790,1,0,40.8,12
1/9/2024 20:10,9,Termofilik,51,65.1,6.93,3941,1,0,40.6,12
1/9/2024 20:15,9,Termofilik,51.2,64.7,6.95,3952,1,0,41,12
1/9/2024 20:20,9,Termofilik,50.9,65.4,7.01,3740,1,0,40.9,12
1/9/2024 20:25,9,Termofilik,51.1,65.5,6.95,3766,1,0,40.7,12
1/9/2024 20:30,9,Termofilik,50.8,65.6,6.94,3764,1,0,40.3,12
1/9/2024 20:35,9,Termofilik,51,65.1,6.95,3785,1,0,40.8,12
1/9/2024 20:40,9,Termofilik,51.2,65.4,6.95,3736,1,0,40.9,12
1/9/2024 20:45,9,Termofilik,51,65,6.98,3702,1,0,41,12
1/9/2024 20:50,9,Termofilik,51.1,65.2,6.99,3771,1,0,40.9,12
1/9/2024 20:55,9,Termofilik,50.9,64.7,7.01,3483,1,0,40.9,12
1/9/2024 21:00,9,Termofilik,51,64.6,6.98,3643,1,0,40.9,12
1/9/2024 21:05,9,Termofilik,50.9,65.1,6.91,3611,1,0,41.3,12
1/9/2024 21:10,9,Termofilik,50.8,65.5,7.02,3653,1,0,41.8,12
1/9/2024 21:15,9,Termofilik,50.7,64.7,6.95,3492,1,0,41.6,12
1/9/2024 21:20,9,Termofilik,50.9,64.7,6.97,3672,1,0,40.8,12
1/9/2024 21:25,9,Termofilik,50.3,65,6.96,3624,1,0,41.2,12
1/9/2024 21:30,9,Termofilik,50.8,64.9,6.98,3705,1,0,41.3,12
1/9/2024 21:35,9,Termofilik,50.4,65.1,6.99,3548,1,0,41.6,12
1/9/2024 21:40,9,Termofilik,50.7,64.8,6.98,3682,1,0,41.1,12
1/9/2024 21:45,9,Termofilik,50.5,65.1,6.93,3659,1,0,40.9,12
1/9/2024 21:50,9,Termofilik,50.5,64.9,6.97,3723,1,0,41.4,12
1/9/2024 21:55,9,Termofilik,50.2,64.8,6.96,3637,1,0,41.4,12
1/9/2024 22:00,9,Termofilik,50.2,64.7,6.98,3582,1,0,42,12
1/9/2024 22:05,9,Termofilik,50.2,65.6,6.94,3462,1,0,41,12
1/9/2024 22:10,9,Termofilik,50.4,65.6,6.95,3543,1,0,41,12
1/9/2024 22:15,9,Termofilik,49.9,65.3,6.98,3572,1,0,41,12
1/9/2024 22:20,9,Termofilik,50.3,65,6.99,3447,1,0,41.4,12
1/9/2024 22:25,9,Termofilik,50.1,65.2,6.98,3594,1,0,41.1,12
1/9/2024 22:30,9,Termofilik,50,65.2,6.98,3552,1,0,41.1,12
1/9/2024 22:35,9,Termofilik,49.8,64.5,7,3604,1,0,41.8,12
1/9/2024 22:40,9,Termofilik,50,64.5,6.95,3543,1,0,41.6,12
1/9/2024 22:45,9,Termofilik,49.8,65.3,6.98,3531,1,0,41.4,12
1/9/2024 22:50,9,Termofilik,50,65,6.94,3451,1,0,41.5,12
1/9/2024 22:55,9,Termofilik,49.9,65.2,6.97,3405,1,0,41.9,12
1/9/2024 23:00,9,Termofilik,49.7,65.1,7.02,3537,1,0,41.2,12
1/9/2024 23:05,9,Termofilik,49.4,65.2,6.94,3540,1,0,41.7,12
1/9/2024 23:10,9,Termofilik,49.7,65,7.03,3707,1,0,41.6,12
1/9/2024 23:15,9,Termofilik,49.7,65.2,6.97,3405,1,0,41.4,12
1/9/2024 23:20,9,Termofilik,49.4,65.3,6.96,3257,1,0,41.9,12
1/9/2024 23:25,9,Termofilik,49.5,65.6,6.99,3337,1,0,41.1,12
1/9/2024 23:30,9,Termofilik,49.4,65,7.01,3447,1,0,42.2,12
1/9/2024 23:35,9,Termofilik,49.3,65.5,7,3278,1,0,42.3,12
1/9/2024 23:40,9,Termofilik,49.4,65.3,6.95,3533,1,0,41.5,12
1/9/2024 23:45,9,Termofilik,49.5,65.5,6.95,3582,1,0,42,12
1/9/2024 23:50,9,Termofilik,49.4,64.8,7.04,3317,1,0,42.3,12
1/9/2024 23:55,9,Termofilik,49.1,65.1,7,3490,1,0,41.6,12
1/10/2024 0:00,10,Termofilik,49.4,65.6,6.95,3527,1,0,41.6,11
1/10/2024 0:05,10,Termofilik,49.1,65.4,6.95,3416,1,0,42.1,11
1/10/2024 0:10,10,Termofilik,49.2,65.5,6.97,3408,1,0,42.4,11
1/10/2024 0:15,10,Termofilik,49.3,65.5,6.95,3426,1,0,41.8,11
1/10/2024 0:20,10,Termofilik,48.9,65.3,6.95,3443,1,0,42.3,11
1/10/2024 0:25,10,Termofilik,48.8,65,6.94,3338,1,0,42.2,11
1/10/2024 0:30,10,Termofilik,49,65.1,7.02,3185,1,0,42.5,11
1/10/2024 0:35,10,Termofilik,48.9,65.3,6.97,3488,1,0,41.8,11
1/10/2024 0:40,10,Termofilik,49,65.5,6.93,3287,1,0,42.1,11
1/10/2024 0:45,10,Termofilik,48.8,65.1,6.97,3408,1,0,42.1,11
1/10/2024 0:50,10,Termofilik,49.1,65,6.94,3505,1,0,42,11
1/10/2024 0:55,10,Termofilik,48.7,64.8,7.01,3319,1,0,42.2,11
1/10/2024 1:00,10,Termofilik,48.8,65.6,6.98,3530,1,0,42.3,11
1/10/2024 1:05,10,Termofilik,49,65.6,6.98,3291,1,0,42.4,11
1/10/2024 1:10,10,Termofilik,48.9,65.1,6.99,3432,1,0,42.9,11
1/10/2024 1:15,10,Termofilik,48.9,65.9,6.96,3385,1,0,42.7,11
1/10/2024 1:20,10,Termofilik,48.6,65.2,7.04,3247,1,0,42,11
1/10/2024 1:25,10,Termofilik,48.9,65.7,7,3317,1,0,42.3,11
1/10/2024 1:30,10,Termofilik,48.7,65.8,6.99,3490,1,0,42.1,11
1/10/2024 1:35,10,Termofilik,48.7,65.2,6.95,3301,1,0,42.6,11
1/10/2024 1:40,10,Termofilik,48.7,66,7,3401,1,0,42.5,11
1/10/2024 1:45,10,Termofilik,48.9,66.1,7,3226,1,0,42.3,11
1/10/2024 1:50,10,Termofilik,48.6,65.5,7.01,3338,1,0,42.5,11
1/10/2024 1:55,10,Termofilik,48.5,65.5,7.04,3379,1,0,42.7,11
1/10/2024 2:00,10,Termofilik,48.7,65.2,6.97,3234,1,0,42.5,11
1/10/2024 2:05,10,Termofilik,48.5,65.7,6.97,3226,1,0,43.1,11
1/10/2024 2:10,10,Termofilik,48.4,65.4,7,3196,1,0,43,11
1/10/2024 2:15,10,Termofilik,48.6,65.8,6.97,3292,1,0,42.6,11
1/10/2024 2:20,10,Termofilik,48.5,64.9,6.99,3167,1,0,42.7,11
1/10/2024 2:25,10,Termofilik,48.1,64.8,7.01,3234,1,0,42.4,11
1/10/2024 2:30,10,Termofilik,48.6,65.5,7.01,3261,1,0,43.5,11
1/10/2024 2:35,10,Termofilik,48.3,65.9,6.98,3139,1,0,42.8,11
1/10/2024 2:40,10,Termofilik,48.4,65,6.96,3267,1,0,42.8,11
1/10/2024 2:45,10,Termofilik,48,65.7,6.97,3159,1,0,43,11
1/10/2024 2:50,10,Termofilik,48.3,65.7,7,3263,1,0,42.7,11
1/10/2024 2:55,10,Termofilik,48.4,65.2,6.96,3309,1,0,42.7,11
1/10/2024 3:00,10,Termofilik,48.3,65.7,6.98,3259,1,0,42.6,11
1/10/2024 3:05,10,Termofilik,48.4,65.5,7.01,3209,1,0,42.7,11
1/10/2024 3:10,10,Termofilik,48.4,65.4,6.96,3358,1,0,42.3,11
1/10/2024 3:15,10,Termofilik,48.4,65,7.04,3128,1,0,43.2,11
1/10/2024 3:20,10,Termofilik,48.3,65.2,6.99,3300,1,0,42.6,11
1/10/2024 3:25,10,Termofilik,48.1,65.5,6.94,3200,1,0,43.8,11
1/10/2024 3:30,10,Termofilik,48.1,65.7,6.97,3286,1,0,43.1,11
1/10/2024 3:35,10,Termofilik,48.4,65.3,7.05,3196,1,0,43,11
1/10/2024 3:40,10,Termofilik,48.3,65,6.98,3254,1,0,42.9,11
1/10/2024 3:45,10,Termofilik,48.6,65.1,7.02,3308,1,0,43,11
1/10/2024 3:50,10,Termofilik,48.2,65.1,6.97,3095,1,0,42.7,11
1/10/2024 3:55,10,Termofilik,48,65.7,7.01,3299,1,0,43.2,11
1/10/2024 4:00,10,Termofilik,48.2,65.8,6.97,3244,1,0,43.3,11
1/10/2024 4:05,10,Termofilik,48,66.3,6.99,3245,1,0,43.5,11
1/10/2024 4:10,10,Termofilik,48.3,65.3,6.99,3112,1,0,43,11
1/10/2024 4:15,10,Termofilik,48.3,65.5,7.03,3222,1,0,42.7,11
1/10/2024 4:20,10,Termofilik,48.3,65.7,7.02,3218,1,0,43.5,11
1/10/2024 4:25,10,Termofilik,48.7,65.3,6.95,3183,1,0,43.4,11
1/10/2024 4:30,10,Termofilik,48.2,65.4,7,3352,1,0,43.6,11
1/10/2024 4:35,10,Termofilik,48.3,64.7,7.02,3285,1,0,43.3,11
1/10/2024 4:40,10,Termofilik,47.9,65.1,6.96,3066,1,0,43.3,11
1/10/2024 4:45,10,Termofilik,48,66.1,6.99,3331,1,0,42.8,11
1/10/2024 4:50,10,Termofilik,48.1,65.3,6.96,3193,1,0,43.2,11
1/10/2024 4:55,10,Termofilik,48.1,65.8,7,3265,1,0,43.5,11
1/10/2024 5:00,10,Termofilik,48.3,65.2,6.98,3239,1,0,43.7,11
1/10/2024 5:05,10,Termofilik,48.3,65.2,7.02,3210,1,0,43.4,11
1/10/2024 5:10,10,Termofilik,48.1,65.2,7.03,3233,1,0,43.4,11
1/10/2024 5:15,10,Termofilik,48,65.2,6.99,3159,1,0,43.4,11
1/10/2024 5:20,10,Termofilik,48.1,65.3,7,3149,1,0,43.3,11
1/10/2024 5:25,10,Termofilik,48.2,65.6,7,3173,1,0,43.6,11
1/10/2024 5:30,10,Termofilik,48.4,65.5,7.01,3284,1,0,43.9,11
1/10/2024 5:35,10,Termofilik,48.4,65.4,7.03,3140,1,0,43.1,11
1/10/2024 5:40,10,Termofilik,48.2,65.2,6.98,3293,1,0,43,11
1/10/2024 5:45,10,Termofilik,48.1,65.1,6.95,3347,1,0,43.1,11
1/10/2024 5:50,10,Termofilik,48.1,65.5,7.01,3140,1,0,43.8,11
1/10/2024 5:55,10,Termofilik,48.3,65.9,7.01,3218,1,0,43.3,11
1/10/2024 6:00,10,Termofilik,48.1,64.9,7.04,3231,1,0,43.8,11
1/10/2024 6:05,10,Termofilik,48.5,64.5,7.03,3235,1,0,43.8,11
1/10/2024 6:10,10,Termofilik,48.1,64.9,7.01,3422,1,0,44,11
1/10/2024 6:15,10,Termofilik,48.5,65.1,6.98,3170,1,0,43.5,11
1/10/2024 6:20,10,Termofilik,48,64.9,6.98,3220,1,0,43.8,11
1/10/2024 6:25,10,Termofilik,48.3,65.1,6.98,3078,1,0,43.6,11
1/10/2024 6:30,10,Termofilik,48.2,65.3,7.02,3311,1,0,44,11
1/10/2024 6:35,10,Termofilik,48.3,65,6.97,3117,1,0,44.1,11
1/10/2024 6:40,10,Termofilik,48.3,64.7,6.97,3170,1,0,43.8,11
1/10/2024 6:45,10,Termofilik,48.5,65,6.93,3226,1,0,43.8,11
1/10/2024 6:50,10,Termofilik,48.3,64.9,7,3248,1,0,43.8,11
1/10/2024 6:55,10,Termofilik,48.4,64.9,6.98,3354,1,0,44,11
1/10/2024 7:00,10,Termofilik,48.5,65.4,7.01,3320,1,0,43.4,11
1/10/2024 7:05,10,Termofilik,48.4,65,7.05,3322,1,0,43.7,11
1/10/2024 7:10,10,Termofilik,48.5,65.1,7.01,3168,1,0,44,11
1/10/2024 7:15,10,Termofilik,48.4,65.1,6.98,3204,1,0,44.3,11
1/10/2024 7:20,10,Termofilik,48.3,64.7,7,3191,1,0,43.7,11
1/10/2024 7:25,10,Termofilik,48.5,64.6,6.97,3419,1,0,44.1,11
1/10/2024 7:30,10,Termofilik,48.4,65.1,7.02,3337,1,0,44,11
1/10/2024 7:35,10,Termofilik,48.7,64.4,6.97,3272,1,0,44.2,11
1/10/2024 7:40,10,Termofilik,48.4,65,6.98,3239,1,0,44.4,11
1/10/2024 7:45,10,Termofilik,48.7,64.7,6.97,3231,1,0,44.1,11
1/10/2024 7:50,10,Termofilik,48.5,65.3,7.01,3299,1,0,43.7,11
1/10/2024 7:55,10,Termofilik,48.8,64.1,7.02,3343,1,0,44,11
1/10/2024 8:00,10,Termofilik,48.8,64.9,7,3298,1,0,45.1,11
1/10/2024 8:05,10,Termofilik,48.9,65.1,6.97,3285,1,0,43.9,11
1/10/2024 8:10,10,Termofilik,48.8,64.9,6.97,3282,1,0,44,11
1/10/2024 8:15,10,Termofilik,48.7,64.6,7,3338,1,0,44.2,11
1/10/2024 8:20,10,Termofilik,48.7,64.9,7.02,3192,1,0,44.3,11
1/10/2024 8:25,10,Termofilik,48.9,65,7,3335,1,0,44.4,11
1/10/2024 8:30,10,Termofilik,48.9,64.2,6.95,3367,1,0,43.9,11
1/10/2024 8:35,10,Termofilik,48.9,64.7,6.97,3317,1,0,44.4,11
1/10/2024 8:40,10,Termofilik,49.1,64.6,7.04,3320,1,0,44.1,11
1/10/2024 8:45,10,Termofilik,49,65,7,3316,1,0,44.2,11
1/10/2024 8:50,10,Termofilik,48.7,65,7,3291,1,0,44.5,11
1/10/2024 8:55,10,Termofilik,48.9,64.3,7.04,3310,1,0,44.4,11
1/10/2024 9:00,10,Termofilik,49,64.8,7.03,3346,1,0,44.7,11
1/10/2024 9:05,10,Termofilik,49.1,65,7,3216,1,0,45,11
1/10/2024 9:10,10,Termofilik,48.9,64.6,6.95,3336,1,0,44.5,11
1/10/2024 9:15,10,Termofilik,48.8,64.8,6.99,3527,1,0,44.3,11
1/10/2024 9:20,10,Termofilik,49,64.4,7.04,3285,1,0,44.3,11
1/10/2024 9:25,10,Termofilik,49.1,64.3,7.02,3460,1,0,44.7,11
1/10/2024 9:30,10,Termofilik,49.2,64.9,7.06,3418,1,0,44.7,11
1/10/2024 9:35,10,Termofilik,49.2,64.4,7.03,3243,1,0,44.5,11
1/10/2024 9:40,10,Termofilik,48.7,64.8,6.98,3416,1,0,44.7,11
1/10/2024 9:45,10,Termofilik,49.2,64.3,7.04,3498,1,0,44.9,11
1/10/2024 9:50,10,Termofilik,49.3,64.7,6.99,3394,1,0,44.2,11
1/10/2024 9:55,10,Termofilik,49.1,64.1,6.98,3387,1,0,44.8,11
1/10/2024 10:00,10,Termofilik,49.2,64.6,6.95,3309,1,0,44.5,11
1/10/2024 10:05,10,Termofilik,49.2,64.7,6.98,3293,1,0,44.1,11
1/10/2024 10:10,10,Termofilik,49.2,64.2,7.01,3269,1,0,44.8,11
1/10/2024 10:15,10,Termofilik,49.3,65,7.02,3201,1,0,44.4,11
1/10/2024 10:20,10,Termofilik,49.3,64.2,6.92,3459,1,0,45,11
1/10/2024 10:25,10,Termofilik,49.4,64.3,7.02,3298,1,0,44.9,11
1/10/2024 10:30,10,Termofilik,49.2,65,6.96,3455,1,0,44.9,11
1/10/2024 10:35,10,Termofilik,49.3,64.5,7.03,3469,1,0,45,11
1/10/2024 10:40,10,Termofilik,49.3,64.5,7.06,3471,1,0,45.2,11
1/10/2024 10:45,10,Termofilik,49.6,64.7,7.04,3329,1,0,44.5,11
1/10/2024 10:50,10,Termofilik,49.5,64.2,6.98,3311,1,0,45.7,11
1/10/2024 10:55,10,Termofilik,49.5,64.5,6.97,3224,1,0,44.7,11
1/10/2024 11:00,10,Termofilik,49.8,64.5,7.03,3434,1,0,44.8,11
1/10/2024 11:05,10,Termofilik,49.8,64.2,7.05,3413,1,0,44.5,11
1/10/2024 11:10,10,Termofilik,49.5,63.8,7.04,3378,1,0,44.4,11
1/10/2024 11:15,10,Termofilik,49.7,64.2,6.96,3517,1,0,45.1,11
1/10/2024 11:20,10,Termofilik,49.6,64.2,6.96,3281,1,0,45.5,11
1/10/2024 11:25,10,Termofilik,49.6,64.3,6.95,3283,1,0,45.3,11
1/10/2024 11:30,10,Termofilik,49.7,64.9,7.05,3373,1,0,45.3,11
1/10/2024 11:35,10,Termofilik,49.7,64.9,7.04,3407,1,0,45.2,11
1/10/2024 11:40,10,Termofilik,49.9,64.5,7.06,3221,1,0,45.3,11
1/10/2024 11:45,10,Termofilik,49.7,64.8,7.06,3402,1,0,45.6,11
1/10/2024 11:50,10,Termofilik,50,64.3,7.08,3399,1,0,45.1,11
1/10/2024 11:55,10,Termofilik,49.9,64.2,7.01,3517,1,0,45.2,11
1/10/2024 12:00,10,Termofilik,49.6,64.4,6.99,3476,1,0,45.5,11
1/10/2024 12:05,10,Termofilik,50.1,64.5,7.04,3356,1,0,45.5,11
1/10/2024 12:10,10,Termofilik,50.2,64,7.06,3367,1,0,45,11
1/10/2024 12:15,10,Termofilik,49.9,64.4,7.04,3337,1,0,45.4,11
1/10/2024 12:20,10,Termofilik,49.8,63.8,6.98,3356,1,0,45.5,11
1/10/2024 12:25,10,Termofilik,50.1,63.7,7.02,3324,1,0,45.6,11
1/10/2024 12:30,10,Termofilik,49.9,63.9,7.04,3373,1,0,45.3,11
1/10/2024 12:35,10,Termofilik,49.6,64.4,7.04,3423,1,0,44.9,11
1/10/2024 12:40,10,Termofilik,50.1,64,7,3609,1,0,45.2,11
1/10/2024 12:45,10,Termofilik,50.1,64.3,7.02,3449,1,0,45.6,11
1/10/2024 12:50,10,Termofilik,50.1,64.1,7.06,3323,1,0,45.8,11
1/10/2024 12:55,10,Termofilik,50.2,64.3,7.05,3423,1,0,44.9,11
1/10/2024 13:00,10,Termofilik,50,63.8,6.99,3333,1,0,45.4,11
1/10/2024 13:05,10,Termofilik,50,63.4,7.03,3611,1,0,45.7,11
1/10/2024 13:10,10,Termofilik,50.1,64.1,7,3443,1,0,45.6,11
1/10/2024 13:15,10,Termofilik,50,64.6,6.97,3494,1,0,45.6,11
1/10/2024 13:20,10,Termofilik,50.4,64.2,7,3419,1,0,45.6,11
1/10/2024 13:25,10,Termofilik,50,63.8,6.96,3366,1,0,45.7,11
1/10/2024 13:30,10,Termofilik,50.2,63.4,7.01,3486,1,0,45.6,11
1/10/2024 13:35,10,Termofilik,50.1,63.9,7,3392,1,0,45.7,11
1/10/2024 13:40,10,Termofilik,50.5,63.8,7,3440,1,0,45.5,11
1/10/2024 13:45,10,Termofilik,50.4,63.3,7,3510,1,0,45.6,11
1/10/2024 13:50,10,Termofilik,50.1,64.1,7.04,3463,1,0,45.5,11
1/10/2024 13:55,10,Termofilik,50.3,63.9,7.04,3565,1,0,45,11
1/10/2024 14:00,10,Termofilik,50.2,63.5,7.09,3410,1,0,46,11
1/10/2024 14:05,10,Termofilik,50.2,63.7,6.99,3575,1,0,46.1,11
1/10/2024 14:10,10,Termofilik,50.5,64,7.02,3428,1,0,45.8,11
1/10/2024 14:15,10,Termofilik,50.1,64,6.99,3485,1,0,45.9,11
1/10/2024 14:20,10,Termofilik,50.3,64.5,7.01,3511,1,0,46.5,11
1/10/2024 14:25,10,Termofilik,50.5,64.3,7.01,3469,1,0,45.5,11
1/10/2024 14:30,10,Termofilik,50.3,64,7.02,3533,1,0,45.6,11
1/10/2024 14:35,10,Termofilik,50.5,64.2,7.01,3440,1,0,46.1,11
1/10/2024 14:40,10,Termofilik,50.5,63.9,7.02,3453,1,0,46.5,11
1/10/2024 14:45,10,Termofilik,50.2,63.9,7.06,3464,1,0,46.3,11
1/10/2024 14:50,10,Termofilik,50.1,63.8,7.06,3398,1,0,46,11
1/10/2024 14:55,10,Termofilik,50.3,63.6,7,3461,1,0,46.1,11
1/10/2024 15:00,10,Termofilik,50.5,64.4,6.99,3461,1,0,46.3,11
1/10/2024 15:05,10,Termofilik,50.5,64.1,7.03,3505,1,0,46.3,11
1/10/2024 15:10,10,Termofilik,50.2,63.9,7.06,3434,1,0,46.1,11
1/10/2024 15:15,10,Termofilik,50.3,63.2,7.02,3475,1,0,46,11
1/10/2024 15:20,10,Termofilik,50.1,63.6,7.04,3608,1,0,46.6,11
1/10/2024 15:25,10,Termofilik,50.1,64.1,7,3403,1,0,46,11
1/10/2024 15:30,10,Termofilik,50.4,64.1,7.02,3442,1,0,46.3,11
1/10/2024 15:35,10,Termofilik,50.4,64.2,6.98,3449,1,0,45.9,11
1/10/2024 15:40,10,Termofilik,50.3,63.8,7.02,3383,1,0,45.8,11
1/10/2024 15:45,10,Termofilik,50,63.8,7.01,3392,1,0,46.7,11
1/10/2024 15:50,10,Termofilik,50.1,64.3,7.07,3289,1,0,46.3,11
1/10/2024 15:55,10,Termofilik,50.2,63,6.98,3506,1,0,46.9,11
1/10/2024 16:00,10,Termofilik,50.4,63.9,7.02,3577,1,0,47,11
1/10/2024 16:05,10,Termofilik,50.2,63.2,6.96,3547,1,0,46.3,11
1/10/2024 16:10,10,Termofilik,50.3,63.3,7,3416,1,0,46.4,11
1/10/2024 16:15,10,Termofilik,50.2,63.5,7,3535,1,0,46.5,11
1/10/2024 16:20,10,Termofilik,50.3,63.6,6.93,3394,1,0,46.2,11
1/10/2024 16:25,10,Termofilik,50.3,64.8,7.04,3653,1,0,46.6,11
1/10/2024 16:30,10,Termofilik,50.1,63.9,7.07,3579,1,0,46.3,11
1/10/2024 16:35,10,Termofilik,50.2,63.4,7.05,3555,1,0,46.5,11
1/10/2024 16:40,10,Termofilik,50.1,63.9,7.03,3435,1,0,46.6,11
1/10/2024 16:45,10,Termofilik,50.1,64.1,7.04,3348,1,0,46.2,11
1/10/2024 16:50,10,Termofilik,50.1,64,7.03,3373,1,0,46.6,11
1/10/2024 16:55,10,Termofilik,50.1,64.1,7.03,3397,1,0,46.7,11
1/10/2024 17:00,10,Termofilik,50.3,63.6,7.03,3414,1,0,46.7,11
1/10/2024 17:05,10,Termofilik,50,63.8,7.06,3342,1,0,46.2,11
1/10/2024 17:10,10,Termofilik,49.9,63.5,7.04,3302,1,0,46.6,11
1/10/2024 17:15,10,Termofilik,50.2,63.9,7.01,3427,1,0,46.7,11
1/10/2024 17:20,10,Termofilik,50,63.7,7.09,3474,1,0,47.4,11
1/10/2024 17:25,10,Termofilik,50,63.8,6.98,3341,1,0,47.3,11
1/10/2024 17:30,10,Termofilik,50,64.4,6.99,3319,1,0,46.6,11
1/10/2024 17:35,10,Termofilik,50,64.1,7.04,3367,1,0,46.7,11
1/10/2024 17:40,10,Termofilik,49.9,63.5,7,3479,1,0,46.2,11
1/10/2024 17:45,10,Termofilik,50.2,63.7,7,3453,1,0,47.3,11
1/10/2024 17:50,10,Termofilik,50.1,64,7.06,3253,1,0,46.7,11
1/10/2024 17:55,10,Termofilik,49.8,64.2,7.01,3455,1,0,47,11
1/10/2024 18:00,10,Termofilik,49.8,63.6,7.06,3321,1,0,46.9,11
1/10/2024 18:05,10,Termofilik,49.8,63.7,7.02,3317,1,0,46.6,11
1/10/2024 18:10,10,Termofilik,49.9,63.6,7,3301,1,0,46.9,11
1/10/2024 18:15,10,Termofilik,50,64.3,7,3545,1,0,46.6,11
1/10/2024 18:20,10,Termofilik,50,63.6,7,3309,1,0,46.9,11
1/10/2024 18:25,10,Termofilik,49.9,64,7,3286,1,0,46.7,11
1/10/2024 18:30,10,Termofilik,49.7,63.8,7,3382,1,0,47.7,11
1/10/2024 18:35,10,Termofilik,49.7,63.7,7.04,3312,1,0,47.2,11
1/10/2024 18:40,10,Termofilik,49.6,64.4,7.04,3303,1,0,46.9,11
1/10/2024 18:45,10,Termofilik,49.6,64.3,6.99,3295,1,0,46.9,11
1/10/2024 18:50,10,Termofilik,49.6,63.8,6.98,3312,1,0,47.1,11
1/10/2024 18:55,10,Termofilik,49.5,64.1,7.05,3334,1,0,47.2,11
1/10/2024 19:00,10,Termofilik,49.3,63.7,7.06,3302,1,0,46.9,11
1/10/2024 19:05,10,Termofilik,49.9,64.4,7.04,3422,1,0,46.5,11
1/10/2024 19:10,10,Termofilik,49.5,63.7,7.02,3287,1,0,46.4,11
1/10/2024 19:15,10,Termofilik,49.6,64,7.08,3259,1,0,47,11
1/10/2024 19:20,10,Termofilik,49.1,63.8,7.06,3268,1,0,47.9,11
1/10/2024 19:25,10,Termofilik,49.4,63.9,6.99,3336,1,0,46.7,11
1/10/2024 19:30,10,Termofilik,49.5,64.1,7.07,3226,1,0,47.3,11
1/10/2024 19:35,10,Termofilik,49.5,64,7,3112,1,0,47.4,11
1/10/2024 19:40,10,Termofilik,49.3,63.7,7.05,3295,1,0,46.9,11
1/10/2024 19:45,10,Termofilik,49,63.6,7.1,3351,1,0,47.4,11
1/10/2024 19:50,10,Termofilik,49.2,63.8,7.06,3249,1,0,47.5,11
1/10/2024 19:55,10,Termofilik,49.2,64.5,7.05,3383,1,0,47.2,11
1/10/2024 20:00,10,Termofilik,49.4,63.8,7.03,3409,1,0,47.1,11
1/10/2024 20:05,10,Termofilik,49.2,64.1,7.05,3237,1,0,48.1,11
1/10/2024 20:10,10,Termofilik,48.9,64.4,7.07,3420,1,0,47,11
1/10/2024 20:15,10,Termofilik,49,64.4,6.97,3134,1,0,47.3,11
1/10/2024 20:20,10,Termofilik,49.1,64.4,7.03,3209,1,0,47.6,11
1/10/2024 20:25,10,Termofilik,49.1,64.1,7.03,3096,1,0,47.3,11
1/10/2024 20:30,10,Termofilik,49.2,64,7.02,3336,1,0,47.2,11
1/10/2024 20:35,10,Termofilik,48.9,64,7.02,3249,1,0,47.5,11
1/10/2024 20:40,10,Termofilik,48.7,64,6.99,3249,1,0,48,11
1/10/2024 20:45,10,Termofilik,48.8,63.6,7.03,3164,1,0,47.8,11
1/10/2024 20:50,10,Termofilik,48.8,64.5,7.07,3213,1,0,47.9,11
1/10/2024 20:55,10,Termofilik,48.7,64,7.02,3281,1,0,48.1,11
1/10/2024 21:00,10,Termofilik,48.9,64.3,7.06,3258,1,0,47.3,11
1/10/2024 21:05,10,Termofilik,49,64.5,7.03,3179,1,0,47.9,11
1/10/2024 21:10,10,Termofilik,48.8,63.9,7,3227,1,0,47.9,11
1/10/2024 21:15,10,Termofilik,48.8,64.1,7.02,3277,1,0,47.8,11
1/10/2024 21:20,10,Termofilik,48.5,64,6.98,3177,1,0,48,11
1/10/2024 21:25,10,Termofilik,48.6,64.5,7.03,3225,1,0,48,11
1/10/2024 21:30,10,Termofilik,48.9,64.1,7,3248,1,0,48.4,11
1/10/2024 21:35,10,Termofilik,48.6,64.3,7.07,3256,1,0,47.9,11
1/10/2024 21:40,10,Termofilik,48.3,64,7.05,3241,1,0,48,11
1/10/2024 21:45,10,Termofilik,48.4,64.2,7.06,3193,1,0,47.6,11
1/10/2024 21:50,10,Termofilik,48.3,64.4,6.99,2990,1,0,48.4,11
1/10/2024 21:55,10,Termofilik,48.4,64.3,7,3211,1,0,48,11
1/10/2024 22:00,10,Termofilik,48.1,64.5,7.04,3114,1,0,47.8,11
1/10/2024 22:05,10,Termofilik,48,64.3,7.04,3125,1,0,48.4,11
1/10/2024 22:10,10,Termofilik,48,63.9,7.01,3112,1,0,48,11
1/10/2024 22:15,10,Termofilik,48.2,64,7.01,3264,1,0,48.7,11
1/10/2024 22:20,10,Termofilik,48.2,63.9,7.08,3007,1,0,47.9,11
1/10/2024 22:25,10,Termofilik,48,63.8,7.03,3048,1,0,48.1,11
1/10/2024 22:30,10,Termofilik,48.1,63.9,7.03,3093,1,0,48.3,11
1/10/2024 22:35,10,Termofilik,48,64.4,7.05,3152,1,0,48.5,11
1/10/2024 22:40,10,Termofilik,47.8,64,7.09,3080,1,0,47.3,11
1/10/2024 22:45,10,Termofilik,47.9,64.2,6.96,3202,1,0,47.9,11
1/10/2024 22:50,10,Termofilik,48,64.1,7,3004,1,0,47.9,11
1/10/2024 22:55,10,Termofilik,48,64.1,7.02,3009,1,0,48.6,11
1/10/2024 23:00,10,Termofilik,48.1,64.5,7.05,3101,1,0,47.9,11
1/10/2024 23:05,10,Termofilik,47.8,64,6.98,3157,1,0,48,11
1/10/2024 23:10,10,Termofilik,47.9,64.4,7.05,3116,1,0,48.1,11
1/10/2024 23:15,10,Termofilik,48,64.2,7.05,3010,1,0,48,11
1/10/2024 23:20,10,Termofilik,47.8,64.3,7.01,2941,1,0,47.9,11
1/10/2024 23:25,10,Termofilik,47.8,64,7.03,3167,1,0,48,11
1/10/2024 23:30,10,Termofilik,47.5,64,7.09,3205,1,0,48.6,11
1/10/2024 23:35,10,Termofilik,47.7,64,7.1,3061,1,0,48.6,11
1/10/2024 23:40,10,Termofilik,47.5,64.1,7.09,3078,1,0,48.8,11
1/10/2024 23:45,10,Termofilik,47.5,64,7.02,3038,1,0,48.2,11
1/10/2024 23:50,10,Termofilik,47.3,64.6,7.02,3035,1,0,48.5,11
1/10/2024 23:55,10,Termofilik,47.3,64.7,7.01,3040,1,0,48.6,11
1/11/2024 0:00,11,Pendinginan,47,63.9,7.07,3148,1,0,48.3,10
1/11/2024 0:05,11,Pendinginan,46.9,64.4,7,3018,1,0,48.9,10
1/11/2024 0:10,11,Pendinginan,46.8,64.1,7.01,3043,1,0,48.4,10
1/11/2024 0:15,11,Pendinginan,46.6,63.7,7.07,3160,1,0,48.2,10
1/11/2024 0:20,11,Pendinginan,46.7,64,7.03,3052,1,0,48.5,10
1/11/2024 0:25,11,Pendinginan,46.9,64.1,7.02,3017,1,0,48.9,10
1/11/2024 0:30,11,Pendinginan,46.4,64.1,7.08,3095,1,0,48.7,10
1/11/2024 0:35,11,Pendinginan,46.9,64.4,7.02,3051,1,0,48.3,10
1/11/2024 0:40,11,Pendinginan,46.8,64.5,7.08,3168,1,0,48.6,10
1/11/2024 0:45,11,Pendinginan,46.4,64.3,7.02,3082,1,0,49,10
1/11/2024 0:50,11,Pendinginan,46.4,64.3,7.04,3131,1,0,48.5,10
1/11/2024 0:55,11,Pendinginan,46,64.4,7.07,3100,1,0,48.6,10
1/11/2024 1:00,11,Pendinginan,46.1,64.5,7.05,3052,1,0,49.3,10
1/11/2024 1:05,11,Pendinginan,46.1,64.8,7.04,2913,1,0,48.7,10
1/11/2024 1:10,11,Pendinginan,46.4,64.2,7,3045,1,0,48.6,10
1/11/2024 1:15,11,Pendinginan,46.2,64.6,7.01,3000,1,0,49.1,10
1/11/2024 1:20,11,Pendinginan,46,64,7.01,3082,1,0,49,10
1/11/2024 1:25,11,Pendinginan,46,64.3,7.09,2974,1,0,48.3,10
1/11/2024 1:30,11,Pendinginan,46.1,64.3,7.02,3102,1,0,49.2,10
1/11/2024 1:35,11,Pendinginan,45.7,64.1,7.11,3095,1,0,49.1,10
1/11/2024 1:40,11,Pendinginan,46.1,64.3,7.07,3103,1,0,49.1,10
1/11/2024 1:45,11,Pendinginan,45.9,64.4,7.03,3045,1,0,48.6,10
1/11/2024 1:50,11,Pendinginan,45.8,64.3,7.02,3002,1,0,48.9,10
1/11/2024 1:55,11,Pendinginan,45.9,64.6,7.03,3147,1,0,49.3,10
1/11/2024 2:00,11,Pendinginan,45.9,64.4,7.05,3133,1,0,49.4,10
1/11/2024 2:05,11,Pendinginan,46,64.4,7.06,3144,1,0,48.9,10
1/11/2024 2:10,11,Pendinginan,45.7,64.4,7.07,3108,1,0,49,10
1/11/2024 2:15,11,Pendinginan,45.5,64.4,7.02,2914,1,0,48.7,10
1/11/2024 2:20,11,Pendinginan,45.7,64.8,7.05,3048,1,0,49.5,10
1/11/2024 2:25,11,Pendinginan,45.4,64.5,7.05,3074,1,0,49,10
1/11/2024 2:30,11,Pendinginan,45.5,64.4,7.1,3096,1,0,49,10
1/11/2024 2:35,11,Pendinginan,45.4,63.9,7.09,2949,1,0,49.1,10
1/11/2024 2:40,11,Pendinginan,45.8,63.9,7.09,3004,1,0,48.9,10
1/11/2024 2:45,11,Pendinginan,45.5,64.1,7.06,2970,1,0,48.7,10
1/11/2024 2:50,11,Pendinginan,45.5,64,7.05,2926,1,0,49.1,10
1/11/2024 2:55,11,Pendinginan,45.5,64.3,7.05,3073,1,0,48.9,10
1/11/2024 3:00,11,Pendinginan,45.5,63.4,7.05,2993,1,0,49,10
1/11/2024 3:05,11,Pendinginan,45.5,64.7,7.03,2940,1,0,49.4,10
1/11/2024 3:10,11,Pendinginan,45.3,64.2,7.08,3019,1,0,48.8,10
1/11/2024 3:15,11,Pendinginan,45.2,64.4,7.07,2883,1,0,49.5,10
1/11/2024 3:20,11,Pendinginan,45.6,64.9,7.06,3052,1,0,48.8,10
1/11/2024 3:25,11,Pendinginan,45.7,64.2,7.02,2989,1,0,49.9,10
1/11/2024 3:30,11,Pendinginan,45.7,64.4,7.08,3011,1,0,49.1,10
1/11/2024 3:35,11,Pendinginan,45.6,64.2,7.1,3110,1,0,49.7,10
1/11/2024 3:40,11,Pendinginan,45.6,65,7.04,2940,1,0,48.9,10
1/11/2024 3:45,11,Pendinginan,45.7,64.2,7.08,2944,1,0,50,10
1/11/2024 3:50,11,Pendinginan,45.3,64,7.04,2960,1,0,49.7,10
1/11/2024 3:55,11,Pendinginan,45.3,64.5,7.04,2948,1,0,49.4,10
1/11/2024 4:00,11,Pendinginan,45.6,64.4,6.99,2958,1,0,49.6,10
1/11/2024 4:05,11,Pendinginan,45.6,64.6,7.02,3192,1,0,49.6,10
1/11/2024 4:10,11,Pendinginan,45.5,64,6.98,2884,1,0,48.7,10
1/11/2024 4:15,11,Pendinginan,45.6,64.4,7.02,3032,1,0,49.7,10
1/11/2024 4:20,11,Pendinginan,45.4,64.7,7.04,2924,1,0,49.9,10
1/11/2024 4:25,11,Pendinginan,45.4,64.3,7.12,2958,1,0,49.4,10
1/11/2024 4:30,11,Pendinginan,45.4,64.1,7.07,2925,1,0,49.6,10
1/11/2024 4:35,11,Pendinginan,45.6,64.2,7.03,3084,1,0,49.4,10
1/11/2024 4:40,11,Pendinginan,45.2,64.5,7.08,3087,1,0,49.5,10
1/11/2024 4:45,11,Pendinginan,45.4,64.2,7.03,3085,1,0,49.6,10
1/11/2024 4:50,11,Pendinginan,45.4,64.3,7.02,3065,1,0,50,10
1/11/2024 4:55,11,Pendinginan,45,64.4,7.03,3074,1,0,49.4,10
1/11/2024 5:00,11,Pendinginan,45.2,64.4,7.05,3046,1,0,49.4,10
1/11/2024 5:05,11,Pendinginan,45.6,64.4,7.09,3054,1,0,49.9,10
1/11/2024 5:10,11,Pendinginan,45.2,64.1,7.1,3094,1,0,49.7,10
1/11/2024 5:15,11,Pendinginan,44.9,64.2,7.04,2962,1,0,50.1,10
1/11/2024 5:20,11,Pendinginan,45.3,64.5,7.07,2837,1,0,49.8,10
1/11/2024 5:25,11,Pendinginan,45.7,64.4,7.06,3009,1,0,50.1,10
1/11/2024 5:30,11,Pendinginan,45.1,64.2,7.05,3082,1,0,50,10
1/11/2024 5:35,11,Pendinginan,45.2,64.4,7.03,2881,1,0,49.8,10
1/11/2024 5:40,11,Pendinginan,45.5,64.6,7.07,3028,1,0,50.2,10
1/11/2024 5:45,11,Pendinginan,45.5,64.4,6.98,2985,1,0,49.7,10
1/11/2024 5:50,11,Pendinginan,45.6,64.2,7.06,2855,1,0,50.4,10
1/11/2024 5:55,11,Pendinginan,45.6,64.4,7.03,2913,1,0,50.2,10
1/11/2024 6:00,11,Pendinginan,45.4,64.3,6.99,2935,1,0,50.7,10
1/11/2024 6:05,11,Pendinginan,45.6,64.2,7.11,2786,1,0,49.9,10
1/11/2024 6:10,11,Pendinginan,45.5,64.4,7.08,2903,1,0,50.5,10
1/11/2024 6:15,11,Pendinginan,45.5,64.5,7.02,2962,1,0,50,10
1/11/2024 6:20,11,Pendinginan,45.8,64,7.05,3012,1,0,50.4,10
1/11/2024 6:25,11,Pendinginan,45.8,64.2,7.04,2942,1,0,50.2,10
1/11/2024 6:30,11,Pendinginan,45.7,64.1,7.06,2848,1,0,50.5,10
1/11/2024 6:35,11,Pendinginan,45.7,64.4,7.06,2830,1,0,50.2,10
1/11/2024 6:40,11,Pendinginan,45.7,64.3,6.99,2972,1,0,50.5,10
1/11/2024 6:45,11,Pendinginan,45.6,64.1,7.04,2909,1,0,50.2,10
1/11/2024 6:50,11,Pendinginan,45.7,64.3,7.04,2895,1,0,50.9,10
1/11/2024 6:55,11,Pendinginan,45.9,63.5,7.03,2986,1,0,50.5,10
1/11/2024 7:00,11,Pendinginan,45.6,64.4,7.08,3004,1,0,50.8,10
1/11/2024 7:05,11,Pendinginan,45.9,64.2,7.1,3053,1,0,50.2,10
1/11/2024 7:10,11,Pendinginan,46,63.8,7.07,3003,1,0,50,10
1/11/2024 7:15,11,Pendinginan,45.9,64.1,7.05,2989,1,0,50.7,10
1/11/2024 7:20,11,Pendinginan,46,64.1,7.1,3002,1,0,50.5,10
1/11/2024 7:25,11,Pendinginan,45.9,64.2,7.07,3066,1,0,50.5,10
1/11/2024 7:30,11,Pendinginan,45.8,63.5,7.08,2917,1,0,50.7,10
1/11/2024 7:35,11,Pendinginan,46.1,63.9,7.06,2893,1,0,50.5,10
1/11/2024 7:40,11,Pendinginan,46,63.9,7.05,2944,1,0,50.9,10
1/11/2024 7:45,11,Pendinginan,46.1,64.3,7.11,3030,1,0,50.8,10
1/11/2024 7:50,11,Pendinginan,46.2,64.2,7.06,3040,1,0,50.8,10
1/11/2024 7:55,11,Pendinginan,46.2,64.2,7.06,2952,1,0,50.5,10
1/11/2024 8:00,11,Pendinginan,46.3,64.2,7.09,2988,1,0,50.8,10
1/11/2024 8:05,11,Pendinginan,46.5,63.9,7.03,3064,1,0,50.5,10
1/11/2024 8:10,11,Pendinginan,46.3,63.4,7.08,2830,1,0,50.5,10
1/11/2024 8:15,11,Pendinginan,46.5,64.1,7.04,2948,1,0,50.5,10
1/11/2024 8:20,11,Pendinginan,46.4,63.9,7.05,2939,1,0,50.3,10
1/11/2024 8:25,11,Pendinginan,46.7,64,7.08,3062,1,0,50.5,10
1/11/2024 8:30,11,Pendinginan,46.5,63.3,7.16,2946,1,0,51.1,10
1/11/2024 8:35,11,Pendinginan,46.4,64.1,7.12,2953,1,0,50.5,10
1/11/2024 8:40,11,Pendinginan,46.6,63.1,7.06,3023,1,0,50.8,10
1/11/2024 8:45,11,Pendinginan,46.6,64,7.08,2824,1,0,50.9,10
1/11/2024 8:50,11,Pendinginan,47.1,63.4,7.06,3112,1,0,51.2,10
1/11/2024 8:55,11,Pendinginan,46.7,63.8,7.06,2897,1,0,50.9,10
1/11/2024 9:00,11,Pendinginan,46.8,63.8,7.04,2854,1,0,50.9,10
1/11/2024 9:05,11,Pendinginan,47.1,63.8,7.05,3016,1,0,50.9,10
1/11/2024 9:10,11,Pendinginan,47.2,63.7,7.08,2895,1,0,51.1,10
1/11/2024 9:15,11,Pendinginan,47,63.7,7.05,2904,1,0,51.1,10
1/11/2024 9:20,11,Pendinginan,47.1,63.7,7.07,2952,1,0,51.1,10
1/11/2024 9:25,11,Pendinginan,47,63.7,7.14,2980,1,0,51.2,10
1/11/2024 9:30,11,Pendinginan,47.1,63.6,7.1,2931,1,0,51.4,10
1/11/2024 9:35,11,Pendinginan,47.1,63.4,7.07,2866,1,0,51.3,10
1/11/2024 9:40,11,Pendinginan,47,63.5,7.02,3180,1,0,50.6,10
1/11/2024 9:45,11,Pendinginan,47.2,64,7.1,3022,1,0,51,10
1/11/2024 9:50,11,Pendinginan,47.5,63.9,7.07,2973,1,0,51.1,10
1/11/2024 9:55,11,Pendinginan,47.2,64,7.1,2883,1,0,51.1,10
1/11/2024 10:00,11,Pendinginan,47.3,63.6,7.07,3029,1,0,51,10
1/11/2024 10:05,11,Pendinginan,47.3,63.9,7.05,2852,1,0,51.1,10
1/11/2024 10:10,11,Pendinginan,47.4,64,7.09,3044,1,0,51.5,10
1/11/2024 10:15,11,Pendinginan,47.7,63.3,7.06,2873,1,0,51.2,10
1/11/2024 10:20,11,Pendinginan,47.7,63.6,7.11,2861,1,0,51.4,10
1/11/2024 10:25,11,Pendinginan,47.4,63.5,7.09,2935,1,0,51.5,10
1/11/2024 10:30,11,Pendinginan,47.5,63,7.08,3091,1,0,51,10
1/11/2024 10:35,11,Pendinginan,47.9,63.5,7.03,2861,1,0,51.4,10
1/11/2024 10:40,11,Pendinginan,47.7,63.1,7.02,2883,1,0,51.4,10
1/11/2024 10:45,11,Pendinginan,47.8,63.3,7.07,3034,1,0,51.5,10
1/11/2024 10:50,11,Pendinginan,47.8,63.7,7.04,2933,1,0,51.4,10
1/11/2024 10:55,11,Pendinginan,47.7,63.3,7.01,3103,1,0,51.2,10
1/11/2024 11:00,11,Pendinginan,48.2,63.4,7.08,2911,1,0,51.5,10
1/11/2024 11:05,11,Pendinginan,48.1,63.6,7.09,2920,1,0,51.4,10
1/11/2024 11:10,11,Pendinginan,47.8,63.5,7.1,3079,1,0,51.6,10
1/11/2024 11:15,11,Pendinginan,48,62.9,7.1,2805,1,0,51.4,10
1/11/2024 11:20,11,Pendinginan,48.1,63.3,7.07,2960,1,0,50.8,10
1/11/2024 11:25,11,Pendinginan,48.2,62.7,7.09,2904,1,0,50.9,10
1/11/2024 11:30,11,Pendinginan,48.1,63.2,7.1,2964,1,0,51.7,10
1/11/2024 11:35,11,Pendinginan,48.4,63.3,7.09,3002,1,0,51.3,10
1/11/2024 11:40,11,Pendinginan,48.5,62.9,7.1,2826,1,0,51.8,10
1/11/2024 11:45,11,Pendinginan,48.6,63.2,7.06,2996,1,0,51.6,10
1/11/2024 11:50,11,Pendinginan,48.7,63.3,7.06,2903,1,0,51.4,10
1/11/2024 11:55,11,Pendinginan,48.3,63.2,7.06,2894,1,0,52.4,10
1/11/2024 12:00,11,Pendinginan,48.3,63.3,7.09,2996,1,0,51.7,10
1/11/2024 12:05,11,Pendinginan,48.5,63.4,7.08,2925,1,0,51.3,10
1/11/2024 12:10,11,Pendinginan,48.5,62.9,7.05,2948,1,0,51.9,10
1/11/2024 12:15,11,Pendinginan,48.9,63.1,7.09,2969,1,0,52.2,10
1/11/2024 12:20,11,Pendinginan,48.7,62.9,7.02,2969,1,0,51.7,10
1/11/2024 12:25,11,Pendinginan,48.5,62.8,7.08,3064,1,0,51.7,10
1/11/2024 12:30,11,Pendinginan,48.8,63.1,7.03,3002,1,0,51.6,10
1/11/2024 12:35,11,Pendinginan,48.7,63.1,7.1,2858,1,0,52,10
1/11/2024 12:40,11,Pendinginan,48.6,63,6.96,3110,1,0,52.1,10
1/11/2024 12:45,11,Pendinginan,48.7,62.8,7.06,2999,1,0,51.4,10
1/11/2024 12:50,11,Pendinginan,48.8,63.7,7.04,2948,1,0,52.6,10
1/11/2024 12:55,11,Pendinginan,49,63.2,7.09,2909,1,0,52.4,10
1/11/2024 13:00,11,Pendinginan,48.8,62.5,7.06,2863,1,0,51.9,10
1/11/2024 13:05,11,Pendinginan,48.9,63.5,7.09,2961,1,0,52,10
1/11/2024 13:10,11,Pendinginan,48.8,62.4,7.08,3003,1,0,52,10
1/11/2024 13:15,11,Pendinginan,48.9,63.2,7.07,3073,1,0,52.5,10
1/11/2024 13:20,11,Pendinginan,49.2,63.3,7.03,2991,1,0,52.2,10
1/11/2024 13:25,11,Pendinginan,49.1,63.2,7.09,3153,1,0,52.1,10
1/11/2024 13:30,11,Pendinginan,49.2,62.9,7.1,3012,1,0,52.3,10
1/11/2024 13:35,11,Pendinginan,49.4,62.8,7.06,2953,1,0,52.4,10
1/11/2024 13:40,11,Pendinginan,49.2,63.4,7.05,2844,1,0,52.3,10
1/11/2024 13:45,11,Pendinginan,49.1,63.2,7.07,2907,1,0,52.2,10
1/11/2024 13:50,11,Pendinginan,49.2,62.9,7.07,2901,1,0,52.5,10
1/11/2024 13:55,11,Pendinginan,49.2,63.7,7.08,2889,1,0,53.1,10
1/11/2024 14:00,11,Pendinginan,49.3,63.3,7.09,2982,1,0,52.5,10
1/11/2024 14:05,11,Pendinginan,49.1,63.1,7.04,2917,1,0,52.1,10
1/11/2024 14:10,11,Pendinginan,49.3,63.1,7.09,2953,1,0,52.2,10
1/11/2024 14:15,11,Pendinginan,49.2,63.2,7.11,2838,1,0,51.9,10
1/11/2024 14:20,11,Pendinginan,49.2,63.3,7.11,2855,1,0,52.5,10
1/11/2024 14:25,11,Pendinginan,49.6,63.1,7.12,3008,1,0,52.1,10
1/11/2024 14:30,11,Pendinginan,49.3,62.9,7.08,3000,1,0,52.5,10
1/11/2024 14:35,11,Pendinginan,48.9,62.5,7.01,2940,1,0,52.5,10
1/11/2024 14:40,11,Pendinginan,49.2,62.6,7.1,2982,1,0,52.1,10
1/11/2024 14:45,11,Pendinginan,49.1,62.9,7.13,3060,1,0,52.7,10
1/11/2024 14:50,11,Pendinginan,49.3,63.2,7.06,2862,1,0,51.9,10
1/11/2024 14:55,11,Pendinginan,49.4,62.7,7.08,2738,1,0,52.6,10
1/11/2024 15:00,11,Pendinginan,49,63.2,7.09,2899,1,0,52.7,10
1/11/2024 15:05,11,Pendinginan,49.2,62.9,7.1,2672,1,0,52.5,10
1/11/2024 15:10,11,Pendinginan,49.4,62.8,7.12,2829,1,0,52.4,10
1/11/2024 15:15,11,Pendinginan,49.1,63.3,7.07,2883,1,0,52.6,10
1/11/2024 15:20,11,Pendinginan,49.5,63,7.16,2953,1,0,52.5,10
1/11/2024 15:25,11,Pendinginan,49.3,62.7,7.03,2919,1,0,52.9,10
1/11/2024 15:30,11,Pendinginan,49.3,62.6,7.12,2800,1,0,52.1,10
1/11/2024 15:35,11,Pendinginan,49.2,62.4,7.09,2884,1,0,52.7,10
1/11/2024 15:40,11,Pendinginan,49.6,62.6,7.1,3033,1,0,52.6,10
1/11/2024 15:45,11,Pendinginan,49.5,62.8,7.11,2785,1,0,52.3,10
1/11/2024 15:50,11,Pendinginan,49.4,62.6,7.06,2892,1,0,53,10
1/11/2024 15:55,11,Pendinginan,49.3,62.6,7.07,2846,1,0,52.5,10
1/11/2024 16:00,11,Pendinginan,49.2,62.9,7.06,2984,1,0,52.4,10
1/11/2024 16:05,11,Pendinginan,49.3,63.4,7.05,2886,1,0,52.5,10
1/11/2024 16:10,11,Pendinginan,49.2,63.3,7.09,2915,1,0,52.4,10
1/11/2024 16:15,11,Pendinginan,49.4,63.2,7.12,2956,1,0,52.6,10
1/11/2024 16:20,11,Pendinginan,49.4,63,7.03,2811,1,0,53.2,10
1/11/2024 16:25,11,Pendinginan,49.5,62.4,7.1,2907,1,0,53.2,10
1/11/2024 16:30,11,Pendinginan,49.2,63,7.11,2870,1,0,53,10
1/11/2024 16:35,11,Pendinginan,49.2,63.3,7.08,2823,1,0,52.8,10
1/11/2024 16:40,11,Pendinginan,49.3,63,7.04,3043,1,0,53.1,10
1/11/2024 16:45,11,Pendinginan,49.4,62.8,7.08,2882,1,0,53.3,10
1/11/2024 16:50,11,Pendinginan,49.3,63,7.07,2908,1,0,52.8,10
1/11/2024 16:55,11,Pendinginan,49.4,62.6,7.07,2865,1,0,53,10
1/11/2024 17:00,11,Pendinginan,49.4,62.7,7.12,2823,1,0,53.2,10
1/11/2024 17:05,11,Pendinginan,49.1,62.9,7.08,2875,1,0,53.5,10
1/11/2024 17:10,11,Pendinginan,49.1,63,7.06,2895,1,0,52.8,10
1/11/2024 17:15,11,Pendinginan,49.1,62.8,7.14,2892,1,0,53.7,10
1/11/2024 17:20,11,Pendinginan,49.2,62.7,7.13,2917,1,0,53,10
1/11/2024 17:25,11,Pendinginan,49.2,62.7,7.02,2955,1,0,53.5,10
1/11/2024 17:30,11,Pendinginan,49.4,62.9,7.08,2946,1,0,53.5,10
1/11/2024 17:35,11,Pendinginan,49.3,62.8,7.08,2820,1,0,53.4,10
1/11/2024 17:40,11,Pendinginan,48.8,63,7.1,2922,1,0,53.3,10
1/11/2024 17:45,11,Pendinginan,49.2,63.1,7.07,2826,1,0,53,10
1/11/2024 17:50,11,Pendinginan,49.1,62.5,7.12,2977,1,0,53.1,10
1/11/2024 17:55,11,Pendinginan,48.9,62.8,7.11,2998,1,0,52.8,10
1/11/2024 18:00,11,Pendinginan,48.9,62.7,7.04,2829,1,0,53.5,10
1/11/2024 18:05,11,Pendinginan,48.8,62.4,7.17,2887,1,0,53.4,10
1/11/2024 18:10,11,Pendinginan,48.7,62.9,7.08,2713,1,0,53.1,10
1/11/2024 18:15,11,Pendinginan,48.9,63.4,7.1,2950,1,0,53.4,10
1/11/2024 18:20,11,Pendinginan,48.8,63.2,7.14,2964,1,0,53.1,10
1/11/2024 18:25,11,Pendinginan,48.7,62.9,7.08,2889,1,0,53.7,10
1/11/2024 18:30,11,Pendinginan,48.8,63.3,7.08,2747,1,0,53.6,10
1/11/2024 18:35,11,Pendinginan,48.9,62.7,7.11,2910,1,0,53.6,10
1/11/2024 18:40,11,Pendinginan,48.6,62.6,7.02,2763,1,0,53.4,10
1/11/2024 18:45,11,Pendinginan,48.7,62.8,7.07,2779,1,0,53.8,10
1/11/2024 18:50,11,Pendinginan,48.7,63.2,7.11,2730,1,0,53.5,10
1/11/2024 18:55,11,Pendinginan,48.8,63.2,7.04,2841,1,0,53.7,10
1/11/2024 19:00,11,Pendinginan,48.4,62.2,7.09,2781,1,0,53.4,10
1/11/2024 19:05,11,Pendinginan,48.3,62.8,7.09,2771,1,0,53.6,10
1/11/2024 19:10,11,Pendinginan,48.1,63,7,2816,1,0,54,10
1/11/2024 19:15,11,Pendinginan,48.1,63.1,7.12,2573,1,0,53.7,10
1/11/2024 19:20,11,Pendinginan,47.8,62.8,7.09,2637,1,0,54.3,10
1/11/2024 19:25,11,Pendinginan,48.1,62.6,7.13,2689,1,0,53.4,10
1/11/2024 19:30,11,Pendinginan,47.8,63.4,7.1,2884,1,0,53.9,10
1/11/2024 19:35,11,Pendinginan,48.2,62.9,7.1,2837,1,0,53.6,10
1/11/2024 19:40,11,Pendinginan,48,63,7.09,2708,1,0,53.4,10
1/11/2024 19:45,11,Pendinginan,48.2,62.8,7.11,2737,1,0,53.4,10
1/11/2024 19:50,11,Pendinginan,47.8,62.8,7.07,2925,1,0,53.9,10
1/11/2024 19:55,11,Pendinginan,48.2,63,7.02,2904,1,0,53.4,10
1/11/2024 20:00,11,Pendinginan,47.9,62.7,7.15,2933,1,0,53.7,10
1/11/2024 20:05,11,Pendinginan,47.8,63,7.12,2817,1,0,53.6,10
1/11/2024 20:10,11,Pendinginan,47.6,62.9,7.13,2847,1,0,53.7,10
1/11/2024 20:15,11,Pendinginan,47.8,62.8,7.12,3013,1,0,53.9,10
1/11/2024 20:20,11,Pendinginan,47.7,62.7,7.09,2810,1,0,53.9,10
1/11/2024 20:25,11,Pendinginan,47.9,62.9,7.11,2651,1,0,54.2,10
1/11/2024 20:30,11,Pendinginan,47.8,62.8,7.02,2800,1,0,54.1,10
1/11/2024 20:35,11,Pendinginan,47.6,63.6,7.08,2733,1,0,53.7,10
1/11/2024 20:40,11,Pendinginan,47.4,63.1,7.08,2861,1,0,54.2,10
1/11/2024 20:45,11,Pendinginan,47.3,62.7,7.08,2602,1,0,54.2,10
1/11/2024 20:50,11,Pendinginan,47.3,63,7.11,2825,1,0,54.1,10
1/11/2024 20:55,11,Pendinginan,47.2,62.6,7.07,2796,1,0,53.9,10
1/11/2024 21:00,11,Pendinginan,47.3,62.8,7.1,2799,1,0,54.4,10
1/11/2024 21:05,11,Pendinginan,47.2,63.2,7.03,2882,1,0,54.7,10
1/11/2024 21:10,11,Pendinginan,47,63.1,7.07,2629,1,0,54,10
1/11/2024 21:15,11,Pendinginan,46.9,62.9,7.06,2723,1,0,54.3,10
1/11/2024 21:20,11,Pendinginan,46.8,63.2,7.11,2970,1,0,54.6,10
1/11/2024 21:25,11,Pendinginan,46.9,62.8,7.1,2803,1,0,54.1,10
1/11/2024 21:30,11,Pendinginan,46.9,62.6,7.09,2819,1,0,54.2,10
1/11/2024 21:35,11,Pendinginan,46.7,63,7.07,2866,1,0,54,10
1/11/2024 21:40,11,Pendinginan,46.7,63.2,7.07,2776,1,0,54.1,10
1/11/2024 21:45,11,Pendinginan,46.8,62.7,7.07,2670,1,0,54,10
1/11/2024 21:50,11,Pendinginan,46.8,63.2,7.1,2713,1,0,54.7,10
1/11/2024 21:55,11,Pendinginan,46.4,63.3,7.07,2711,1,0,54.7,10
1/11/2024 22:00,11,Pendinginan,46.6,63.3,7.06,2724,1,0,54.5,10
1/11/2024 22:05,11,Pendinginan,46.3,63.5,7.02,2695,1,0,54.3,10
1/11/2024 22:10,11,Pendinginan,45.9,62.7,7.11,2758,1,0,55,10
1/11/2024 22:15,11,Pendinginan,46.4,63.2,7.11,2758,1,0,53.7,10
1/11/2024 22:20,11,Pendinginan,46,63.1,7.11,2774,1,0,54.3,10
1/11/2024 22:25,11,Pendinginan,46.3,63.6,7.12,2827,1,0,54.4,10
1/11/2024 22:30,11,Pendinginan,46.2,63.2,7.11,2775,1,0,54.6,10
1/11/2024 22:35,11,Pendinginan,45.9,63.1,7.13,2708,1,0,54.9,10
1/11/2024 22:40,11,Pendinginan,46.1,63.1,7.14,2712,1,0,55.1,10
1/11/2024 22:45,11,Pendinginan,46,63.1,7.07,2731,1,0,54.6,10
1/11/2024 22:50,11,Pendinginan,45.6,63.1,7.07,2783,1,0,55.1,10
1/11/2024 22:55,11,Pendinginan,45.6,63.7,7.09,2656,1,0,54.9,10
1/11/2024 23:00,11,Pendinginan,45.6,63.1,7.09,2666,1,0,54.9,10
1/11/2024 23:05,11,Pendinginan,45.6,62.7,7.11,2632,1,0,54.4,10
1/11/2024 23:10,11,Pendinginan,45.8,62.8,7.03,2776,1,0,54.7,10
1/11/2024 23:15,11,Pendinginan,45.5,63.1,7.11,2664,1,0,55.2,10
1/11/2024 23:20,11,Pendinginan,45.3,63.3,7.12,2661,1,0,54.5,10
1/11/2024 23:25,11,Pendinginan,45.6,62.9,7.08,2790,1,0,54.9,10
1/11/2024 23:30,11,Pendinginan,45.1,63.7,7.08,2685,1,0,54.9,10
1/11/2024 23:35,11,Pendinginan,45.4,63.8,7.05,2781,1,0,55.1,10
1/11/2024 23:40,11,Pendinginan,45.2,63.5,7.13,2602,1,0,55.4,10
1/11/2024 23:45,11,Pendinginan,45,62.9,7.09,2864,1,0,54.8,10
1/11/2024 23:50,11,Pendinginan,45.1,63.7,7.09,2613,1,0,54.8,10
1/11/2024 23:55,11,Pendinginan,45.3,63.3,7.16,2764,1,0,54.8,10
1/12/2024 0:00,12,Pendinginan,45,63,7.08,3061,1,0,55.3,9
1/12/2024 0:05,12,Pendinginan,45.1,63.1,7.15,2789,1,0,55.6,9
1/12/2024 0:10,12,Pendinginan,45.2,62.8,7.07,2618,1,0,54.7,9
1/12/2024 0:15,12,Pendinginan,44.9,63.1,7.16,2849,1,0,55,9
1/12/2024 0:20,12,Pendinginan,45.1,63.7,7.09,2533,1,0,55,9
1/12/2024 0:25,12,Pendinginan,44.7,63.3,7.1,2697,1,0,55.2,9
1/12/2024 0:30,12,Pendinginan,44.5,63.4,7.09,2706,1,0,55.4,9
1/12/2024 0:35,12,Pendinginan,44.5,63.2,7.1,2646,1,0,55.4,9
1/12/2024 0:40,12,Pendinginan,44.5,63.1,7.08,2773,1,0,55,9
1/12/2024 0:45,12,Pendinginan,44.6,63.9,7.1,2772,1,0,55.6,9
1/12/2024 0:50,12,Pendinginan,44.7,63.3,7.12,2578,1,0,54.9,9
1/12/2024 0:55,12,Pendinginan,44.4,64,7.08,2613,1,0,54.9,9
1/12/2024 1:00,12,Pendinginan,44.5,63.4,7.13,2730,1,0,54.8,9
1/12/2024 1:05,12,Pendinginan,44.3,63.7,7.09,2770,1,0,55.2,9
1/12/2024 1:10,12,Pendinginan,44.2,63.2,7.07,2627,1,0,55.3,9
1/12/2024 1:15,12,Pendinginan,44.4,62.9,7.1,2623,1,0,55,9
1/12/2024 1:20,12,Pendinginan,44.3,63.2,7.14,2763,1,0,55.6,9
1/12/2024 1:25,12,Pendinginan,44.2,63.1,7.1,2654,1,0,55.1,9
1/12/2024 1:30,12,Pendinginan,44,63.3,7.09,2719,1,0,55.5,9
1/12/2024 1:35,12,Pendinginan,44.3,63,7.11,2604,1,0,54.9,9
1/12/2024 1:40,12,Pendinginan,44,63.7,7.09,2786,1,0,55.5,9
1/12/2024 1:45,12,Pendinginan,44,63.7,7.11,2584,1,0,55.9,9
1/12/2024 1:50,12,Pendinginan,44.1,63.4,7.08,2751,1,0,55.5,9
1/12/2024 1:55,12,Pendinginan,44.1,63.2,7.13,2727,1,0,55.2,9
1/12/2024 2:00,12,Pendinginan,43.8,63.6,7.05,2665,1,0,55.2,9
1/12/2024 2:05,12,Pendinginan,44.1,63.3,7.13,2610,1,0,55.7,9
1/12/2024 2:10,12,Pendinginan,44.2,63.1,7.11,2869,1,0,55.4,9
1/12/2024 2:15,12,Pendinginan,43.9,63.6,7.1,2510,1,0,55.8,9
1/12/2024 2:20,12,Pendinginan,43.5,63.3,7.14,2617,1,0,55.2,9
1/12/2024 2:25,12,Pendinginan,43.9,63.1,7.07,2665,1,0,55.4,9
1/12/2024 2:30,12,Pendinginan,43.6,63.6,7.12,2613,1,0,55.4,9
1/12/2024 2:35,12,Pendinginan,43.8,63.8,7.09,2692,1,0,55.7,9
1/12/2024 2:40,12,Pendinginan,43.9,63.4,7.07,2601,1,0,55.6,9
1/12/2024 2:45,12,Pendinginan,44,63.3,7.13,2610,1,0,55.6,9
1/12/2024 2:50,12,Pendinginan,43.9,63.6,7.07,2589,1,0,55.9,9
1/12/2024 2:55,12,Pendinginan,43.7,63.1,7.08,2689,1,0,55.9,9
1/12/2024 3:00,12,Pendinginan,43.6,64.2,7.13,2612,1,0,55.3,9
1/12/2024 3:05,12,Pendinginan,43.5,63.5,7.09,2764,1,0,56,9
1/12/2024 3:10,12,Pendinginan,43.7,63.1,7.08,2729,1,0,55.4,9
1/12/2024 3:15,12,Pendinginan,43.8,63.6,7.1,2571,1,0,55.6,9
1/12/2024 3:20,12,Pendinginan,43.6,63.7,7.08,2604,1,0,55.7,9
1/12/2024 3:25,12,Pendinginan,43.6,63.1,7.06,2678,1,0,55.2,9
1/12/2024 3:30,12,Pendinginan,43.7,63.4,7.06,2584,1,0,55.8,9
1/12/2024 3:35,12,Pendinginan,43.4,63.4,7.13,2605,1,0,55.4,9
1/12/2024 3:40,12,Pendinginan,43.5,63.8,7.15,2458,1,0,56,9
1/12/2024 3:45,12,Pendinginan,43.5,63.7,7.09,2476,1,0,55.9,9
1/12/2024 3:50,12,Pendinginan,43.4,63,7.06,2665,1,0,55.8,9
1/12/2024 3:55,12,Pendinginan,43.6,63.6,7.09,2609,1,0,55.6,9
1/12/2024 4:00,12,Pendinginan,43.4,63.1,7.12,2700,1,0,55.5,9
1/12/2024 4:05,12,Pendinginan,43.7,63.4,7.11,2477,1,0,55.2,9
1/12/2024 4:10,12,Pendinginan,43.5,63.6,7.08,2745,1,0,56,9
1/12/2024 4:15,12,Pendinginan,43.3,63.4,7.18,2510,1,0,56,9
1/12/2024 4:20,12,Pendinginan,43.4,63.6,7.14,2578,1,0,56.2,9
1/12/2024 4:25,12,Pendinginan,43.8,63.4,7.13,2560,1,0,55.9,9
1/12/2024 4:30,12,Pendinginan,43.5,63.6,7.14,2597,1,0,56.3,9
1/12/2024 4:35,12,Pendinginan,43.7,63.6,7.09,2556,1,0,55.6,9
1/12/2024 4:40,12,Pendinginan,43.6,63,7.12,2517,1,0,56.1,9
1/12/2024 4:45,12,Pendinginan,43.5,63.8,7.14,2717,1,0,56.3,9
1/12/2024 4:50,12,Pendinginan,43.5,63,7.07,2435,1,0,55.6,9
1/12/2024 4:55,12,Pendinginan,43.5,63.2,7.1,2640,1,0,55.9,9
1/12/2024 5:00,12,Pendinginan,43.3,63.3,7.08,2578,1,0,56.4,9
1/12/2024 5:05,12,Pendinginan,43.5,63.9,7.15,2552,1,0,55.6,9
1/12/2024 5:10,12,Pendinginan,43.5,63.7,7.09,2670,1,0,56.4,9
1/12/2024 5:15,12,Pendinginan,43.4,63.1,7.13,2608,1,0,55.8,9
1/12/2024 5:20,12,Pendinginan,43.5,63.3,7.06,2657,1,0,55.9,9
1/12/2024 5:25,12,Pendinginan,43.1,63.3,7.08,2730,1,0,55.9,9
1/12/2024 5:30,12,Pendinginan,43.2,63.5,7.08,2531,1,0,56.2,9
1/12/2024 5:35,12,Pendinginan,43.3,62.9,7.16,2639,1,0,56,9
1/12/2024 5:40,12,Pendinginan,43.6,63.5,7.13,2531,1,0,56.2,9
1/12/2024 5:45,12,Pendinginan,43.5,63.2,7.11,2590,1,0,56.3,9
1/12/2024 5:50,12,Pendinginan,43.7,62.8,7.06,2560,1,0,56.7,9
1/12/2024 5:55,12,Pendinginan,43.5,63.2,7.09,2545,1,0,56.2,9
1/12/2024 6:00,12,Pendinginan,43.9,63.4,7.08,2809,1,0,56.2,9
1/12/2024 6:05,12,Pendinginan,43.6,63.7,7.09,2721,1,0,55.9,9
1/12/2024 6:10,12,Pendinginan,43.9,63.3,7.14,2739,1,0,55.8,9
1/12/2024 6:15,12,Pendinginan,43.9,62.8,7.07,2522,1,0,56.3,9
1/12/2024 6:20,12,Pendinginan,43.8,63.2,7.11,2633,1,0,56.4,9
1/12/2024 6:25,12,Pendinginan,43.9,63.8,7.1,2543,1,0,56.4,9
1/12/2024 6:30,12,Pendinginan,43.6,63,7.14,2574,1,0,55.9,9
1/12/2024 6:35,12,Pendinginan,43.6,63.2,7.14,2674,1,0,56.3,9
1/12/2024 6:40,12,Pendinginan,44.2,63.2,7.1,2377,1,0,56.1,9
1/12/2024 6:45,12,Pendinginan,44,63.7,7.08,2619,1,0,56.6,9
1/12/2024 6:50,12,Pendinginan,43.9,62.5,7.11,2642,1,0,56,9
1/12/2024 6:55,12,Pendinginan,43.9,62.8,7.03,2663,1,0,56.3,9
1/12/2024 7:00,12,Pendinginan,44.2,63.4,7.1,2574,1,0,56.5,9
1/12/2024 7:05,12,Pendinginan,44.2,63.3,7.14,2556,1,0,56.1,9
1/12/2024 7:10,12,Pendinginan,44,63.2,7.07,2472,1,0,56.5,9
1/12/2024 7:15,12,Pendinginan,44,63.1,7.1,2700,1,0,56.8,9
1/12/2024 7:20,12,Pendinginan,43.9,63,7.13,2626,1,0,56.4,9
1/12/2024 7:25,12,Pendinginan,44,62.9,7.09,2600,1,0,56.9,9
1/12/2024 7:30,12,Pendinginan,44.1,62.8,7.1,2660,1,0,56,9
1/12/2024 7:35,12,Pendinginan,44.4,63.1,7.08,2449,1,0,56.7,9
1/12/2024 7:40,12,Pendinginan,44.2,63.1,7.08,2551,1,0,56.3,9
1/12/2024 7:45,12,Pendinginan,44.3,62.9,7.06,2794,1,0,56.1,9
1/12/2024 7:50,12,Pendinginan,44.4,62.5,7.05,2583,1,0,56.6,9
1/12/2024 7:55,12,Pendinginan,44.6,63.2,7.1,2499,1,0,57,9
1/12/2024 8:00,12,Pendinginan,44.6,62.7,7.11,2586,1,0,56.4,9
1/12/2024 8:05,12,Pendinginan,44.6,63.3,7.1,2552,1,0,57,9
1/12/2024 8:10,12,Pendinginan,44.6,63,7.06,2601,1,0,56.8,9
1/12/2024 8:15,12,Pendinginan,44.1,63.1,7.09,2556,1,0,56.3,9
1/12/2024 8:20,12,Pendinginan,44.4,63.4,7.09,2650,1,0,56.4,9
1/12/2024 8:25,12,Pendinginan,44.7,63,7.12,2573,1,0,56.8,9
1/12/2024 8:30,12,Pendinginan,44.3,62.6,7.12,2409,1,0,56.5,9
1/12/2024 8:35,12,Pendinginan,44.6,62.7,7.09,2594,1,0,56.9,9
1/12/2024 8:40,12,Pendinginan,44.6,62.8,7.09,2378,1,0,56.7,9
1/12/2024 8:45,12,Pendinginan,44.9,63.2,7.08,2471,1,0,56.7,9
1/12/2024 8:50,12,Pendinginan,45,63,7.12,2662,1,0,56.5,9
1/12/2024 8:55,12,Pendinginan,44.9,63.4,7.1,2469,1,0,56.5,9
1/12/2024 9:00,12,Pendinginan,44.8,63,7.08,2592,1,0,56.5,9
1/12/2024 9:05,12,Pendinginan,44.7,63,7.11,2612,1,0,56.5,9
1/12/2024 9:10,12,Pendinginan,44.9,63,7.15,2571,1,0,56.9,9
1/12/2024 9:15,12,Pendinginan,45,62.4,7.14,2642,1,0,57,9
1/12/2024 9:20,12,Pendinginan,45.1,63,7.13,2699,1,0,57.1,9
1/12/2024 9:25,12,Pendinginan,45.2,62.4,7.11,2590,1,0,57,9
1/12/2024 9:30,12,Pendinginan,45.4,62.8,7.17,2428,1,0,56.9,9
1/12/2024 9:35,12,Pendinginan,45.2,62.2,7.1,2452,1,0,56.8,9
1/12/2024 9:40,12,Pendinginan,45.3,63.1,7.06,2641,1,0,56.9,9
1/12/2024 9:45,12,Pendinginan,45.5,62.7,7.07,2471,1,0,56.5,9
1/12/2024 9:50,12,Pendinginan,45.5,63.2,7.09,2618,1,0,56.4,9
1/12/2024 9:55,12,Pendinginan,45.5,63,7.06,2551,1,0,57.1,9
1/12/2024 10:00,12,Pendinginan,45.1,63.2,7.12,2625,1,0,56.8,9
1/12/2024 10:05,12,Pendinginan,45.1,62.9,7.11,2570,1,0,57.3,9
1/12/2024 10:10,12,Pendinginan,45.5,63.3,7.11,2512,1,0,56.9,9
1/12/2024 10:15,12,Pendinginan,45.7,63,7.06,2567,1,0,57.4,9
1/12/2024 10:20,12,Pendinginan,45.7,63,7.12,2643,1,0,56.7,9
1/12/2024 10:25,12,Pendinginan,45.6,62.7,7.06,2545,1,0,57.1,9
1/12/2024 10:30,12,Pendinginan,46.1,62.8,7.13,2659,1,0,56.7,9
1/12/2024 10:35,12,Pendinginan,45.8,63.4,7.11,2655,1,0,57.3,9
1/12/2024 10:40,12,Pendinginan,45.7,62.7,7.11,2592,1,0,56.8,9
1/12/2024 10:45,12,Pendinginan,45.8,62.5,7.11,2660,1,0,57.6,9
1/12/2024 10:50,12,Pendinginan,46.2,62.9,7.08,2532,1,0,57.1,9
1/12/2024 10:55,12,Pendinginan,45.9,62.8,7.13,2607,1,0,57.4,9
1/12/2024 11:00,12,Pendinginan,45.9,62.9,7.09,2489,1,0,57.3,9
1/12/2024 11:05,12,Pendinginan,46.3,62.7,7.11,2589,1,0,57.2,9
1/12/2024 11:10,12,Pendinginan,46,62.2,7.11,2570,1,0,57.1,9
1/12/2024 11:15,12,Pendinginan,46.3,62.5,7.13,2552,1,0,57.7,9
1/12/2024 11:20,12,Pendinginan,46.3,63.2,7.12,2546,1,0,56.9,9
1/12/2024 11:25,12,Pendinginan,46.1,62.2,7.08,2594,1,0,57,9
1/12/2024 11:30,12,Pendinginan,46.4,62.9,7.11,2729,1,0,56.9,9
1/12/2024 11:35,12,Pendinginan,46.4,62.3,7.14,2383,1,0,56.8,9
1/12/2024 11:40,12,Pendinginan,46.4,63,7.12,2454,1,0,56.9,9
1/12/2024 11:45,12,Pendinginan,46.7,62.3,7.08,2680,1,0,57.6,9
1/12/2024 11:50,12,Pendinginan,46.7,62.2,7.06,2572,1,0,57.4,9
1/12/2024 11:55,12,Pendinginan,46.6,62.9,7.06,2629,1,0,57,9
1/12/2024 12:00,12,Pendinginan,46.7,62.3,7.09,2511,1,0,56.9,9
1/12/2024 12:05,12,Pendinginan,46.7,62.2,7.13,2611,1,0,57.8,9
1/12/2024 12:10,12,Pendinginan,46.7,62.6,7.15,2509,1,0,56.9,9
1/12/2024 12:15,12,Pendinginan,46.8,62,7.18,2675,1,0,58,9
1/12/2024 12:20,12,Pendinginan,46.8,62.6,7.1,2629,1,0,57,9
1/12/2024 12:25,12,Pendinginan,46.4,62.2,7.07,2676,1,0,57.9,9
1/12/2024 12:30,12,Pendinginan,46.5,62.8,7.14,2432,1,0,57.3,9
1/12/2024 12:35,12,Pendinginan,46.7,62.6,7.07,2549,1,0,57.2,9
1/12/2024 12:40,12,Pendinginan,47,62.3,7.09,2540,1,0,58,9
1/12/2024 12:45,12,Pendinginan,46.9,62,7.13,2545,1,0,57,9
1/12/2024 12:50,12,Pendinginan,47.3,62.2,7.1,2568,1,0,58,9
1/12/2024 12:55,12,Pendinginan,46.8,62.4,7.17,2565,1,0,57.1,9
1/12/2024 13:00,12,Pendinginan,47,62.4,7.15,2527,1,0,57.7,9
1/12/2024 13:05,12,Pendinginan,46.9,61.9,7.1,2669,1,0,57.5,9
1/12/2024 13:10,12,Pendinginan,47.2,62.4,7.14,2505,1,0,57.7,9
1/12/2024 13:15,12,Pendinginan,47,62.9,7.09,2482,1,0,57.7,9
1/12/2024 13:20,12,Pendinginan,47.2,62.4,7.12,2465,1,0,58,9
1/12/2024 13:25,12,Pendinginan,47.3,62.7,7.1,2585,1,0,57.6,9
1/12/2024 13:30,12,Pendinginan,47.4,62.6,7.12,2429,1,0,58.1,9
1/12/2024 13:35,12,Pendinginan,47.3,62.1,7.12,2429,1,0,57.9,9
1/12/2024 13:40,12,Pendinginan,47.1,62.2,7.12,2632,1,0,57.7,9
1/12/2024 13:45,12,Pendinginan,47.4,62.2,7.11,2556,1,0,57.6,9
1/12/2024 13:50,12,Pendinginan,47.1,62,7.12,2528,1,0,57.6,9
1/12/2024 13:55,12,Pendinginan,47.3,62,7.1,2523,1,0,57.7,9
1/12/2024 14:00,12,Pendinginan,47.4,62.2,7.08,2435,1,0,58.5,9
1/12/2024 14:05,12,Pendinginan,47.2,62.1,7.13,2574,1,0,57.9,9
1/12/2024 14:10,12,Pendinginan,47.3,62.3,7.11,2520,1,0,57.8,9
1/12/2024 14:15,12,Pendinginan,47.6,62.2,7.11,2629,1,0,58,9
1/12/2024 14:20,12,Pendinginan,47.7,61.7,7.14,2591,1,0,57.5,9
1/12/2024 14:25,12,Pendinginan,47.5,62.5,7.09,2578,1,0,58,9
1/12/2024 14:30,12,Pendinginan,47.3,62.1,7.12,2478,1,0,57.5,9
1/12/2024 14:35,12,Pendinginan,47.5,62.4,7.13,2471,1,0,58,9
1/12/2024 14:40,12,Pendinginan,47.4,61.7,7.1,2629,1,0,58,9
1/12/2024 14:45,12,Pendinginan,47.5,62,7.1,2547,1,0,57.5,9
1/12/2024 14:50,12,Pendinginan,47.5,62.1,7.07,2470,1,0,58,9
1/12/2024 14:55,12,Pendinginan,47.5,62.1,7.09,2662,1,0,57.6,9
1/12/2024 15:00,12,Pendinginan,47.6,62,7.11,2572,1,0,57.5,9
1/12/2024 15:05,12,Pendinginan,47.5,62.5,7.17,2524,1,0,57.9,9
1/12/2024 15:10,12,Pendinginan,47.9,62.5,7.09,2484,1,0,58.2,9
1/12/2024 15:15,12,Pendinginan,47.4,62.5,7.12,2573,1,0,57.8,9
1/12/2024 15:20,12,Pendinginan,47.5,62.6,7.11,2498,1,0,57.9,9
1/12/2024 15:25,12,Pendinginan,47.6,61.8,7.1,2480,1,0,58.2,9
1/12/2024 15:30,12,Pendinginan,47.4,61.6,7.05,2411,1,0,58.4,9
1/12/2024 15:35,12,Pendinginan,47.6,62.3,7.13,2532,1,0,58,9
1/12/2024 15:40,12,Pendinginan,47.7,62.2,7.16,2576,1,0,57.8,9
1/12/2024 15:45,12,Pendinginan,47.5,61.9,7.15,2492,1,0,57.8,9
1/12/2024 15:50,12,Pendinginan,47.6,62.1,7.12,2675,1,0,58.3,9
1/12/2024 15:55,12,Pendinginan,47.6,61.7,7.1,2579,1,0,57.7,9
1/12/2024 16:00,12,Pendinginan,47.9,62.1,7.11,2468,1,0,58.2,9
1/12/2024 16:05,12,Pendinginan,47.4,62.7,7.15,2598,1,0,57.7,9
1/12/2024 16:10,12,Pendinginan,47.6,62.5,7.13,2438,1,0,57.9,9
1/12/2024 16:15,12,Pendinginan,47.5,61.9,7.16,2363,1,0,58.3,9
1/12/2024 16:20,12,Pendinginan,47.3,61.8,7.05,2471,1,0,58.6,9
1/12/2024 16:25,12,Pendinginan,47.5,61.7,7.14,2612,1,0,58.2,9
1/12/2024 16:30,12,Pendinginan,47.8,62.3,7.13,2448,1,0,58.4,9
1/12/2024 16:35,12,Pendinginan,47.5,62.2,7.09,2521,1,0,57.9,9
1/12/2024 16:40,12,Pendinginan,47.1,62.4,7.07,2518,1,0,58.3,9
1/12/2024 16:45,12,Pendinginan,47.4,62,7.12,2546,1,0,58.4,9
1/12/2024 16:50,12,Pendinginan,47.7,62.2,7.12,2434,1,0,58.4,9
1/12/2024 16:55,12,Pendinginan,47.5,62,7.13,2481,1,0,58.4,9
1/12/2024 17:00,12,Pendinginan,47.5,62.4,7.12,2420,1,0,58.1,9
1/12/2024 17:05,12,Pendinginan,47.5,62.8,7.1,2538,1,0,58.1,9
1/12/2024 17:10,12,Pendinginan,47.2,61.9,7.05,2608,1,0,57.6,9
1/12/2024 17:15,12,Pendinginan,47.3,61.7,7.09,2608,1,0,58.4,9
1/12/2024 17:20,12,Pendinginan,47.1,61.9,7.09,2493,1,0,58.4,9
1/12/2024 17:25,12,Pendinginan,47.6,61.5,7.11,2470,1,0,58.6,9
1/12/2024 17:30,12,Pendinginan,47.4,62.3,7.12,2418,1,0,58.7,9
1/12/2024 17:35,12,Pendinginan,47.3,62.4,7.15,2525,1,0,58.8,9
1/12/2024 17:40,12,Pendinginan,47.2,62,7.11,2488,1,0,58.2,9
1/12/2024 17:45,12,Pendinginan,47.4,62.2,7.12,2519,1,0,59.3,9
1/12/2024 17:50,12,Pendinginan,47,61.9,7.07,2467,1,0,58.5,9
1/12/2024 17:55,12,Pendinginan,47,62,7.12,2444,1,0,58.5,9
1/12/2024 18:00,12,Pendinginan,47.2,62.3,7.14,2569,1,0,58.5,9
1/12/2024 18:05,12,Pendinginan,47,61.9,7.1,2438,1,0,58.7,9
1/12/2024 18:10,12,Pendinginan,47,62.3,7.08,2593,1,0,58.4,9
1/12/2024 18:15,12,Pendinginan,46.8,62,7.19,2445,1,0,58.4,9
1/12/2024 18:20,12,Pendinginan,46.9,62.1,7.09,2486,1,0,58.8,9
1/12/2024 18:25,12,Pendinginan,46.9,61.8,7.11,2428,1,0,58.5,9
1/12/2024 18:30,12,Pendinginan,47,62.1,7.11,2613,1,0,58.8,9
1/12/2024 18:35,12,Pendinginan,46.9,62.7,7.13,2309,1,0,58.8,9
1/12/2024 18:40,12,Pendinginan,46.5,62.3,7.06,2429,1,0,58.5,9
1/12/2024 18:45,12,Pendinginan,46.6,62.1,7.15,2407,1,0,58.8,9
1/12/2024 18:50,12,Pendinginan,46.5,62.1,7.13,2383,1,0,58.2,9
1/12/2024 18:55,12,Pendinginan,46.7,62.5,7.11,2424,1,0,58.7,9
1/12/2024 19:00,12,Pendinginan,46.6,62.2,7.04,2373,1,0,58.4,9
1/12/2024 19:05,12,Pendinginan,46.6,62.2,7.13,2477,1,0,58.3,9
1/12/2024 19:10,12,Pendinginan,46.7,62.6,7.08,2480,1,0,58.5,9
1/12/2024 19:15,12,Pendinginan,46.5,62.5,7.18,2512,1,0,58.8,9
1/12/2024 19:20,12,Pendinginan,46.3,62.2,7.16,2446,1,0,58.4,9
1/12/2024 19:25,12,Pendinginan,46.1,62.4,7.12,2396,1,0,59,9
1/12/2024 19:30,12,Pendinginan,46.2,62.2,7.12,2417,1,0,58.8,9
1/12/2024 19:35,12,Pendinginan,46.4,61.9,7.13,2457,1,0,58.8,9
1/12/2024 19:40,12,Pendinginan,46.3,62.2,7.13,2498,1,0,58.6,9
1/12/2024 19:45,12,Pendinginan,46.2,62.2,7.11,2413,1,0,58.9,9
1/12/2024 19:50,12,Pendinginan,46.1,62.4,7.12,2308,1,0,58.8,9
1/12/2024 19:55,12,Pendinginan,46.1,62.3,7.1,2338,1,0,59,9
1/12/2024 20:00,12,Pendinginan,45.9,62.3,7.11,2431,1,0,58.7,9
1/12/2024 20:05,12,Pendinginan,45.8,62.4,7.1,2442,1,0,59,9
1/12/2024 20:10,12,Pendinginan,45.8,61.9,7.19,2385,1,0,59.1,9
1/12/2024 20:15,12,Pendinginan,46.1,62.5,7.11,2419,1,0,58.6,9
1/12/2024 20:20,12,Pendinginan,45.9,62.5,7.1,2339,1,0,58.5,9
1/12/2024 20:25,12,Pendinginan,45.9,62.3,7.12,2354,1,0,58.5,9
1/12/2024 20:30,12,Pendinginan,45.8,62.3,7.14,2387,1,0,58.9,9
1/12/2024 20:35,12,Pendinginan,45.7,62.5,7.14,2392,1,0,59.1,9
1/12/2024 20:40,12,Pendinginan,45.7,62.3,7.1,2520,1,0,58.8,9
1/12/2024 20:45,12,Pendinginan,45.6,62.3,7.06,2501,1,0,58.1,9
1/12/2024 20:50,12,Pendinginan,45.1,62.5,7.13,2357,1,0,59,9
1/12/2024 20:55,12,Pendinginan,45,62.5,7.12,2402,1,0,59,9
1/12/2024 21:00,12,Pendinginan,45.4,62.3,7.06,2579,1,0,59.4,9
1/12/2024 21:05,12,Pendinginan,45.1,62.3,7.11,2487,1,0,58.4,9
1/12/2024 21:10,12,Pendinginan,45.1,61.8,7.11,2361,1,0,59.1,9
1/12/2024 21:15,12,Pendinginan,45,62.1,7.14,2433,1,0,59.2,9
1/12/2024 21:20,12,Pendinginan,45,62.2,7.11,2434,1,0,58.4,9
1/12/2024 21:25,12,Pendinginan,45.1,62.5,7.12,2380,1,0,58.3,9
1/12/2024 21:30,12,Pendinginan,44.9,62.9,7.12,2364,1,0,59.1,9
1/12/2024 21:35,12,Pendinginan,44.9,62.6,7.11,2421,1,0,59.6,9
1/12/2024 21:40,12,Pendinginan,45,63.1,7.1,2518,1,0,58.9,9
1/12/2024 21:45,12,Pendinginan,44.8,62.6,7.1,2389,1,0,59.4,9
1/12/2024 21:50,12,Pendinginan,44.6,62.9,7.08,2535,1,0,59.5,9
1/12/2024 21:55,12,Pendinginan,44.6,62.3,7.1,2366,1,0,59.2,9
1/12/2024 22:00,12,Pendinginan,44.8,63,7.12,2307,1,0,59.1,9
1/12/2024 22:05,12,Pendinginan,44.5,62.1,7.08,2540,1,0,59.3,9
1/12/2024 22:10,12,Pendinginan,44.3,62.7,7.08,2282,1,0,59,9
1/12/2024 22:15,12,Pendinginan,44.6,62.4,7.05,2464,1,0,59.2,9
1/12/2024 22:20,12,Pendinginan,44.1,62.4,7.13,2397,1,0,59.8,9
1/12/2024 22:25,12,Pendinginan,44.2,62.5,7.1,2239,1,0,59.6,9
1/12/2024 22:30,12,Pendinginan,44.3,62.6,7.13,2305,1,0,59,9
1/12/2024 22:35,12,Pendinginan,44.2,62.9,7.17,2421,1,0,59.3,9
1/12/2024 22:40,12,Pendinginan,44.1,62.5,7.09,2357,1,0,58.9,9
1/12/2024 22:45,12,Pendinginan,44,63,7.14,2279,1,0,59.3,9
1/12/2024 22:50,12,Pendinginan,43.9,62.5,7.15,2403,1,0,60.1,9
1/12/2024 22:55,12,Pendinginan,44.1,62.6,7.14,2332,1,0,59.1,9
1/12/2024 23:00,12,Pendinginan,44.1,62.9,7.11,2367,1,0,59.8,9
1/12/2024 23:05,12,Pendinginan,43.9,62.1,7.13,2330,1,0,59.8,9
1/12/2024 23:10,12,Pendinginan,43.9,63,7.09,2278,1,0,59.8,9
1/12/2024 23:15,12,Pendinginan,43.6,62.1,7.14,2295,1,0,60,9
1/12/2024 23:20,12,Pendinginan,43.7,62.6,7.11,2463,1,0,59.6,9
1/12/2024 23:25,12,Pendinginan,43.5,62.4,7.12,2255,1,0,59.8,9
1/12/2024 23:30,12,Pendinginan,43.2,62.6,7.14,2359,1,0,59.3,9
1/12/2024 23:35,12,Pendinginan,43.6,62.3,7.12,2381,1,0,59.7,9
1/12/2024 23:40,12,Pendinginan,43.3,63,7.12,2386,1,0,60,9
1/12/2024 23:45,12,Pendinginan,43.5,63,7.13,2388,1,0,59.6,9
1/12/2024 23:50,12,Pendinginan,43.1,62.7,7.13,2369,1,0,59.5,9
1/12/2024 23:55,12,Pendinginan,43.1,62.8,7.08,2436,1,0,59.5,9
1/13/2024 0:00,13,Pendinginan,43.2,62.8,7.14,2205,1,0,59.8,8
1/13/2024 0:05,13,Pendinginan,43.2,62.5,7.1,2288,1,0,59.2,8
1/13/2024 0:10,13,Pendinginan,43.3,63.1,7.13,2295,1,0,59.6,8
1/13/2024 0:15,13,Pendinginan,43.1,63.2,7.1,2221,1,0,60.1,8
1/13/2024 0:20,13,Pendinginan,42.7,62.4,7.11,2183,0,0,60,8
1/13/2024 0:25,13,Pendinginan,43,62.5,7.16,2422,1,0,59.6,8
1/13/2024 0:30,13,Pendinginan,42.8,63.4,7.14,2324,1,0,60.1,8
1/13/2024 0:35,13,Pendinginan,42.9,62.5,7.12,2385,1,0,59.1,8
1/13/2024 0:40,13,Pendinginan,42.7,63.1,7.11,2423,1,0,60.2,8
1/13/2024 0:45,13,Pendinginan,42.7,62.5,7.11,2511,1,0,60.3,8
1/13/2024 0:50,13,Pendinginan,42.7,62.5,7.12,2315,1,0,59.4,8
1/13/2024 0:55,13,Pendinginan,42.6,63.1,7.07,2359,1,0,60.2,8
1/13/2024 1:00,13,Pendinginan,42.5,63.2,7.1,2326,1,0,59.7,8
1/13/2024 1:05,13,Pendinginan,42.5,62.5,7.14,2357,1,0,59.8,8
1/13/2024 1:10,13,Pendinginan,42.3,62.9,7.13,2269,1,0,60.4,8
1/13/2024 1:15,13,Pendinginan,42.2,62.1,7.1,2342,1,0,59.5,8
1/13/2024 1:20,13,Pendinginan,42.3,63,7.13,2313,1,0,60.1,8
1/13/2024 1:25,13,Pendinginan,42.3,62.6,7.15,2173,0,0,59.2,8
1/13/2024 1:30,13,Pendinginan,42.3,63,7.13,2347,1,0,59.3,8
1/13/2024 1:35,13,Pendinginan,42.3,63,7.08,2346,1,0,59.9,8
1/13/2024 1:40,13,Pendinginan,42.7,62.1,7.16,2243,1,0,59.4,8
1/13/2024 1:45,13,Pendinginan,42.3,62.9,7.15,2410,1,0,60.4,8
1/13/2024 1:50,13,Pendinginan,42,63.1,7.13,2218,1,0,59.9,8
1/13/2024 1:55,13,Pendinginan,42,62.8,7.1,2187,0,0,60.1,8
1/13/2024 2:00,13,Pendinginan,42.2,62.7,7.16,2246,1,0,59.9,8
1/13/2024 2:05,13,Pendinginan,42.2,62.7,7.12,2063,0,0,60,8
1/13/2024 2:10,13,Pendinginan,41.8,62.4,7.08,2180,0,0,59.9,8
1/13/2024 2:15,13,Pendinginan,41.9,63,7.13,2109,0,0,60.1,8
1/13/2024 2:20,13,Pendinginan,42,62.7,7.12,2275,1,0,60.3,8
1/13/2024 2:25,13,Pendinginan,41.7,62.7,7.17,2371,1,0,60.3,8
1/13/2024 2:30,13,Pendinginan,42,63.3,7.18,2246,1,0,59.8,8
1/13/2024 2:35,13,Pendinginan,41.9,63.7,7.08,2217,1,0,59.7,8
1/13/2024 2:40,13,Pendinginan,41.9,62.4,7.12,2097,0,0,60.3,8
1/13/2024 2:45,13,Pendinginan,42,62.7,7.12,2238,1,0,60.2,8
1/13/2024 2:50,13,Pendinginan,41.8,63,7.16,2184,0,0,60.1,8
1/13/2024 2:55,13,Pendinginan,41.9,62.4,7.06,2266,1,0,60.3,8
1/13/2024 3:00,13,Pendinginan,41.7,62.6,7.1,2176,0,0,60.4,8
1/13/2024 3:05,13,Pendinginan,41.6,62.7,7.1,2128,0,0,60.5,8
1/13/2024 3:10,13,Pendinginan,41.7,62.9,7.08,2183,0,0,60.4,8
1/13/2024 3:15,13,Pendinginan,42.1,62.2,7.12,2274,1,0,60,8
1/13/2024 3:20,13,Pendinginan,41.9,62.5,7.13,2198,0,0,60.6,8
1/13/2024 3:25,13,Pendinginan,41.6,62.7,7.15,2156,0,0,60.3,8
1/13/2024 3:30,13,Pendinginan,41.4,62.5,7.13,2157,0,0,60.1,8
1/13/2024 3:35,13,Pendinginan,41.7,62.6,7.15,2252,1,0,60.4,8
1/13/2024 3:40,13,Pendinginan,41.8,62.9,7.17,2307,1,0,60.1,8
1/13/2024 3:45,13,Pendinginan,41.8,62.9,7.11,2254,1,0,60.7,8
1/13/2024 3:50,13,Pendinginan,41.7,63.4,7.16,2273,1,0,60,8
1/13/2024 3:55,13,Pendinginan,41.6,62.8,7.14,2280,1,0,60.4,8
1/13/2024 4:00,13,Pendinginan,41.6,63,7.1,2364,1,0,59.8,8
1/13/2024 4:05,13,Pendinginan,41.8,62.8,7.15,2256,1,0,60.5,8
1/13/2024 4:10,13,Pendinginan,41.7,63,7.11,2308,1,0,60.1,8
1/13/2024 4:15,13,Pendinginan,41.6,63,7.15,2261,1,0,60.3,8
1/13/2024 4:20,13,Pendinginan,41.7,62.6,7.18,2216,1,0,60,8
1/13/2024 4:25,13,Pendinginan,41.4,62.8,7.13,2379,1,0,60.1,8
1/13/2024 4:30,13,Pendinginan,41.6,62.5,7.11,2355,1,0,60.1,8
1/13/2024 4:35,13,Pendinginan,41.7,62.9,7.12,2261,1,0,60.1,8
1/13/2024 4:40,13,Pendinginan,41.9,63.4,7.13,2412,1,0,60.4,8
1/13/2024 4:45,13,Pendinginan,41.7,63.2,7.11,2106,0,0,60,8
1/13/2024 4:50,13,Pendinginan,41.9,62.6,7.12,2127,0,0,60.8,8
1/13/2024 4:55,13,Pendinginan,41.5,62.6,7.13,2130,0,0,60.5,8
1/13/2024 5:00,13,Pendinginan,41.8,62.9,7.13,2231,1,0,60.4,8
1/13/2024 5:05,13,Pendinginan,41.9,62.5,7.13,2222,1,0,60.9,8
1/13/2024 5:10,13,Pendinginan,41.8,62.7,7.13,2238,1,0,59.9,8
1/13/2024 5:15,13,Pendinginan,41.4,62.6,7.11,2115,0,0,60.8,8
1/13/2024 5:20,13,Pendinginan,41.7,62.7,7.09,2206,1,0,59.8,8
1/13/2024 5:25,13,Pendinginan,41.7,62.7,7.13,2084,0,0,60.7,8
1/13/2024 5:30,13,Pendinginan,41.5,62.5,7.15,2369,1,0,60.7,8
1/13/2024 5:35,13,Pendinginan,41.6,62.8,7.15,2257,1,0,61.5,8
1/13/2024 5:40,13,Pendinginan,41.6,62.8,7.17,2325,1,0,60.1,8
1/13/2024 5:45,13,Pendinginan,41.7,63.2,7.21,2261,1,0,60.6,8
1/13/2024 5:50,13,Pendinginan,41.6,63.4,7.15,2136,0,0,60.7,8
1/13/2024 5:55,13,Pendinginan,41.8,62.9,7.1,2154,0,0,60.2,8
1/13/2024 6:00,13,Pendinginan,42,62.6,7.14,2316,1,0,60.8,8
1/13/2024 6:05,13,Pendinginan,41.8,62.7,7.13,2302,1,0,60.9,8
1/13/2024 6:10,13,Pendinginan,41.8,63,7.16,2094,0,0,61.2,8
1/13/2024 6:15,13,Pendinginan,41.9,62.7,7.16,2155,0,0,61.1,8
1/13/2024 6:20,13,Pendinginan,41.8,62.2,7.1,2245,1,0,60.5,8
1/13/2024 6:25,13,Pendinginan,42.2,63,7.17,2209,1,0,60.9,8
1/13/2024 6:30,13,Pendinginan,41.8,62.9,7.14,2244,1,0,61.4,8
1/13/2024 6:35,13,Pendinginan,41.9,62.6,7.14,2123,0,0,60.8,8
1/13/2024 6:40,13,Pendinginan,42.1,62.5,7.16,2076,0,0,61.2,8
1/13/2024 6:45,13,Pendinginan,42.1,62.4,7.1,2030,0,0,60.7,8
1/13/2024 6:50,13,Pendinginan,42.2,62.6,7.16,2146,0,0,61.1,8
1/13/2024 6:55,13,Pendinginan,42,62.3,7.12,2142,0,0,60.5,8
1/13/2024 7:00,13,Pendinginan,42.1,62.6,7.16,2269,1,0,61.3,8
1/13/2024 7:05,13,Pendinginan,42.3,62.7,7.09,2206,1,0,61.1,8
1/13/2024 7:10,13,Pendinginan,42.4,62.8,7.16,2111,0,0,60.9,8
1/13/2024 7:15,13,Pendinginan,42.3,62.9,7.12,2186,0,0,61.2,8
1/13/2024 7:20,13,Pendinginan,42.1,63,7.1,2039,0,0,61,8
1/13/2024 7:25,13,Pendinginan,42.5,62.7,7.15,2195,0,0,61,8
1/13/2024 7:30,13,Pendinginan,42.1,61.8,7.13,2296,1,0,61.1,8
1/13/2024 7:35,13,Pendinginan,42.5,63,7.14,2181,0,0,60.8,8
1/13/2024 7:40,13,Pendinginan,42.7,62.7,7.1,2097,0,0,61.4,8
1/13/2024 7:45,13,Pendinginan,42.3,63,7.04,2304,1,0,61.2,8
1/13/2024 7:50,13,Pendinginan,42.5,62.4,7.18,2246,1,0,60.8,8
1/13/2024 7:55,13,Pendinginan,42.3,62.5,7.13,2068,0,0,61.1,8
1/13/2024 8:00,13,Pendinginan,42.5,62.5,7.15,2308,1,0,61.4,8
1/13/2024 8:05,13,Pendinginan,42.5,62.5,7.13,2082,0,0,61.3,8
1/13/2024 8:10,13,Pendinginan,42.9,62.4,7.08,2190,0,0,60.8,8
1/13/2024 8:15,13,Pendinginan,42.8,62.6,7.12,2161,0,0,61.1,8
1/13/2024 8:20,13,Pendinginan,42.7,62.2,7.09,2278,1,0,61.1,8
1/13/2024 8:25,13,Pendinginan,42.8,62.5,7.14,2093,0,0,60.7,8
1/13/2024 8:30,13,Pendinginan,42.7,62.5,7.11,2158,0,0,61.9,8
1/13/2024 8:35,13,Pendinginan,42.6,62.1,7.18,2183,0,0,61,8
1/13/2024 8:40,13,Pendinginan,43.1,62.4,7.12,2201,1,0,61.1,8
1/13/2024 8:45,13,Pendinginan,42.8,62.3,7.1,2187,0,0,61.4,8
1/13/2024 8:50,13,Pendinginan,43.1,62.7,7.12,2225,1,0,61.4,8
1/13/2024 8:55,13,Pendinginan,43.1,62.2,7.1,2225,1,0,60.8,8
1/13/2024 9:00,13,Pendinginan,43,61.5,7.09,2115,0,0,61.7,8
1/13/2024 9:05,13,Pendinginan,43.2,62.1,7.15,2256,1,0,61.3,8
1/13/2024 9:10,13,Pendinginan,43,62.2,7.12,2086,0,0,61.5,8
1/13/2024 9:15,13,Pendinginan,43.3,62.4,7.14,2242,1,0,61.3,8
1/13/2024 9:20,13,Pendinginan,43.3,62.1,7.11,2291,1,0,60.8,8
1/13/2024 9:25,13,Pendinginan,43.5,62.1,7.11,2204,1,0,61,8
1/13/2024 9:30,13,Pendinginan,43.2,62,7.12,2119,0,0,61.9,8
1/13/2024 9:35,13,Pendinginan,43.7,61.6,7.14,2252,1,0,61.6,8
1/13/2024 9:40,13,Pendinginan,43.4,62.1,7.11,2149,0,0,61.1,8
1/13/2024 9:45,13,Pendinginan,43.5,61.7,7.12,2083,0,0,61.5,8
1/13/2024 9:50,13,Pendinginan,43.5,62.3,7.16,2309,1,0,60.7,8
1/13/2024 9:55,13,Pendinginan,43.5,62.1,7.14,2050,0,0,61.2,8
1/13/2024 10:00,13,Pendinginan,43.7,62.2,7.14,2217,1,0,61.6,8
1/13/2024 10:05,13,Pendinginan,43.7,62.2,7.15,2002,0,0,62,8
1/13/2024 10:10,13,Pendinginan,43.4,61.8,7.12,2235,1,0,60.7,8
1/13/2024 10:15,13,Pendinginan,43.7,62.3,7.16,2125,0,0,61.5,8
1/13/2024 10:20,13,Pendinginan,43.8,62,7.1,2110,0,0,61.7,8
1/13/2024 10:25,13,Pendinginan,43.9,62.2,7.14,2237,1,0,61.9,8
1/13/2024 10:30,13,Pendinginan,43.7,61.8,7.12,2178,0,0,61.4,8
1/13/2024 10:35,13,Pendinginan,44.1,62.7,7.13,2187,0,0,61.9,8
1/13/2024 10:40,13,Pendinginan,43.8,62.1,7.16,2128,0,0,61.3,8
1/13/2024 10:45,13,Pendinginan,44.1,62,7.1,2347,1,0,61.5,8
1/13/2024 10:50,13,Pendinginan,44,62,7.16,2180,0,0,61.8,8
1/13/2024 10:55,13,Pendinginan,44,62.5,7.15,2263,1,0,61.8,8
1/13/2024 11:00,13,Pendinginan,44.3,61.7,7.11,2286,1,0,62.2,8
1/13/2024 11:05,13,Pendinginan,44.1,62.1,7.12,2122,0,0,61.8,8
1/13/2024 11:10,13,Pendinginan,44.5,62.1,7.12,2219,1,0,61.6,8
1/13/2024 11:15,13,Pendinginan,44.4,62.4,7.07,2241,1,0,61.3,8
1/13/2024 11:20,13,Pendinginan,44.6,61.8,7.09,2233,1,0,61.9,8
1/13/2024 11:25,13,Pendinginan,44.3,61.6,7.12,2081,0,0,61.5,8
1/13/2024 11:30,13,Pendinginan,44.5,61.6,7.14,2296,1,0,61.8,8
1/13/2024 11:35,13,Pendinginan,44.6,62.5,7.09,2272,1,0,62.1,8
1/13/2024 11:40,13,Pendinginan,44.7,62.3,7.14,2129,0,0,62.2,8
1/13/2024 11:45,13,Pendinginan,44.8,62.2,7.13,2118,0,0,61.9,8
1/13/2024 11:50,13,Pendinginan,44.8,62.2,7.12,2200,0,0,61.5,8
1/13/2024 11:55,13,Pendinginan,44.9,61.6,7.15,2083,0,0,62.2,8
1/13/2024 12:00,13,Pendinginan,44.8,61.6,7.15,2127,0,0,62.1,8
1/13/2024 12:05,13,Pendinginan,44.7,61.3,7.1,2140,0,0,62.3,8
1/13/2024 12:10,13,Pendinginan,45,62.3,7.18,2131,0,0,61.9,8
1/13/2024 12:15,13,Pendinginan,44.8,61.6,7.07,2172,0,0,61.6,8
1/13/2024 12:20,13,Pendinginan,44.9,62.4,7.11,2188,0,0,62.2,8
1/13/2024 12:25,13,Pendinginan,45,61.9,7.12,2154,0,0,61.7,8
1/13/2024 12:30,13,Pendinginan,45.1,61.3,7.16,2060,0,0,62.3,8
1/13/2024 12:35,13,Pendinginan,45,61.4,7.15,2246,1,0,61.9,8
1/13/2024 12:40,13,Pendinginan,45.2,61.1,7.09,2274,1,0,62,8
1/13/2024 12:45,13,Pendinginan,44.8,61.5,7.1,2157,0,0,61.9,8
1/13/2024 12:50,13,Pendinginan,45.1,61.7,7.17,2204,1,0,62.2,8
1/13/2024 12:55,13,Pendinginan,45.3,61.6,7.09,2266,1,0,62.1,8
1/13/2024 13:00,13,Pendinginan,45.2,61.5,7.11,2237,1,0,62.4,8
1/13/2024 13:05,13,Pendinginan,45.3,61.9,7.15,2179,0,0,62.1,8
1/13/2024 13:10,13,Pendinginan,45.4,61.6,7.14,2103,0,0,61.9,8
1/13/2024 13:15,13,Pendinginan,45.2,61.5,7.15,2059,0,0,62.2,8
1/13/2024 13:20,13,Pendinginan,45.3,61.1,7.12,2187,0,0,62.3,8
1/13/2024 13:25,13,Pendinginan,45.3,61.9,7.13,2167,0,0,62.2,8
1/13/2024 13:30,13,Pendinginan,45.5,61.5,7.12,2112,0,0,62.1,8
1/13/2024 13:35,13,Pendinginan,45.6,61.8,7.1,2116,0,0,62.3,8
1/13/2024 13:40,13,Pendinginan,45.3,61.4,7.17,2115,0,0,62.5,8
1/13/2024 13:45,13,Pendinginan,45.6,61.4,7.1,2141,0,0,61.9,8
1/13/2024 13:50,13,Pendinginan,45.5,61.6,7.14,2274,1,0,62.5,8
1/13/2024 13:55,13,Pendinginan,45.6,61,7.14,2299,1,0,61.4,8
1/13/2024 14:00,13,Pendinginan,45.6,61.6,7.11,2225,1,0,62.8,8
1/13/2024 14:05,13,Pendinginan,45.6,61.5,7.1,2171,0,0,62.6,8
1/13/2024 14:10,13,Pendinginan,45.5,61.5,7.22,2245,1,0,62.7,8
1/13/2024 14:15,13,Pendinginan,45.3,61.4,7.13,2078,0,0,62.8,8
1/13/2024 14:20,13,Pendinginan,45.8,61.4,7.19,2157,0,0,63.1,8
1/13/2024 14:25,13,Pendinginan,45.6,61.8,7.17,2259,1,0,62.5,8
1/13/2024 14:30,13,Pendinginan,45.6,61.7,7.11,2168,0,0,62,8
1/13/2024 14:35,13,Pendinginan,45.4,61.6,7.17,2229,1,0,62.4,8
1/13/2024 14:40,13,Pendinginan,45.9,61.4,7.07,1979,0,0,62.1,8
1/13/2024 14:45,13,Pendinginan,45.8,61.4,7.15,2284,1,0,62.1,8
1/13/2024 14:50,13,Pendinginan,45.7,61.7,7.11,2260,1,0,62.4,8
1/13/2024 14:55,13,Pendinginan,45.6,62.2,7.15,2225,1,0,62.9,8
1/13/2024 15:00,13,Pendinginan,45.6,61.9,7.12,2106,0,0,62.4,8
1/13/2024 15:05,13,Pendinginan,45.6,61.8,7.14,2109,0,0,62.7,8
1/13/2024 15:10,13,Pendinginan,45.7,61.4,7.13,2184,0,0,62.6,8
1/13/2024 15:15,13,Pendinginan,45.6,61.8,7.13,2094,0,0,62.1,8
1/13/2024 15:20,13,Pendinginan,45.9,61.5,7.14,2229,1,0,62.4,8
1/13/2024 15:25,13,Pendinginan,45.5,61.5,7.14,2123,0,0,63,8
1/13/2024 15:30,13,Pendinginan,45.3,61.9,7.16,2179,0,0,61.6,8
1/13/2024 15:35,13,Pendinginan,45.8,61.2,7.12,2128,0,0,62.7,8
1/13/2024 15:40,13,Pendinginan,45.8,61.8,7.16,2161,0,0,62.7,8
1/13/2024 15:45,13,Pendinginan,45.5,61.3,7.16,2206,1,0,62.8,8
1/13/2024 15:50,13,Pendinginan,45.6,61.8,7.1,2224,1,0,62.6,8
1/13/2024 15:55,13,Pendinginan,45.9,61,7.19,2108,0,0,62.5,8
1/13/2024 16:00,13,Pendinginan,45.7,61.3,7.13,2076,0,0,62.5,8
1/13/2024 16:05,13,Pendinginan,45.8,61.2,7.11,2024,0,0,62.5,8
1/13/2024 16:10,13,Pendinginan,45.9,61.2,7.11,2148,0,0,62.6,8
1/13/2024 16:15,13,Pendinginan,46,61.4,7.14,2207,1,0,63,8
1/13/2024 16:20,13,Pendinginan,45.7,61.4,7.19,2122,0,0,62.6,8
1/13/2024 16:25,13,Pendinginan,45.5,61,7.16,1940,0,0,62.7,8
1/13/2024 16:30,13,Pendinginan,45.6,62.2,7.08,2055,0,0,62.7,8
1/13/2024 16:35,13,Pendinginan,45.6,61.3,7.13,2024,0,0,62.9,8
1/13/2024 16:40,13,Pendinginan,45.3,61.5,7.12,2205,1,0,63.3,8
1/13/2024 16:45,13,Pendinginan,45.5,61.9,7.12,2045,0,0,63.3,8
1/13/2024 16:50,13,Pendinginan,45.6,61.5,7.15,2143,0,0,62.8,8
1/13/2024 16:55,13,Pendinginan,45.3,61.4,7.15,2109,0,0,63.1,8
1/13/2024 17:00,13,Pendinginan,45.6,61.2,7.09,2105,0,0,62.7,8
1/13/2024 17:05,13,Pendinginan,45.6,61.3,7.12,2200,0,0,62.9,8
1/13/2024 17:10,13,Pendinginan,45.4,61.5,7.18,2138,0,0,63.1,8
1/13/2024 17:15,13,Pendinginan,45.3,61.8,7.2,2049,0,0,62.6,8
1/13/2024 17:20,13,Pendinginan,45.5,61.8,7.13,2027,0,0,62.9,8
1/13/2024 17:25,13,Pendinginan,45.5,61.4,7.15,2202,1,0,63,8
1/13/2024 17:30,13,Pendinginan,45.4,61.7,7.11,2031,0,0,62.9,8
1/13/2024 17:35,13,Pendinginan,45.3,61.3,7.19,2279,1,0,62.9,8
1/13/2024 17:40,13,Pendinginan,45.3,61.4,7.17,2208,1,0,62.5,8
1/13/2024 17:45,13,Pendinginan,45.4,61.1,7.19,2137,0,0,62.8,8
1/13/2024 17:50,13,Pendinginan,45.2,61.4,7.15,2183,0,0,62.7,8
1/13/2024 17:55,13,Pendinginan,45.5,62,7.11,2104,0,0,63.5,8
1/13/2024 18:00,13,Pendinginan,45.4,61.4,7.16,2336,1,0,63.1,8
1/13/2024 18:05,13,Pendinginan,45.1,61.6,7.14,2053,0,0,63.2,8
1/13/2024 18:10,13,Pendinginan,44.9,61.3,7.16,1952,0,0,63.4,8
1/13/2024 18:15,13,Pendinginan,44.8,61,7.12,2114,0,0,63.5,8
1/13/2024 18:20,13,Pendinginan,45.1,61.5,7.15,2019,0,0,63.2,8
1/13/2024 18:25,13,Pendinginan,44.8,61.6,7.13,2022,0,0,63.2,8
1/13/2024 18:30,13,Pendinginan,45,61.9,7.09,2079,0,0,62.9,8
1/13/2024 18:35,13,Pendinginan,45.1,61.8,7.15,2026,0,0,63.4,8
1/13/2024 18:40,13,Pendinginan,44.7,61,7.1,2078,0,0,63.4,8
1/13/2024 18:45,13,Pendinginan,44.4,62,7.14,1953,0,0,63.2,8
1/13/2024 18:50,13,Pendinginan,44.9,61.7,7.17,1967,0,0,63.1,8
1/13/2024 18:55,13,Pendinginan,44.6,62.1,7.15,2302,1,0,63.1,8
1/13/2024 19:00,13,Pendinginan,44.6,61.5,7.18,2043,0,0,63.3,8
1/13/2024 19:05,13,Pendinginan,44.7,61.6,7.12,2059,0,0,63.2,8
1/13/2024 19:10,13,Pendinginan,44.6,61.9,7.19,2001,0,0,63.2,8
1/13/2024 19:15,13,Pendinginan,44.5,61.6,7.12,2085,0,0,63.6,8
1/13/2024 19:20,13,Pendinginan,44.2,61.7,7.12,2101,0,0,63,8
1/13/2024 19:25,13,Pendinginan,44.7,61.9,7.15,2125,0,0,63.1,8
1/13/2024 19:30,13,Pendinginan,44.3,61.8,7.11,2175,0,0,63.2,8
1/13/2024 19:35,13,Pendinginan,44.5,62.2,7.12,2063,0,0,63.7,8
1/13/2024 19:40,13,Pendinginan,44.5,61.5,7.12,2036,0,0,63.8,8
1/13/2024 19:45,13,Pendinginan,44.2,61.7,7.12,2109,0,0,63.4,8
1/13/2024 19:50,13,Pendinginan,44.1,61.3,7.08,1984,0,0,63.6,8
1/13/2024 19:55,13,Pendinginan,44.4,61.8,7.15,2038,0,0,63.6,8
1/13/2024 20:00,13,Pendinginan,44.2,62.2,7.13,2153,0,0,63.7,8
1/13/2024 20:05,13,Pendinginan,44.2,61.1,7.16,2033,0,0,63.3,8
1/13/2024 20:10,13,Pendinginan,43.8,61.7,7.14,1937,0,0,63,8
1/13/2024 20:15,13,Pendinginan,44,61.9,7.14,2131,0,0,63.5,8
1/13/2024 20:20,13,Pendinginan,43.9,61.4,7.09,2185,0,0,63.8,8
1/13/2024 20:25,13,Pendinginan,43.6,61.7,7.13,2012,0,0,63.4,8
1/13/2024 20:30,13,Pendinginan,43.9,61.9,7.15,2022,0,0,63.5,8
1/13/2024 20:35,13,Pendinginan,43.9,61.8,7.14,2027,0,0,63.6,8
1/13/2024 20:40,13,Pendinginan,43.6,62,7.1,1994,0,0,63.7,8
1/13/2024 20:45,13,Pendinginan,43.5,61.2,7.14,1889,0,0,63.2,8
1/13/2024 20:50,13,Pendinginan,43.7,61.7,7.18,1926,0,0,63.6,8
1/13/2024 20:55,13,Pendinginan,43.6,61.4,7.17,2061,0,0,63.1,8
1/13/2024 21:00,13,Pendinginan,43.4,61.9,7.12,1899,0,0,63.7,8
1/13/2024 21:05,13,Pendinginan,43.7,61.6,7.18,1955,0,0,63.7,8
1/13/2024 21:10,13,Pendinginan,43.5,61.8,7.13,2071,0,0,64.2,8
1/13/2024 21:15,13,Pendinginan,43.3,61.6,7.13,2212,1,0,63.7,8
1/13/2024 21:20,13,Pendinginan,43.1,61.4,7.08,2037,0,0,63.9,8
1/13/2024 21:25,13,Pendinginan,43.1,61.8,7.1,2016,0,0,63.8,8
1/13/2024 21:30,13,Pendinginan,43,62.3,7.11,2026,0,0,64,8
1/13/2024 21:35,13,Pendinginan,43,61.7,7.1,2110,0,0,63.7,8
1/13/2024 21:40,13,Pendinginan,43.1,62,7.12,1983,0,0,64.2,8
1/13/2024 21:45,13,Pendinginan,42.7,62.5,7.12,1902,0,0,63.8,8
1/13/2024 21:50,13,Pendinginan,43.2,61.3,7.13,2032,0,0,63.8,8
1/13/2024 21:55,13,Pendinginan,43,61.6,7.12,1979,0,0,63.5,8
1/13/2024 22:00,13,Pendinginan,42.7,61.7,7.12,2014,0,0,63.3,8
1/13/2024 22:05,13,Pendinginan,42.6,62.6,7.11,2089,0,0,63.8,8
1/13/2024 22:10,13,Pendinginan,42.5,61.5,7.14,2100,0,0,63.7,8
1/13/2024 22:15,13,Pendinginan,42.5,62.2,7.15,1856,0,0,63.9,8
1/13/2024 22:20,13,Pendinginan,42.7,61.9,7.06,2010,0,0,63.8,8
1/13/2024 22:25,13,Pendinginan,42.1,61.4,7.17,1918,0,0,63.6,8
1/13/2024 22:30,13,Pendinginan,42.4,61.7,7.14,1958,0,0,63.6,8
1/13/2024 22:35,13,Pendinginan,42.2,62,7.14,1965,0,0,64.5,8
1/13/2024 22:40,13,Pendinginan,42.4,62.2,7.13,1987,0,0,63.8,8
1/13/2024 22:45,13,Pendinginan,42.3,61.9,7.15,1980,0,0,64,8
1/13/2024 22:50,13,Pendinginan,42.6,61.7,7.12,2020,0,0,63.8,8
1/13/2024 22:55,13,Pendinginan,42.3,61.6,7.15,2003,0,0,63.9,8
1/13/2024 23:00,13,Pendinginan,42.1,61.4,7.12,1946,0,0,63.7,8
1/13/2024 23:05,13,Pendinginan,41.7,61.9,7.16,2060,0,0,63.9,8
1/13/2024 23:10,13,Pendinginan,42,62.2,7.18,1927,0,0,63.5,8
1/13/2024 23:15,13,Pendinginan,41.8,61.7,7.12,1929,0,0,64,8
1/13/2024 23:20,13,Pendinginan,41.8,62.2,7.13,1982,0,0,64.1,8
1/13/2024 23:25,13,Pendinginan,41.9,61.9,7.14,1918,0,0,64,8
1/13/2024 23:30,13,Pendinginan,41.5,61.7,7.16,1859,0,0,64,8
1/13/2024 23:35,13,Pendinginan,41.7,61.9,7.16,1896,0,0,63.8,8
1/13/2024 23:40,13,Pendinginan,41.3,62.4,7.11,2001,0,0,63.8,8
1/13/2024 23:45,13,Pendinginan,41.7,62.7,7.09,1852,0,0,64.4,8
1/13/2024 23:50,13,Pendinginan,41.5,62.3,7.12,2095,0,0,64.2,8
1/13/2024 23:55,13,Pendinginan,41.2,62,7.1,2061,0,0,64,8
1/14/2024 0:00,14,Pendinginan,41.4,61.9,7.12,1779,0,0,64.4,7
1/14/2024 0:05,14,Pendinginan,41.5,61.8,7.09,1994,0,0,63.7,7
1/14/2024 0:10,14,Pendinginan,41.4,61.8,7.11,1947,0,0,63.9,7
1/14/2024 0:15,14,Pendinginan,41.1,62.2,7.07,2056,0,0,64.3,7
1/14/2024 0:20,14,Pendinginan,40.9,61.8,7.17,1971,0,0,64.7,7
1/14/2024 0:25,14,Pendinginan,41,62.2,7.15,1976,0,0,64.6,7
1/14/2024 0:30,14,Pendinginan,40.9,62.1,7.12,1914,0,0,64.5,7
1/14/2024 0:35,14,Pendinginan,40.7,62.4,7.11,1891,0,0,64.7,7
1/14/2024 0:40,14,Pendinginan,41,62.2,7.11,1830,0,0,64.6,7
1/14/2024 0:45,14,Pendinginan,40.8,62,7.17,1828,0,0,64.4,7
1/14/2024 0:50,14,Pendinginan,40.8,62.1,7.13,1863,0,0,64,7
1/14/2024 0:55,14,Pendinginan,40.8,61.9,7.17,1889,0,0,64.1,7
1/14/2024 1:00,14,Pendinginan,40.7,62,7.17,1876,0,0,64.3,7
1/14/2024 1:05,14,Pendinginan,40.9,62.3,7.19,2004,0,0,64.1,7
1/14/2024 1:10,14,Pendinginan,40.8,62.6,7.19,1980,0,0,64.7,7
1/14/2024 1:15,14,Pendinginan,40.5,61.9,7.13,1766,0,0,64.8,7
1/14/2024 1:20,14,Pendinginan,40.5,62.5,7.1,1984,0,0,64.3,7
1/14/2024 1:25,14,Pendinginan,40.3,62.6,7.17,1912,0,0,64.5,7
1/14/2024 1:30,14,Pendinginan,40.5,62.2,7.12,1860,0,0,65.1,7
1/14/2024 1:35,14,Pendinginan,40.8,62.6,7.16,1864,0,0,64.3,7
1/14/2024 1:40,14,Pendinginan,40.4,62,7.21,2033,0,0,64.7,7
1/14/2024 1:45,14,Pendinginan,40.2,62.4,7.13,1715,0,0,64.6,7
1/14/2024 1:50,14,Pendinginan,40.2,61.9,7.13,1845,0,0,64.5,7
1/14/2024 1:55,14,Pendinginan,40.3,61.6,7.19,1804,0,0,64.3,7
1/14/2024 2:00,14,Pendinginan,40.2,62.2,7.19,1903,0,0,64.8,7
1/14/2024 2:05,14,Pendinginan,40.3,62.3,7.15,1725,0,0,64.5,7
1/14/2024 2:10,14,Pendinginan,40.4,63.4,7.11,1911,0,0,64.4,7
1/14/2024 2:15,14,Pendinginan,40.5,61.8,7.16,1763,0,0,64.5,7
1/14/2024 2:20,14,Pendinginan,40.2,62.5,7.11,1927,0,0,64.7,7
1/14/2024 2:25,14,Pendinginan,40.1,62.5,7.1,1937,0,0,64.5,7
1/14/2024 2:30,14,Pendinginan,40.2,62.3,7.14,1823,0,0,64.9,7
1/14/2024 2:35,14,Pendinginan,40.2,62,7.11,1924,0,0,64.3,7
1/14/2024 2:40,14,Pendinginan,39.8,61.9,7.13,1760,0,0,64.1,7
1/14/2024 2:45,14,Pendinginan,39.8,62.4,7.1,1838,0,0,65.3,7
1/14/2024 2:50,14,Pendinginan,40,62.3,7.11,2036,0,0,64.6,7
1/14/2024 2:55,14,Pendinginan,39.9,62.6,7.14,1866,0,0,64.7,7
1/14/2024 3:00,14,Pendinginan,39.9,62.3,7.16,1809,0,0,64.5,7
1/14/2024 3:05,14,Pendinginan,39.8,61.8,7.09,1882,0,0,65.1,7
1/14/2024 3:10,14,Pendinginan,40,61.5,7.14,1769,0,0,64.9,7
1/14/2024 3:15,14,Pendinginan,39.8,62.4,7.14,1704,0,0,64.5,7
1/14/2024 3:20,14,Pendinginan,39.9,62.2,7.1,1731,0,0,64.9,7
1/14/2024 3:25,14,Pendinginan,39.6,61.7,7.13,1813,0,0,64.6,7
1/14/2024 3:30,14,Pendinginan,39.7,62.2,7.12,1856,0,0,64.8,7
1/14/2024 3:35,14,Pendinginan,39.8,62.5,7.17,1952,0,0,65.1,7
1/14/2024 3:40,14,Pendinginan,39.8,62.1,7.13,1778,0,0,64.9,7
1/14/2024 3:45,14,Pendinginan,39.9,62,7.14,1792,0,0,65,7
1/14/2024 3:50,14,Pendinginan,39.7,62,7.12,1885,0,0,64.9,7
1/14/2024 3:55,14,Pendinginan,39.7,62.3,7.13,1934,0,0,64.7,7
1/14/2024 4:00,14,Pendinginan,39.7,61.8,7.13,1708,0,0,65.2,7
1/14/2024 4:05,14,Pendinginan,39.9,62.4,7.14,1771,0,0,64.7,7
1/14/2024 4:10,14,Pendinginan,40,62.6,7.15,1798,0,0,65.4,7
1/14/2024 4:15,14,Pendinginan,39.6,62.3,7.18,1772,0,0,65.3,7
1/14/2024 4:20,14,Pendinginan,39.8,62.2,7.11,1779,0,0,65.1,7
1/14/2024 4:25,14,Pendinginan,39.5,62.2,7.16,1915,0,0,64.6,7
1/14/2024 4:30,14,Pendinginan,39.9,62.7,7.16,1752,0,0,65,7
1/14/2024 4:35,14,Pendinginan,39.7,62.3,7.14,1856,0,0,65.1,7
1/14/2024 4:40,14,Pendinginan,39.8,62,7.13,1786,0,0,65.7,7
1/14/2024 4:45,14,Pendinginan,40,62.3,7.18,1895,0,0,65.2,7
1/14/2024 4:50,14,Pendinginan,39.5,62.1,7.13,1740,0,0,64.7,7
1/14/2024 4:55,14,Pendinginan,39.8,62.3,7.11,1769,0,0,65.5,7
1/14/2024 5:00,14,Pendinginan,39.6,62.2,7.14,1868,0,0,64.9,7
1/14/2024 5:05,14,Pendinginan,39.8,62.2,7.15,1833,0,0,65.3,7
1/14/2024 5:10,14,Pendinginan,40.1,62.9,7.13,1640,0,0,65.4,7
1/14/2024 5:15,14,Pendinginan,39.8,62.5,7.15,1830,0,0,65.5,7
1/14/2024 5:20,14,Pendinginan,40,61.7,7.12,1815,0,0,65.3,7
1/14/2024 5:25,14,Pendinginan,39.8,62.3,7.17,1961,0,0,65.4,7
1/14/2024 5:30,14,Pendinginan,39.7,62.1,7.14,1863,0,0,65.4,7
1/14/2024 5:35,14,Pendinginan,40.2,62,7.16,2010,0,0,65.1,7
1/14/2024 5:40,14,Pendinginan,39.9,61.8,7.15,1758,0,0,65.6,7
1/14/2024 5:45,14,Pendinginan,39.9,61.8,7.17,1834,0,0,65.6,7
1/14/2024 5:50,14,Pendinginan,39.7,62.2,7.17,1785,0,0,64.9,7
1/14/2024 5:55,14,Pendinginan,39.9,62.5,7.18,1783,0,0,64.9,7
1/14/2024 6:00,14,Pendinginan,39.9,61.9,7.16,1809,0,0,65.1,7
1/14/2024 6:05,14,Pendinginan,40.1,62.1,7.16,1678,0,0,64.6,7
1/14/2024 6:10,14,Pendinginan,39.8,61.9,7.16,1628,0,0,65.9,7
1/14/2024 6:15,14,Pendinginan,40,62.5,7.12,1855,0,0,65.4,7
1/14/2024 6:20,14,Pendinginan,40.2,62,7.16,1902,0,0,65.2,7
1/14/2024 6:25,14,Pendinginan,40.1,61.5,7.17,1970,0,0,65.1,7
1/14/2024 6:30,14,Pendinginan,40.1,62.3,7.15,1826,0,0,65.3,7
1/14/2024 6:35,14,Pendinginan,40,62,7.15,1717,0,0,65.4,7
1/14/2024 6:40,14,Pendinginan,40.4,61.9,7.11,1799,0,0,65.3,7
1/14/2024 6:45,14,Pendinginan,40,62,7.12,1761,0,0,65.5,7
1/14/2024 6:50,14,Pendinginan,40,61.5,7.17,1655,0,0,65.2,7
1/14/2024 6:55,14,Pendinginan,40,61.8,7.16,1818,0,0,66.2,7
1/14/2024 7:00,14,Pendinginan,40.4,61.7,7.11,2025,0,0,65.9,7
1/14/2024 7:05,14,Pendinginan,40.4,62,7.15,1690,0,0,65.6,7
1/14/2024 7:10,14,Pendinginan,40.3,61.7,7.13,1929,0,0,65.5,7
1/14/2024 7:15,14,Pendinginan,40.7,61.4,7.13,1683,0,0,65.2,7
1/14/2024 7:20,14,Pendinginan,40.3,62,7.15,1752,0,0,64.9,7
1/14/2024 7:25,14,Pendinginan,40.7,61.8,7.11,1828,0,0,65.7,7
1/14/2024 7:30,14,Pendinginan,40.4,62,7.11,1866,0,0,65.3,7
1/14/2024 7:35,14,Pendinginan,40.4,62.1,7.18,1932,0,0,66,7
1/14/2024 7:40,14,Pendinginan,40.5,61.4,7.19,1914,0,0,65.5,7
1/14/2024 7:45,14,Pendinginan,40.7,61.8,7.19,1763,0,0,66.3,7
1/14/2024 7:50,14,Pendinginan,40.7,62.4,7.13,1836,0,0,65.4,7
1/14/2024 7:55,14,Pendinginan,40.8,62.1,7.22,1842,0,0,65.9,7
1/14/2024 8:00,14,Pendinginan,40.6,62,7.14,1812,0,0,65.8,7
1/14/2024 8:05,14,Pendinginan,40.7,61.9,7.14,1772,0,0,66.1,7
1/14/2024 8:10,14,Pendinginan,40.8,61.9,7.1,1836,0,0,65.9,7
1/14/2024 8:15,14,Pendinginan,40.8,62.4,7.08,1865,0,0,66,7
1/14/2024 8:20,14,Pendinginan,41,61.9,7.16,1871,0,0,65.6,7
1/14/2024 8:25,14,Pendinginan,41,61.7,7.11,1859,0,0,65.6,7
1/14/2024 8:30,14,Pendinginan,40.7,61.6,7.12,1883,0,0,65.9,7
1/14/2024 8:35,14,Pendinginan,41.2,61.6,7.17,2028,0,0,66,7
1/14/2024 8:40,14,Pendinginan,41.2,62,7.1,1847,0,0,66,7
1/14/2024 8:45,14,Pendinginan,41.1,61.5,7.17,1722,0,0,66.5,7
1/14/2024 8:50,14,Pendinginan,41.2,61.4,7.13,1777,0,0,66.6,7
1/14/2024 8:55,14,Pendinginan,41,61.7,7.13,1839,0,0,65.8,7
1/14/2024 9:00,14,Pendinginan,41.1,61.6,7.14,1752,0,0,65.8,7
1/14/2024 9:05,14,Pendinginan,41.5,61.6,7.11,1762,0,0,66,7
1/14/2024 9:10,14,Pendinginan,41.1,62.2,7.17,1913,0,0,66.1,7
1/14/2024 9:15,14,Pendinginan,41.1,62.1,7.12,1736,0,0,66,7
1/14/2024 9:20,14,Pendinginan,41.6,62,7.17,1773,0,0,65.9,7
1/14/2024 9:25,14,Pendinginan,41.5,61.6,7.17,1864,0,0,66.2,7
1/14/2024 9:30,14,Pendinginan,41.1,61.7,7.14,1811,0,0,65.8,7
1/14/2024 9:35,14,Pendinginan,41.2,61.8,7.14,1843,0,0,65.8,7
1/14/2024 9:40,14,Pendinginan,41.7,61.9,7.16,1780,0,0,66.3,7
1/14/2024 9:45,14,Pendinginan,41.7,61.7,7.18,1911,0,0,65.7,7
1/14/2024 9:50,14,Pendinginan,41.5,61.3,7.1,1791,0,0,66.3,7
1/14/2024 9:55,14,Pendinginan,41.7,61.4,7.18,1807,0,0,66.2,7
1/14/2024 10:00,14,Pendinginan,42,61.5,7.21,1760,0,0,66.7,7
1/14/2024 10:05,14,Pendinginan,41.7,61.7,7.13,1885,0,0,66,7
1/14/2024 10:10,14,Pendinginan,41.9,61.3,7.18,1743,0,0,66.7,7
1/14/2024 10:15,14,Pendinginan,41.8,61.1,7.18,1748,0,0,66.2,7
1/14/2024 10:20,14,Pendinginan,41.9,61.1,7.15,1896,0,0,66.5,7
1/14/2024 10:25,14,Pendinginan,42.1,61.8,7.12,1769,0,0,66.3,7
1/14/2024 10:30,14,Pendinginan,42.1,61.4,7.11,1628,0,0,66.5,7
1/14/2024 10:35,14,Pendinginan,42.2,61.7,7.14,1737,0,0,66.2,7
1/14/2024 10:40,14,Pendinginan,42.3,61.4,7.17,1713,0,0,66.2,7
1/14/2024 10:45,14,Pendinginan,42.2,61.8,7.16,1933,0,0,65.9,7
1/14/2024 10:50,14,Pendinginan,42.3,61.5,7.17,1728,0,0,66.8,7
1/14/2024 10:55,14,Pendinginan,42.3,61.1,7.15,1768,0,0,67.1,7
1/14/2024 11:00,14,Pendinginan,42.5,61.4,7.15,1869,0,0,66.6,7
1/14/2024 11:05,14,Pendinginan,42,61.6,7.15,1688,0,0,66.6,7
1/14/2024 11:10,14,Pendinginan,42.6,61.5,7.18,1937,0,0,66.1,7
1/14/2024 11:15,14,Pendinginan,42.2,61.6,7.14,1682,0,0,66.3,7
1/14/2024 11:20,14,Pendinginan,42.6,61.3,7.13,1774,0,0,66.4,7
1/14/2024 11:25,14,Pendinginan,42.3,61.3,7.11,1844,0,0,65.9,7
1/14/2024 11:30,14,Pendinginan,42.8,61.2,7.13,1815,0,0,66.1,7
1/14/2024 11:35,14,Pendinginan,42.7,61.1,7.13,1823,0,0,66.1,7
1/14/2024 11:40,14,Pendinginan,42.5,61.4,7.15,1804,0,0,66.5,7
1/14/2024 11:45,14,Pendinginan,42.8,61.5,7.15,1629,0,0,65.9,7
1/14/2024 11:50,14,Pendinginan,43.1,61.3,7.18,1762,0,0,66.5,7
1/14/2024 11:55,14,Pendinginan,42.8,62,7.16,1746,0,0,66,7
1/14/2024 12:00,14,Pendinginan,43.2,61.2,7.17,1857,0,0,66.4,7
1/14/2024 12:05,14,Pendinginan,43,61.1,7.12,1882,0,0,66.5,7
1/14/2024 12:10,14,Pendinginan,43.1,61.4,7.17,1663,0,0,66.4,7
1/14/2024 12:15,14,Pendinginan,43,61,7.16,1882,0,0,67,7
1/14/2024 12:20,14,Pendinginan,43,61.3,7.16,1837,0,0,66.3,7
1/14/2024 12:25,14,Pendinginan,43.4,61.5,7.18,1883,0,0,66.7,7
1/14/2024 12:30,14,Pendinginan,43,61.1,7.1,1819,0,0,66.5,7
1/14/2024 12:35,14,Pendinginan,43.2,61.5,7.14,1766,0,0,66.6,7
1/14/2024 12:40,14,Pendinginan,42.9,61.1,7.08,1738,0,0,66.9,7
1/14/2024 12:45,14,Pendinginan,43.3,61,7.15,1699,0,0,66.6,7
1/14/2024 12:50,14,Pendinginan,43.7,61.7,7.15,1797,0,0,66.4,7
1/14/2024 12:55,14,Pendinginan,43.3,61.2,7.14,1856,0,0,67.1,7
1/14/2024 13:00,14,Pendinginan,43.4,61.2,7.1,1843,0,0,66.3,7
1/14/2024 13:05,14,Pendinginan,43.3,61.4,7.18,1745,0,0,66.6,7
1/14/2024 13:10,14,Pendinginan,43.3,60.7,7.13,1653,0,0,66.9,7
1/14/2024 13:15,14,Pendinginan,43.5,61.3,7.12,1686,0,0,66.8,7
1/14/2024 13:20,14,Pendinginan,43.5,61,7.14,1918,0,0,66.9,7
1/14/2024 13:25,14,Pendinginan,43.8,61.5,7.2,1694,0,0,66.9,7
1/14/2024 13:30,14,Pendinginan,43.4,60.6,7.2,1756,0,0,66.5,7
1/14/2024 13:35,14,Pendinginan,43.5,60.8,7.13,1761,0,0,67.3,7
1/14/2024 13:40,14,Pendinginan,43.5,61.5,7.18,1810,0,0,67,7
1/14/2024 13:45,14,Pendinginan,43.6,61.4,7.17,1644,0,0,66.9,7
1/14/2024 13:50,14,Pendinginan,43.7,60.9,7.16,1727,0,0,66.4,7
1/14/2024 13:55,14,Pendinginan,43.4,60.6,7.17,1577,0,0,66.7,7
1/14/2024 14:00,14,Pendinginan,43.5,60.9,7.1,1807,0,0,66.5,7
1/14/2024 14:05,14,Pendinginan,43.8,60.8,7.15,1774,0,0,67,7
1/14/2024 14:10,14,Pendinginan,43.7,60.9,7.16,1811,0,0,66.7,7
1/14/2024 14:15,14,Pendinginan,43.8,61.4,7.17,1847,0,0,67,7
1/14/2024 14:20,14,Pendinginan,43.6,60.7,7.16,1847,0,0,67.8,7
1/14/2024 14:25,14,Pendinginan,43.9,60.6,7.13,1953,0,0,66.9,7
1/14/2024 14:30,14,Pendinginan,43.8,60.7,7.2,1810,0,0,66.7,7
1/14/2024 14:35,14,Pendinginan,43.6,61.1,7.15,1835,0,0,67.2,7
1/14/2024 14:40,14,Pendinginan,43.7,60.8,7.15,1724,0,0,67,7
1/14/2024 14:45,14,Pendinginan,43.8,60.7,7.17,1737,0,0,66.8,7
1/14/2024 14:50,14,Pendinginan,43.8,61,7.15,1800,0,0,67.3,7
1/14/2024 14:55,14,Pendinginan,44,61,7.12,1743,0,0,66.8,7
1/14/2024 15:00,14,Pendinginan,44.1,61.5,7.17,1833,0,0,67.2,7
1/14/2024 15:05,14,Pendinginan,43.9,60.5,7.15,1692,0,0,67.2,7
1/14/2024 15:10,14,Pendinginan,43.8,61.5,7.18,1784,0,0,67,7
1/14/2024 15:15,14,Pendinginan,44.1,60.9,7.16,1764,0,0,67,7
1/14/2024 15:20,14,Pendinginan,43.9,60.3,7.11,1787,0,0,67.6,7
1/14/2024 15:25,14,Pendinginan,43.9,60.7,7.11,1821,0,0,67,7
1/14/2024 15:30,14,Pendinginan,43.9,61,7.17,1760,0,0,67.3,7
1/14/2024 15:35,14,Pendinginan,43.8,60.7,7.12,1565,0,0,67.1,7
1/14/2024 15:40,14,Pendinginan,44.1,61.1,7.16,1696,0,0,67.5,7
1/14/2024 15:45,14,Pendinginan,43.8,61.4,7.12,1693,0,0,67,7
1/14/2024 15:50,14,Pendinginan,43.6,60.6,7.16,1695,0,0,66.1,7
1/14/2024 15:55,14,Pendinginan,44,60.4,7.17,1753,0,0,67.9,7
1/14/2024 16:00,14,Pendinginan,44,60.7,7.13,1870,0,0,66.8,7
1/14/2024 16:05,14,Pendinginan,43.9,60.9,7.14,1776,0,0,67.3,7
1/14/2024 16:10,14,Pendinginan,43.9,60.9,7.17,1754,0,0,67.1,7
1/14/2024 16:15,14,Pendinginan,43.8,60.7,7.13,1718,0,0,67.3,7
1/14/2024 16:20,14,Pendinginan,43.8,61.2,7.14,1760,0,0,67.4,7
1/14/2024 16:25,14,Pendinginan,43.7,60.9,7.18,1757,0,0,67.4,7
1/14/2024 16:30,14,Pendinginan,43.7,61.5,7.13,1608,0,0,67.6,7
1/14/2024 16:35,14,Pendinginan,43.7,60.8,7.14,1889,0,0,67.5,7
1/14/2024 16:40,14,Pendinginan,43.8,60.9,7.16,1850,0,0,67.3,7
1/14/2024 16:45,14,Pendinginan,43.5,61.2,7.17,1745,0,0,67.6,7
1/14/2024 16:50,14,Pendinginan,43.7,60.9,7.15,1688,0,0,67.8,7
1/14/2024 16:55,14,Pendinginan,43.5,61.6,7.18,1591,0,0,67.4,7
1/14/2024 17:00,14,Pendinginan,43.6,61,7.12,1734,0,0,67.4,7
1/14/2024 17:05,14,Pendinginan,43.5,60.6,7.18,1594,0,0,67.6,7
1/14/2024 17:10,14,Pendinginan,43.7,60.8,7.16,1822,0,0,67.3,7
1/14/2024 17:15,14,Pendinginan,43.5,60.7,7.19,1830,0,0,67.1,7
1/14/2024 17:20,14,Pendinginan,43.7,61.1,7.2,1756,0,0,67.5,7
1/14/2024 17:25,14,Pendinginan,43.7,61.1,7.22,1800,0,0,67.6,7
1/14/2024 17:30,14,Pendinginan,43.4,60.7,7.11,1704,0,0,67.8,7
1/14/2024 17:35,14,Pendinginan,43.5,61.2,7.16,1688,0,0,67.6,7
1/14/2024 17:40,14,Pendinginan,43.5,60.9,7.16,1657,0,0,67.5,7
1/14/2024 17:45,14,Pendinginan,43.8,61.3,7.11,1527,0,0,67.6,7
1/14/2024 17:50,14,Pendinginan,43.6,60.8,7.19,1719,0,0,67.6,7
1/14/2024 17:55,14,Pendinginan,43.5,60.8,7.15,1766,0,0,67.6,7
1/14/2024 18:00,14,Pendinginan,43.6,61.1,7.17,1707,0,0,67.9,7
1/14/2024 18:05,14,Pendinginan,43.3,61,7.13,1792,0,0,67.8,7
1/14/2024 18:10,14,Pendinginan,43.6,61.6,7.18,1712,0,0,67.4,7
1/14/2024 18:15,14,Pendinginan,43.4,61,7.17,1843,0,0,67.5,7
1/14/2024 18:20,14,Pendinginan,43.1,60.9,7.18,1747,0,0,67.4,7
1/14/2024 18:25,14,Pendinginan,43.3,60.6,7.13,1692,0,0,67.6,7
1/14/2024 18:30,14,Pendinginan,43.3,61,7.21,1679,0,0,67.7,7
1/14/2024 18:35,14,Pendinginan,43.3,60.9,7.2,1740,0,0,67.1,7
1/14/2024 18:40,14,Pendinginan,43.2,61.2,7.18,1542,0,0,67.6,7
1/14/2024 18:45,14,Pendinginan,42.9,60.7,7.21,1692,0,0,67.8,7
1/14/2024 18:50,14,Pendinginan,43,61.1,7.06,1639,0,0,67.4,7
1/14/2024 18:55,14,Pendinginan,43,60.9,7.16,1522,0,0,67.7,7
1/14/2024 19:00,14,Pendinginan,43,61.4,7.18,1580,0,0,68.2,7
1/14/2024 19:05,14,Pendinginan,42.9,60.9,7.1,1761,0,0,67.7,7
1/14/2024 19:10,14,Pendinginan,42.8,61,7.2,1672,0,0,67.9,7
1/14/2024 19:15,14,Pendinginan,43,60.8,7.18,1664,0,0,67.6,7
1/14/2024 19:20,14,Pendinginan,42.7,61.2,7.2,1796,0,0,67.8,7
1/14/2024 19:25,14,Pendinginan,42.5,60.9,7.12,1658,0,0,67.8,7
1/14/2024 19:30,14,Pendinginan,42.7,60.3,7.13,1616,0,0,68.3,7
1/14/2024 19:35,14,Pendinginan,42.4,61.1,7.15,1755,0,0,68.1,7
1/14/2024 19:40,14,Pendinginan,42.5,60.9,7.1,1689,0,0,68.1,7
1/14/2024 19:45,14,Pendinginan,42.2,60.7,7.16,1694,0,0,67.7,7
1/14/2024 19:50,14,Pendinginan,42.3,60.5,7.2,1561,0,0,68.2,7
1/14/2024 19:55,14,Pendinginan,42.3,61.4,7.13,1667,0,0,67.5,7
1/14/2024 20:00,14,Pendinginan,42,61.2,7.1,1642,0,0,68.3,7
1/14/2024 20:05,14,Pendinginan,42.3,60.9,7.11,1699,0,0,68.5,7
1/14/2024 20:10,14,Pendinginan,42.1,60.8,7.14,1701,0,0,68.4,7
1/14/2024 20:15,14,Pendinginan,41.9,60.6,7.23,1639,0,0,68.2,7
1/14/2024 20:20,14,Pendinginan,42,61.2,7.19,1675,0,0,68.6,7
1/14/2024 20:25,14,Pendinginan,41.9,61,7.16,1686,0,0,68.2,7
1/14/2024 20:30,14,Pendinginan,41.7,61.2,7.15,1600,0,0,68.1,7
1/14/2024 20:35,14,Pendinginan,41.7,60.8,7.08,1784,0,0,68.3,7
1/14/2024 20:40,14,Pendinginan,41.8,60.9,7.07,1583,0,0,68.4,7
1/14/2024 20:45,14,Pendinginan,41.9,61.3,7.16,1744,0,0,68.1,7
1/14/2024 20:50,14,Pendinginan,41.9,61,7.13,1556,0,0,67.9,7
1/14/2024 20:55,14,Pendinginan,41.8,60.9,7.13,1692,0,0,68.3,7
1/14/2024 21:00,14,Pendinginan,41.7,61.3,7.13,1638,0,0,68.3,7
1/14/2024 21:05,14,Pendinginan,41.4,60.8,7.14,1793,0,0,68.1,7
1/14/2024 21:10,14,Pendinginan,41.7,61,7.18,1699,0,0,68.5,7
1/14/2024 21:15,14,Pendinginan,41.5,61.6,7.17,1762,0,0,67.8,7
1/14/2024 21:20,14,Pendinginan,41.4,61.3,7.13,1669,0,0,67.8,7
1/14/2024 21:25,14,Pendinginan,41.2,60.6,7.2,1602,0,0,69,7
1/14/2024 21:30,14,Pendinginan,41.4,61.3,7.14,1534,0,0,68.5,7
1/14/2024 21:35,14,Pendinginan,41.2,60.8,7.11,1539,0,0,68.9,7
1/14/2024 21:40,14,Pendinginan,41.4,61.3,7.16,1586,0,0,68.1,7
1/14/2024 21:45,14,Pendinginan,41.3,61.8,7.13,1604,0,0,68.2,7
1/14/2024 21:50,14,Pendinginan,40.9,61.6,7.12,1645,0,0,68.6,7
1/14/2024 21:55,14,Pendinginan,40.9,61.5,7.16,1703,0,0,67.9,7
1/14/2024 22:00,14,Pendinginan,40.8,61.2,7.08,1516,0,0,68.2,7
1/14/2024 22:05,14,Pendinginan,41,61,7.13,1666,0,0,67.9,7
1/14/2024 22:10,14,Pendinginan,40.4,61.2,7.12,1485,0,0,68.6,7
1/14/2024 22:15,14,Pendinginan,40.8,61.5,7.19,1695,0,0,67.8,7
1/14/2024 22:20,14,Pendinginan,40.7,61.1,7.14,1638,0,0,68,7
1/14/2024 22:25,14,Pendinginan,40.3,61.5,7.17,1602,0,0,68.2,7
1/14/2024 22:30,14,Pendinginan,40.6,61.5,7.16,1494,0,0,68.4,7
1/14/2024 22:35,14,Pendinginan,40.6,61.7,7.15,1566,0,0,68.5,7
1/14/2024 22:40,14,Pendinginan,40.4,61.1,7.07,1679,0,0,69.1,7
1/14/2024 22:45,14,Pendinginan,40.2,61,7.15,1566,0,0,68.9,7
1/14/2024 22:50,14,Pendinginan,40.3,61.1,7.12,1648,0,0,68.8,7
1/14/2024 22:55,14,Pendinginan,40.4,61.1,7.21,1437,0,0,68.8,7
1/14/2024 23:00,14,Pendinginan,39.9,61.1,7.21,1641,0,0,68.4,7
1/14/2024 23:05,14,Pendinginan,40,61.4,7.17,1672,0,0,68.5,7
1/14/2024 23:10,14,Pendinginan,39.8,61.4,7.15,1465,0,0,68.7,7
1/14/2024 23:15,14,Pendinginan,39.9,61.5,7.13,1606,0,0,68.3,7
1/14/2024 23:20,14,Pendinginan,39.8,61.3,7.21,1627,0,0,69,7
1/14/2024 23:25,14,Pendinginan,40.1,62.5,7.16,1676,0,0,69,7
1/14/2024 23:30,14,Pendinginan,39.9,61.9,7.15,1520,0,0,68.8,7
1/14/2024 23:35,14,Pendinginan,39.7,61.5,7.21,1519,0,0,68.6,7
1/14/2024 23:40,14,Pendinginan,39.7,61.4,7.1,1509,0,0,68.9,7
1/14/2024 23:45,14,Pendinginan,39.8,61.1,7.13,1555,0,0,68.1,7
1/14/2024 23:50,14,Pendinginan,39.5,60.9,7.2,1489,0,0,69.3,7
1/14/2024 23:55,14,Pendinginan,39.7,61.2,7.13,1533,0,0,68.8,7
1/15/2024 0:00,15,Pendinginan,39.5,61.2,7.18,1567,0,0,68.7,6
1/15/2024 0:05,15,Pendinginan,39.3,61.4,7.14,1548,0,0,68.8,6
1/15/2024 0:10,15,Pendinginan,39.4,62,7.16,1622,0,0,68.9,6
1/15/2024 0:15,15,Pendinginan,39.3,61.4,7.16,1562,0,0,68.6,6
1/15/2024 0:20,15,Pendinginan,39,61.7,7.19,1597,0,0,68.9,6
1/15/2024 0:25,15,Pendinginan,39.3,61.7,7.18,1466,0,0,68.6,6
1/15/2024 0:30,15,Pendinginan,39.1,61.5,7.15,1382,0,0,69.4,6
1/15/2024 0:35,15,Pendinginan,39.1,61.6,7.2,1343,0,0,68.8,6
1/15/2024 0:40,15,Pendinginan,39,61.4,7.16,1644,0,0,69.1,6
1/15/2024 0:45,15,Pendinginan,39.2,61.5,7.12,1360,0,0,68.5,6
1/15/2024 0:50,15,Pendinginan,39,61.5,7.15,1494,0,0,69.6,6
1/15/2024 0:55,15,Pendinginan,38.8,61.8,7.16,1517,0,0,69.3,6
1/15/2024 1:00,15,Pendinginan,39.1,61.5,7.18,1549,0,0,69,6
1/15/2024 1:05,15,Pendinginan,38.9,61.3,7.15,1471,0,0,69.3,6
1/15/2024 1:10,15,Pendinginan,38.8,61.2,7.14,1259,0,0,68.9,6
1/15/2024 1:15,15,Pendinginan,38.7,61.5,7.22,1559,0,0,69.2,6
1/15/2024 1:20,15,Pendinginan,38.4,61.4,7.15,1448,0,0,68.8,6
1/15/2024 1:25,15,Pendinginan,38.4,61.2,7.19,1498,0,0,68.9,6
1/15/2024 1:30,15,Pendinginan,38.6,61.9,7.16,1550,0,0,68.8,6
1/15/2024 1:35,15,Pendinginan,38.5,61.7,7.22,1620,0,0,69.3,6
1/15/2024 1:40,15,Pendinginan,38.6,62,7.19,1320,0,0,68.8,6
1/15/2024 1:45,15,Pendinginan,38.6,61,7.13,1445,0,0,69.1,6
1/15/2024 1:50,15,Pendinginan,38.4,61.5,7.19,1478,0,0,69,6
1/15/2024 1:55,15,Pendinginan,38.2,61.9,7.14,1410,0,0,69.2,6
1/15/2024 2:00,15,Pendinginan,38.3,61.4,7.17,1469,0,0,69.9,6
1/15/2024 2:05,15,Pendinginan,38.4,61.8,7.1,1425,0,0,68.9,6
1/15/2024 2:10,15,Pendinginan,38.2,61.7,7.19,1519,0,0,69.1,6
1/15/2024 2:15,15,Pendinginan,38.2,61.9,7.22,1501,0,0,69.5,6
1/15/2024 2:20,15,Pendinginan,38.3,61.8,7.13,1449,0,0,69.4,6
1/15/2024 2:25,15,Pendinginan,38.4,61.4,7.1,1446,0,0,69.6,6
1/15/2024 2:30,15,Pendinginan,38,61.2,7.17,1475,0,0,69.5,6
1/15/2024 2:35,15,Pendinginan,38,61.5,7.2,1387,0,0,69.7,6
1/15/2024 2:40,15,Pendinginan,38,61.9,7.15,1389,0,0,69.2,6
1/15/2024 2:45,15,Pendinginan,38.2,61.6,7.2,1594,0,0,69,6
1/15/2024 2:50,15,Pendinginan,37.9,61.2,7.14,1566,0,0,69.5,6
1/15/2024 2:55,15,Pendinginan,38,61.6,7.2,1629,0,0,69.4,6
1/15/2024 3:00,15,Pendinginan,37.7,61.7,7.19,1492,0,0,69.6,6
1/15/2024 3:05,15,Pendinginan,38.1,61.2,7.14,1447,0,0,69.7,6
1/15/2024 3:10,15,Pendinginan,37.9,61.7,7.17,1598,0,0,69.4,6
1/15/2024 3:15,15,Pendinginan,37.7,61.8,7.23,1527,0,0,69.2,6
1/15/2024 3:20,15,Pendinginan,37.8,61.3,7.22,1442,0,0,69.2,6
1/15/2024 3:25,15,Pendinginan,38,61.5,7.21,1385,0,0,69.8,6
1/15/2024 3:30,15,Pendinginan,38,62,7.21,1472,0,0,69.4,6
1/15/2024 3:35,15,Pendinginan,38,61.6,7.11,1588,0,0,69.6,6
1/15/2024 3:40,15,Pendinginan,37.8,61,7.09,1524,0,0,69.3,6
1/15/2024 3:45,15,Pendinginan,37.9,61.8,7.15,1504,0,0,69.5,6
1/15/2024 3:50,15,Pendinginan,37.9,61.1,7.14,1508,0,0,69.3,6
1/15/2024 3:55,15,Pendinginan,38.1,62.3,7.18,1577,0,0,69.8,6
1/15/2024 4:00,15,Pendinginan,37.8,61.7,7.22,1415,0,0,69.3,6
1/15/2024 4:05,15,Pendinginan,37.7,61.5,7.13,1589,0,0,69.6,6
1/15/2024 4:10,15,Pendinginan,38,61.5,7.13,1349,0,0,69.3,6
1/15/2024 4:15,15,Pendinginan,37.9,61.7,7.18,1334,0,0,69.6,6
1/15/2024 4:20,15,Pendinginan,37.7,61.7,7.18,1358,0,0,69.9,6
1/15/2024 4:25,15,Pendinginan,38.2,61.8,7.16,1425,0,0,69.6,6
1/15/2024 4:30,15,Pendinginan,37.8,61.7,7.13,1298,0,0,69.7,6
1/15/2024 4:35,15,Pendinginan,37.9,61.4,7.13,1471,0,0,69.4,6
1/15/2024 4:40,15,Pendinginan,37.9,62.1,7.18,1337,0,0,69.3,6
1/15/2024 4:45,15,Pendinginan,37.9,61.2,7.1,1488,0,0,69.8,6
1/15/2024 4:50,15,Pendinginan,38,61.6,7.16,1391,0,0,69.9,6
1/15/2024 4:55,15,Pendinginan,38.1,61.4,7.13,1353,0,0,69.5,6
1/15/2024 5:00,15,Pendinginan,37.9,60.9,7.18,1494,0,0,69.2,6
1/15/2024 5:05,15,Pendinginan,37.8,61.6,7.16,1483,0,0,69.7,6
1/15/2024 5:10,15,Pendinginan,38.1,61.5,7.13,1355,0,0,70,6
1/15/2024 5:15,15,Pendinginan,37.9,61.7,7.18,1278,0,0,69.5,6
1/15/2024 5:20,15,Pendinginan,37.8,61.3,7.15,1518,0,0,70.2,6
1/15/2024 5:25,15,Pendinginan,37.9,61.5,7.14,1444,0,0,69.9,6
1/15/2024 5:30,15,Pendinginan,38.1,61.8,7.1,1424,0,0,70.3,6
1/15/2024 5:35,15,Pendinginan,37.9,61.9,7.16,1449,0,0,69.5,6
1/15/2024 5:40,15,Pendinginan,37.8,61.7,7.19,1437,0,0,69.5,6
1/15/2024 5:45,15,Pendinginan,38,61.9,7.22,1408,0,0,69.4,6
1/15/2024 5:50,15,Pendinginan,38.2,61.4,7.19,1455,0,0,69.7,6
1/15/2024 5:55,15,Pendinginan,38.1,61.9,7.16,1349,0,0,69.5,6
1/15/2024 6:00,15,Pendinginan,38,61.4,7.19,1342,0,0,70.4,6
1/15/2024 6:05,15,Pendinginan,37.9,62.2,7.22,1442,0,0,69.5,6
1/15/2024 6:10,15,Pendinginan,38.1,61.4,7.13,1453,0,0,69.7,6
1/15/2024 6:15,15,Pendinginan,38,61.4,7.15,1595,0,0,69.8,6
1/15/2024 6:20,15,Pendinginan,38.2,61.5,7.18,1463,0,0,70.3,6
1/15/2024 6:25,15,Pendinginan,38.2,61.5,7.17,1416,0,0,69.8,6
1/15/2024 6:30,15,Pendinginan,38.2,61.5,7.18,1441,0,0,70,6
1/15/2024 6:35,15,Pendinginan,38.2,61.3,7.17,1408,0,0,70.1,6
1/15/2024 6:40,15,Pendinginan,38.4,61.2,7.18,1428,0,0,70.7,6
1/15/2024 6:45,15,Pendinginan,38.3,61.6,7.17,1314,0,0,69.9,6
1/15/2024 6:50,15,Pendinginan,38.5,61.3,7.1,1422,0,0,69.8,6
1/15/2024 6:55,15,Pendinginan,38.4,61.9,7.19,1547,0,0,70,6
1/15/2024 7:00,15,Pendinginan,38.4,61.1,7.15,1349,0,0,69.7,6
1/15/2024 7:05,15,Pendinginan,38.6,60.7,7.21,1522,0,0,70.3,6
1/15/2024 7:10,15,Pendinginan,38.3,60.9,7.15,1472,0,0,70.2,6
1/15/2024 7:15,15,Pendinginan,38.3,61.7,7.22,1403,0,0,70.2,6
1/15/2024 7:20,15,Pendinginan,38.3,61.2,7.18,1449,0,0,70.1,6
1/15/2024 7:25,15,Pendinginan,38.5,61.2,7.16,1454,0,0,69.6,6
1/15/2024 7:30,15,Pendinginan,38.6,61.4,7.15,1382,0,0,70.1,6
1/15/2024 7:35,15,Pendinginan,38.6,61.3,7.17,1251,0,0,70.4,6
1/15/2024 7:40,15,Pendinginan,38.6,61.9,7.13,1350,0,0,70.2,6
1/15/2024 7:45,15,Pendinginan,38.8,60.7,7.14,1466,0,0,70,6
1/15/2024 7:50,15,Pendinginan,39,61.1,7.14,1467,0,0,70.8,6
1/15/2024 7:55,15,Pendinginan,38.9,61.6,7.22,1344,0,0,70.6,6
1/15/2024 8:00,15,Pendinginan,38.6,61.4,7.16,1517,0,0,70.7,6
1/15/2024 8:05,15,Pendinginan,39,61.3,7.18,1422,0,0,70.3,6
1/15/2024 8:10,15,Pendinginan,39.1,61.7,7.16,1436,0,0,70.4,6
1/15/2024 8:15,15,Pendinginan,38.7,61.1,7.21,1356,0,0,71,6
1/15/2024 8:20,15,Pendinginan,39.2,61.3,7.18,1342,0,0,70.3,6
1/15/2024 8:25,15,Pendinginan,39.3,61,7.2,1305,0,0,70.1,6
1/15/2024 8:30,15,Pendinginan,39.4,61.2,7.15,1524,0,0,70.8,6
1/15/2024 8:35,15,Pendinginan,39.3,61,7.16,1440,0,0,70.7,6
1/15/2024 8:40,15,Pendinginan,39.1,61.2,7.18,1517,0,0,70.7,6
1/15/2024 8:45,15,Pendinginan,39,61.1,7.14,1460,0,0,70.8,6
1/15/2024 8:50,15,Pendinginan,39.3,61,7.17,1431,0,0,70.3,6
1/15/2024 8:55,15,Pendinginan,39.1,60.5,7.21,1453,0,0,70.6,6
1/15/2024 9:00,15,Pendinginan,39.6,60.7,7.12,1444,0,0,70.6,6
1/15/2024 9:05,15,Pendinginan,39.2,61.2,7.16,1348,0,0,70.4,6
1/15/2024 9:10,15,Pendinginan,39.1,60.9,7.15,1457,0,0,70.5,6
1/15/2024 9:15,15,Pendinginan,39.5,60.3,7.14,1457,0,0,70.5,6
1/15/2024 9:20,15,Pendinginan,39.7,60.5,7.19,1361,0,0,70.4,6
1/15/2024 9:25,15,Pendinginan,39.8,61.4,7.2,1575,0,0,71,6
1/15/2024 9:30,15,Pendinginan,39.5,61.1,7.16,1574,0,0,71,6
1/15/2024 9:35,15,Pendinginan,39.7,61.3,7.13,1431,0,0,70.4,6
1/15/2024 9:40,15,Pendinginan,39.5,61.2,7.2,1448,0,0,70.6,6
1/15/2024 9:45,15,Pendinginan,39.6,60.6,7.14,1392,0,0,71,6
1/15/2024 9:50,15,Pendinginan,40,60.5,7.15,1353,0,0,69.9,6
1/15/2024 9:55,15,Pendinginan,40,60.9,7.16,1518,0,0,70.7,6
1/15/2024 10:00,15,Pendinginan,39.9,61.1,7.2,1434,0,0,70.9,6
1/15/2024 10:05,15,Pendinginan,40,60.9,7.17,1350,0,0,70.6,6
1/15/2024 10:10,15,Pendinginan,40.2,61.5,7.22,1304,0,0,70.3,6
1/15/2024 10:15,15,Pendinginan,39.9,61,7.08,1362,0,0,71.2,6
1/15/2024 10:20,15,Pendinginan,40.3,60.7,7.16,1455,0,0,71.1,6
1/15/2024 10:25,15,Pendinginan,40.1,60.8,7.15,1302,0,0,70.7,6
1/15/2024 10:30,15,Pendinginan,40.2,60.5,7.19,1447,0,0,71,6
1/15/2024 10:35,15,Pendinginan,40.2,60.3,7.18,1355,0,0,70.6,6
1/15/2024 10:40,15,Pendinginan,40.1,60.8,7.22,1368,0,0,70.5,6
1/15/2024 10:45,15,Pendinginan,40.5,60.9,7.11,1461,0,0,71.5,6
1/15/2024 10:50,15,Pendinginan,40,60.5,7.08,1402,0,0,71.2,6
1/15/2024 10:55,15,Pendinginan,40.3,61.2,7.19,1544,0,0,71.2,6
1/15/2024 11:00,15,Pendinginan,40.4,60.8,7.14,1389,0,0,70.9,6
1/15/2024 11:05,15,Pendinginan,40.5,61.2,7.16,1332,0,0,70.7,6
1/15/2024 11:10,15,Pendinginan,40.7,60.3,7.16,1513,0,0,71,6
1/15/2024 11:15,15,Pendinginan,40.6,60.7,7.14,1338,0,0,70.9,6
1/15/2024 11:20,15,Pendinginan,40.7,61,7.17,1514,0,0,71.5,6
1/15/2024 11:25,15,Pendinginan,40.9,61.1,7.14,1314,0,0,71.1,6
1/15/2024 11:30,15,Pendinginan,40.6,60.6,7.19,1518,0,0,70.9,6
1/15/2024 11:35,15,Pendinginan,40.7,60.8,7.14,1391,0,0,71,6
1/15/2024 11:40,15,Pendinginan,40.9,60.7,7.14,1346,0,0,70.8,6
1/15/2024 11:45,15,Pendinginan,40.7,60.8,7.2,1468,0,0,71,6
1/15/2024 11:50,15,Pendinginan,40.8,60.9,7.19,1421,0,0,71.6,6
1/15/2024 11:55,15,Pendinginan,41,60.6,7.16,1279,0,0,71.3,6
1/15/2024 12:00,15,Pendinginan,41,60.8,7.23,1372,0,0,70.4,6
1/15/2024 12:05,15,Pendinginan,41.1,60.7,7.15,1434,0,0,71.4,6
1/15/2024 12:10,15,Pendinginan,41,60.5,7.21,1345,0,0,71.2,6
1/15/2024 12:15,15,Pendinginan,40.8,60.2,7.17,1500,0,0,70.7,6
1/15/2024 12:20,15,Pendinginan,41.1,60.5,7.2,1304,0,0,71.3,6
1/15/2024 12:25,15,Pendinginan,41.1,60.7,7.17,1381,0,0,71.3,6
1/15/2024 12:30,15,Pendinginan,41.3,60.5,7.16,1407,0,0,71.3,6
1/15/2024 12:35,15,Pendinginan,41.2,60.5,7.14,1397,0,0,71,6
1/15/2024 12:40,15,Pendinginan,41.5,60.8,7.14,1399,0,0,71.4,6
1/15/2024 12:45,15,Pendinginan,41.3,60.3,7.14,1467,0,0,71.5,6
1/15/2024 12:50,15,Pendinginan,41.4,60.8,7.08,1505,0,0,71.2,6
1/15/2024 12:55,15,Pendinginan,41.5,60.4,7.21,1313,0,0,71.7,6
1/15/2024 13:00,15,Pendinginan,41.5,60.7,7.16,1293,0,0,71.6,6
1/15/2024 13:05,15,Pendinginan,41.6,60.9,7.17,1363,0,0,71.7,6
1/15/2024 13:10,15,Pendinginan,41.8,60.5,7.15,1461,0,0,71.2,6
1/15/2024 13:15,15,Pendinginan,41.7,60.4,7.22,1340,0,0,71.5,6
1/15/2024 13:20,15,Pendinginan,41.5,60.4,7.16,1454,0,0,71.6,6
1/15/2024 13:25,15,Pendinginan,41.7,60.4,7.18,1466,0,0,71.7,6
1/15/2024 13:30,15,Pendinginan,41.2,60.4,7.16,1447,0,0,71.4,6
1/15/2024 13:35,15,Pendinginan,41.6,60.1,7.18,1465,0,0,71,6
1/15/2024 13:40,15,Pendinginan,42.1,60.8,7.17,1326,0,0,71.4,6
1/15/2024 13:45,15,Pendinginan,41.8,60.6,7.22,1353,0,0,71.6,6
1/15/2024 13:50,15,Pendinginan,41.6,60.3,7.18,1446,0,0,71.2,6
1/15/2024 13:55,15,Pendinginan,41.7,60.9,7.21,1407,0,0,70.8,6
1/15/2024 14:00,15,Pendinginan,42.2,60.4,7.16,1347,0,0,71.6,6
1/15/2024 14:05,15,Pendinginan,42,60.7,7.14,1363,0,0,72.1,6
1/15/2024 14:10,15,Pendinginan,41.9,60.4,7.14,1428,0,0,71.8,6
1/15/2024 14:15,15,Pendinginan,42,60.3,7.18,1520,0,0,71.9,6
1/15/2024 14:20,15,Pendinginan,41.8,59.6,7.18,1450,0,0,71.2,6
1/15/2024 14:25,15,Pendinginan,41.9,60.3,7.18,1341,0,0,72,6
1/15/2024 14:30,15,Pendinginan,41.9,60.1,7.2,1283,0,0,72,6
1/15/2024 14:35,15,Pendinginan,42.1,60.8,7.17,1343,0,0,71.6,6
1/15/2024 14:40,15,Pendinginan,41.9,60.2,7.16,1353,0,0,71.3,6
1/15/2024 14:45,15,Pendinginan,42,60.3,7.16,1292,0,0,71.3,6
1/15/2024 14:50,15,Pendinginan,42.2,60.2,7.19,1393,0,0,70.8,6
1/15/2024 14:55,15,Pendinginan,42.2,60.6,7.15,1377,0,0,71.3,6
1/15/2024 15:00,15,Pendinginan,42.2,60.1,7.16,1320,0,0,71.7,6
1/15/2024 15:05,15,Pendinginan,42.2,60.9,7.16,1407,0,0,71.7,6
1/15/2024 15:10,15,Pendinginan,41.8,61.1,7.21,1391,0,0,72.2,6
1/15/2024 15:15,15,Pendinginan,42.2,60.4,7.18,1496,0,0,71.4,6
1/15/2024 15:20,15,Pendinginan,42.2,60.3,7.22,1373,0,0,71.8,6
1/15/2024 15:25,15,Pendinginan,42,60.2,7.16,1483,0,0,71.1,6
1/15/2024 15:30,15,Pendinginan,41.8,60.1,7.14,1492,0,0,72.1,6
1/15/2024 15:35,15,Pendinginan,42.1,60.1,7.21,1243,0,0,72.4,6
1/15/2024 15:40,15,Pendinginan,41.9,60.2,7.16,1283,0,0,72.4,6
1/15/2024 15:45,15,Pendinginan,42.1,60.7,7.14,1382,0,0,72,6
1/15/2024 15:50,15,Pendinginan,42,60,7.21,1376,0,0,71.5,6
1/15/2024 15:55,15,Pendinginan,41.7,60.5,7.25,1284,0,0,71.9,6
1/15/2024 16:00,15,Pendinginan,42.1,59.9,7.16,1295,0,0,72.2,6
1/15/2024 16:05,15,Pendinginan,42.2,60.3,7.15,1327,0,0,71.7,6
1/15/2024 16:10,15,Pendinginan,41.8,60.3,7.19,1400,0,0,71.9,6
1/15/2024 16:15,15,Pendinginan,42,60.3,7.13,1372,0,0,71.7,6
1/15/2024 16:20,15,Pendinginan,41.7,60.4,7.16,1376,0,0,72.2,6
1/15/2024 16:25,15,Pendinginan,41.8,60.3,7.12,1479,0,0,71.5,6
1/15/2024 16:30,15,Pendinginan,41.8,60.7,7.17,1260,0,0,72.2,6
1/15/2024 16:35,15,Pendinginan,42,60.1,7.16,1319,0,0,71.9,6
1/15/2024 16:40,15,Pendinginan,41.6,60.2,7.23,1281,0,0,71.8,6
1/15/2024 16:45,15,Pendinginan,41.7,60.5,7.21,1445,0,0,71.6,6
1/15/2024 16:50,15,Pendinginan,41.9,60.7,7.19,1387,0,0,71.9,6
1/15/2024 16:55,15,Pendinginan,41.9,60.7,7.18,1248,0,0,71.9,6
1/15/2024 17:00,15,Pendinginan,42,60.4,7.18,1302,0,0,72.4,6
1/15/2024 17:05,15,Pendinginan,42,60.7,7.22,1316,0,0,71.9,6
1/15/2024 17:10,15,Pendinginan,41.7,60.3,7.22,1436,0,0,72.3,6
1/15/2024 17:15,15,Pendinginan,41.5,59.8,7.18,1411,0,0,72.1,6
1/15/2024 17:20,15,Pendinginan,42,60,7.14,1286,0,0,71.9,6
1/15/2024 17:25,15,Pendinginan,41.8,60.2,7.13,1409,0,0,71.6,6
1/15/2024 17:30,15,Pendinginan,41.5,59.8,7.18,1351,0,0,72.7,6
1/15/2024 17:35,15,Pendinginan,41.8,60.7,7.18,1256,0,0,72.2,6
1/15/2024 17:40,15,Pendinginan,41.7,60.5,7.16,1371,0,0,71.9,6
1/15/2024 17:45,15,Pendinginan,41.4,60,7.18,1236,0,0,72.1,6
1/15/2024 17:50,15,Pendinginan,41.7,60,7.16,1334,0,0,72.3,6
1/15/2024 17:55,15,Pendinginan,41.4,60.5,7.19,1418,0,0,72.2,6
1/15/2024 18:00,15,Pendinginan,41.4,60.1,7.18,1295,0,0,72.1,6
1/15/2024 18:05,15,Pendinginan,41.4,60.1,7.18,1210,0,0,72.4,6
1/15/2024 18:10,15,Pendinginan,41.5,60.1,7.23,1323,0,0,71.8,6
1/15/2024 18:15,15,Pendinginan,41.3,60.3,7.19,1299,0,0,72,6
1/15/2024 18:20,15,Pendinginan,41.2,60.1,7.16,1226,0,0,72.1,6
1/15/2024 18:25,15,Pendinginan,41.4,60.8,7.2,1420,0,0,72.6,6
1/15/2024 18:30,15,Pendinginan,41.4,60.2,7.18,1280,0,0,72.3,6
1/15/2024 18:35,15,Pendinginan,41.2,60.6,7.19,1298,0,0,72.4,6
1/15/2024 18:40,15,Pendinginan,41.2,60.6,7.13,1223,0,0,72.7,6
1/15/2024 18:45,15,Pendinginan,41.1,60.2,7.17,1286,0,0,72.6,6
1/15/2024 18:50,15,Pendinginan,40.9,60.4,7.18,1337,0,0,72.5,6
1/15/2024 18:55,15,Pendinginan,41.1,60.2,7.15,1500,0,0,72.3,6
1/15/2024 19:00,15,Pendinginan,41,60.6,7.22,1257,0,0,72.1,6
1/15/2024 19:05,15,Pendinginan,40.8,60.9,7.14,1297,0,0,72.2,6
1/15/2024 19:10,15,Pendinginan,40.7,60.3,7.15,1241,0,0,73.1,6
1/15/2024 19:15,15,Pendinginan,40.9,60.7,7.2,1286,0,0,72.4,6
1/15/2024 19:20,15,Pendinginan,40.9,60.4,7.16,1303,0,0,72.3,6
1/15/2024 19:25,15,Pendinginan,40.8,60.3,7.14,1102,0,0,72.2,6
1/15/2024 19:30,15,Pendinginan,41,60.3,7.2,1118,0,0,72.2,6
1/15/2024 19:35,15,Pendinginan,40.5,60.4,7.25,1323,0,0,73.1,6
1/15/2024 19:40,15,Pendinginan,40.6,60.8,7.24,1275,0,0,72.4,6
1/15/2024 19:45,15,Pendinginan,40.4,60.3,7.18,1444,0,0,72.2,6
1/15/2024 19:50,15,Pendinginan,40.5,59.9,7.16,1304,0,0,72.8,6
1/15/2024 19:55,15,Pendinginan,40.6,60.6,7.19,1280,0,0,72.3,6
1/15/2024 20:00,15,Pendinginan,40.1,60.3,7.17,1375,0,0,72.6,6
1/15/2024 20:05,15,Pendinginan,40.3,60.6,7.17,1337,0,0,73.2,6
1/15/2024 20:10,15,Pendinginan,40.6,60.5,7.19,1396,0,0,72.6,6
1/15/2024 20:15,15,Pendinginan,40.4,60.1,7.17,1360,0,0,72.5,6
1/15/2024 20:20,15,Pendinginan,40.2,60,7.24,1366,0,0,72.8,6
1/15/2024 20:25,15,Pendinginan,40.2,60.6,7.22,1221,0,0,72.9,6
1/15/2024 20:30,15,Pendinginan,40.2,60.9,7.11,1213,0,0,72.4,6
1/15/2024 20:35,15,Pendinginan,40.1,59.9,7.12,1432,0,0,72.9,6
1/15/2024 20:40,15,Pendinginan,40,60.6,7.18,1336,0,0,72.6,6
1/15/2024 20:45,15,Pendinginan,39.9,60.6,7.15,1356,0,0,72.6,6
1/15/2024 20:50,15,Pendinginan,40,60.6,7.23,1168,0,0,72.5,6
1/15/2024 20:55,15,Pendinginan,39.7,60.6,7.22,1376,0,0,72.1,6
1/15/2024 21:00,15,Pendinginan,39.8,59.6,7.2,1336,0,0,72.8,6
1/15/2024 21:05,15,Pendinginan,39.7,60.6,7.15,1279,0,0,72.8,6
1/15/2024 21:10,15,Pendinginan,39.8,60.5,7.15,1119,0,0,72.3,6
1/15/2024 21:15,15,Pendinginan,39.8,60.4,7.19,1382,0,0,72.7,6
1/15/2024 21:20,15,Pendinginan,39.4,60.5,7.18,1388,0,0,73.4,6
1/15/2024 21:25,15,Pendinginan,39.5,61,7.17,1258,0,0,72.8,6
1/15/2024 21:30,15,Pendinginan,39.2,61,7.19,1233,0,0,72.9,6
1/15/2024 21:35,15,Pendinginan,39.1,60.3,7.19,1187,0,0,72.9,6
1/15/2024 21:40,15,Pendinginan,39.2,60.4,7.15,1098,0,0,72.9,6
1/15/2024 21:45,15,Pendinginan,39.3,60.1,7.18,1247,0,0,72.7,6
1/15/2024 21:50,15,Pendinginan,39.3,60.5,7.18,1209,0,0,72.5,6
1/15/2024 21:55,15,Pendinginan,39.2,60.4,7.17,1268,0,0,73.4,6
1/15/2024 22:00,15,Pendinginan,38.8,60.5,7.22,1254,0,0,73.2,6
1/15/2024 22:05,15,Pendinginan,38.8,60.5,7.17,1146,0,0,72.5,6
1/15/2024 22:10,15,Pendinginan,38.8,61.1,7.18,1322,0,0,73.1,6
1/15/2024 22:15,15,Pendinginan,38.7,61.1,7.18,1287,0,0,72.7,6
1/15/2024 22:20,15,Pendinginan,38.9,61,7.19,1143,0,0,73.1,6
1/15/2024 22:25,15,Pendinginan,38.8,60.8,7.2,1286,0,0,72.9,6
1/15/2024 22:30,15,Pendinginan,38.5,60.7,7.17,1266,0,0,72.8,6
1/15/2024 22:35,15,Pendinginan,38.7,61.1,7.18,1205,0,0,72.9,6
1/15/2024 22:40,15,Pendinginan,38.4,60.6,7.22,1192,0,0,72.7,6
1/15/2024 22:45,15,Pendinginan,38.5,61,7.18,1313,0,0,73.4,6
1/15/2024 22:50,15,Pendinginan,38.2,60.6,7.19,1060,0,0,73.3,6
1/15/2024 22:55,15,Pendinginan,38.1,61.1,7.21,1231,0,0,73,6
1/15/2024 23:00,15,Pendinginan,38.3,60.6,7.15,1161,0,0,73.4,6
1/15/2024 23:05,15,Pendinginan,38.2,61.2,7.2,1239,0,0,72.7,6
1/15/2024 23:10,15,Pendinginan,38.1,60.5,7.17,1128,0,0,73.1,6
1/15/2024 23:15,15,Pendinginan,38.3,60.9,7.21,1053,0,0,73.3,6
1/15/2024 23:20,15,Pendinginan,38.2,61.2,7.13,1151,0,0,73.6,6
1/15/2024 23:25,15,Pendinginan,38,60.5,7.13,1101,0,0,72.8,6
1/15/2024 23:30,15,Pendinginan,37.9,61.1,7.14,1195,0,0,73.6,6
1/15/2024 23:35,15,Pendinginan,37.9,60.3,7.19,1167,0,0,73.3,6
1/15/2024 23:40,15,Pendinginan,37.7,60.8,7.2,1361,0,0,73.4,6
1/15/2024 23:45,15,Pendinginan,38,60.9,7.18,1179,0,0,73,6
1/15/2024 23:50,15,Pendinginan,37.8,60.2,7.15,1174,0,0,73.7,6
1/15/2024 23:55,15,Pendinginan,37.9,60.8,7.18,1241,0,0,73,6
1/16/2024 0:00,16,Pendinginan,37.7,60.6,7.17,1123,0,0,73.5,5
1/16/2024 0:05,16,Pendinginan,37.6,61.1,7.19,1172,0,0,74,5
1/16/2024 0:10,16,Pendinginan,37.3,61.4,7.17,1201,0,0,73.3,5
1/16/2024 0:15,16,Pendinginan,37.3,61,7.21,1191,0,0,73.3,5
1/16/2024 0:20,16,Pendinginan,37.9,61.2,7.21,1123,0,0,73.3,5
1/16/2024 0:25,16,Pendinginan,37.6,61.2,7.15,1063,0,0,73.6,5
1/16/2024 0:30,16,Pendinginan,37.3,60.7,7.15,1262,0,0,73.6,5
1/16/2024 0:35,16,Pendinginan,37,60.5,7.17,1203,0,0,73.7,5
1/16/2024 0:40,16,Pendinginan,37.4,60.5,7.19,1256,0,0,73.9,5
1/16/2024 0:45,16,Pendinginan,37.2,61.6,7.2,1224,0,0,73.6,5
1/16/2024 0:50,16,Pendinginan,37,60.7,7.19,1121,0,0,73,5
1/16/2024 0:55,16,Pendinginan,36.9,60.8,7.2,1135,0,0,73.6,5
1/16/2024 1:00,16,Pendinginan,36.9,60.9,7.22,1146,0,0,73.1,5
1/16/2024 1:05,16,Pendinginan,36.8,61.1,7.17,1126,0,0,73.4,5
1/16/2024 1:10,16,Pendinginan,37,60.8,7.18,1062,0,0,73.9,5
1/16/2024 1:15,16,Pendinginan,36.8,61.1,7.15,1266,0,0,74,5
1/16/2024 1:20,16,Pendinginan,36.6,60.7,7.2,1020,0,0,73.6,5
1/16/2024 1:25,16,Pendinginan,36.9,60.9,7.2,1068,0,0,73,5
1/16/2024 1:30,16,Pendinginan,36.9,61.3,7.26,945,0,0,73.9,5
1/16/2024 1:35,16,Pendinginan,36.4,61.5,7.2,1043,0,0,73.9,5
1/16/2024 1:40,16,Pendinginan,36.6,61.1,7.19,1257,0,0,74.3,5
1/16/2024 1:45,16,Pendinginan,36.6,61.3,7.19,1003,0,0,73.5,5
1/16/2024 1:50,16,Pendinginan,37,61.1,7.21,1097,0,0,73.6,5
1/16/2024 1:55,16,Pendinginan,36.7,60.9,7.14,1031,0,0,74,5
1/16/2024 2:00,16,Pendinginan,36.5,61,7.19,1135,0,0,74.1,5
1/16/2024 2:05,16,Pendinginan,36.3,61.2,7.2,1187,0,0,73.4,5
1/16/2024 2:10,16,Pendinginan,36.5,61.5,7.18,1145,0,0,74,5
1/16/2024 2:15,16,Pendinginan,36.3,61.5,7.2,1146,0,0,73.3,5
1/16/2024 2:20,16,Pendinginan,36.5,61.1,7.23,1077,0,0,73.6,5
1/16/2024 2:25,16,Pendinginan,36.3,60.8,7.15,1204,0,0,74.3,5
1/16/2024 2:30,16,Pendinginan,36.3,60.9,7.13,1155,0,0,74.4,5
1/16/2024 2:35,16,Pendinginan,36.2,61,7.2,1235,0,0,74,5
1/16/2024 2:40,16,Pendinginan,36.3,61.1,7.14,980,0,0,73.7,5
1/16/2024 2:45,16,Pendinginan,36.4,60.9,7.17,1050,0,0,73.9,5
1/16/2024 2:50,16,Pendinginan,36.5,61,7.16,1094,0,0,74.5,5
1/16/2024 2:55,16,Pendinginan,36.2,60.7,7.17,1101,0,0,74.2,5
1/16/2024 3:00,16,Pendinginan,36.4,60.7,7.15,1063,0,0,74.2,5
1/16/2024 3:05,16,Pendinginan,36,60.8,7.16,1162,0,0,74.1,5
1/16/2024 3:10,16,Pendinginan,36.3,61.4,7.17,991,0,0,73.7,5
1/16/2024 3:15,16,Pendinginan,35.9,60.9,7.17,1147,0,0,74,5
1/16/2024 3:20,16,Pendinginan,36.1,61,7.15,1164,0,0,73.8,5
1/16/2024 3:25,16,Pendinginan,36,61.3,7.2,943,0,0,74.3,5
1/16/2024 3:30,16,Pendinginan,36,60.9,7.19,1126,0,0,74.2,5
1/16/2024 3:35,16,Pendinginan,36.1,60.9,7.2,1068,0,0,74.6,5
1/16/2024 3:40,16,Pendinginan,36.2,60.7,7.17,1080,0,0,74.5,5
1/16/2024 3:45,16,Pendinginan,36.3,60.9,7.16,990,0,0,74.2,5
1/16/2024 3:50,16,Pendinginan,36.4,61.2,7.14,1016,0,0,73.9,5
1/16/2024 3:55,16,Pendinginan,36,60.9,7.19,1127,0,0,74.5,5
1/16/2024 4:00,16,Pendinginan,36.1,60.4,7.15,1058,0,0,74.2,5
1/16/2024 4:05,16,Pendinginan,36.2,61,7.18,1089,0,0,74.1,5
1/16/2024 4:10,16,Pendinginan,36.1,61.3,7.18,1066,0,0,74.2,5
1/16/2024 4:15,16,Pendinginan,36.2,60.7,7.24,973,0,0,74,5
1/16/2024 4:20,16,Pendinginan,36.1,61.3,7.14,978,0,0,74.3,5
1/16/2024 4:25,16,Pendinginan,36.4,61.4,7.18,871,0,0,74.3,5
1/16/2024 4:30,16,Pendinginan,36.2,60.9,7.16,1076,0,0,74,5
1/16/2024 4:35,16,Pendinginan,36.3,61.4,7.2,1069,0,0,74.1,5
1/16/2024 4:40,16,Pendinginan,36,61.5,7.21,1077,0,0,74.6,5
1/16/2024 4:45,16,Pendinginan,36.1,61.1,7.21,1101,0,0,74.6,5
1/16/2024 4:50,16,Pendinginan,36.1,60.9,7.17,1005,0,0,73.8,5
1/16/2024 4:55,16,Pendinginan,35.9,60.7,7.17,1183,0,0,74.3,5
1/16/2024 5:00,16,Pendinginan,36.1,61,7.23,1011,0,0,74.3,5
1/16/2024 5:05,16,Pendinginan,36,61.3,7.22,1093,0,0,74.7,5
1/16/2024 5:10,16,Pendinginan,36.1,60.9,7.22,1094,0,0,74.2,5
1/16/2024 5:15,16,Pendinginan,36.2,60.9,7.17,1125,0,0,74.4,5
1/16/2024 5:20,16,Pendinginan,36.2,61.1,7.16,1083,0,0,74.8,5
1/16/2024 5:25,16,Pendinginan,36,61.1,7.16,1133,0,0,74.7,5
1/16/2024 5:30,16,Pendinginan,36.1,61.6,7.22,1107,0,0,74.6,5
1/16/2024 5:35,16,Pendinginan,36.3,60.6,7.19,1080,0,0,74.4,5
1/16/2024 5:40,16,Pendinginan,36.2,61.3,7.17,1044,0,0,74.2,5
1/16/2024 5:45,16,Pendinginan,35.9,61.1,7.18,1052,0,0,74.2,5
1/16/2024 5:50,16,Pendinginan,36.2,61.2,7.18,1049,0,0,74.6,5
1/16/2024 5:55,16,Pendinginan,36,61.1,7.15,971,0,0,74.2,5
1/16/2024 6:00,16,Pendinginan,36.2,60.8,7.18,973,0,0,74.9,5
1/16/2024 6:05,16,Pendinginan,36.4,60.8,7.17,998,0,0,74.5,5
1/16/2024 6:10,16,Pendinginan,36.1,60.6,7.21,1068,0,0,75.1,5
1/16/2024 6:15,16,Pendinginan,36.2,60.8,7.17,1018,0,0,74.4,5
1/16/2024 6:20,16,Pendinginan,36.4,60.9,7.17,1143,0,0,75.2,5
1/16/2024 6:25,16,Pendinginan,36.5,61,7.21,1190,0,0,74.9,5
1/16/2024 6:30,16,Pendinginan,36.3,61,7.2,962,0,0,74.6,5
1/16/2024 6:35,16,Pendinginan,36.6,60.3,7.15,1026,0,0,74.8,5
1/16/2024 6:40,16,Pendinginan,36.2,60.8,7.22,1045,0,0,75,5
1/16/2024 6:45,16,Pendinginan,36.4,60.6,7.21,1069,0,0,74.3,5
1/16/2024 6:50,16,Pendinginan,36.4,61.3,7.16,1113,0,0,74.6,5
1/16/2024 6:55,16,Pendinginan,36.5,60.9,7.12,921,0,0,74.8,5
1/16/2024 7:00,16,Pendinginan,36.4,61.1,7.14,1083,0,0,74.3,5
1/16/2024 7:05,16,Pendinginan,36.5,60.4,7.24,930,0,0,74.7,5
1/16/2024 7:10,16,Pendinginan,36.4,61.2,7.2,1047,0,0,75.2,5
1/16/2024 7:15,16,Pendinginan,36.7,60.8,7.19,1081,0,0,74.6,5
1/16/2024 7:20,16,Pendinginan,36.7,61,7.19,1026,0,0,74.4,5
1/16/2024 7:25,16,Pendinginan,36.9,60.5,7.22,1049,0,0,74.4,5
1/16/2024 7:30,16,Pendinginan,36.9,60.8,7.23,1020,0,0,75,5
1/16/2024 7:35,16,Pendinginan,36.5,60.6,7.15,1004,0,0,75,5
1/16/2024 7:40,16,Pendinginan,36.7,61,7.16,1104,0,0,75.3,5
1/16/2024 7:45,16,Pendinginan,37,60.6,7.12,1079,0,0,74.8,5
1/16/2024 7:50,16,Pendinginan,36.8,60.5,7.23,941,0,0,75,5
1/16/2024 7:55,16,Pendinginan,37,60.6,7.21,1163,0,0,74.8,5
1/16/2024 8:00,16,Pendinginan,37,60.8,7.21,1021,0,0,74.8,5
1/16/2024 8:05,16,Pendinginan,36.7,60.4,7.15,1086,0,0,74.9,5
1/16/2024 8:10,16,Pendinginan,37,60.6,7.16,1155,0,0,75.4,5
1/16/2024 8:15,16,Pendinginan,37.4,60.8,7.19,1160,0,0,74.8,5
1/16/2024 8:20,16,Pendinginan,37,60.4,7.2,969,0,0,75,5
1/16/2024 8:25,16,Pendinginan,37,60.7,7.14,955,0,0,75.4,5
1/16/2024 8:30,16,Pendinginan,37.4,60.7,7.2,987,0,0,74.8,5
1/16/2024 8:35,16,Pendinginan,37.2,60.1,7.19,1033,0,0,74.8,5
1/16/2024 8:40,16,Pendinginan,37.6,60.7,7.21,990,0,0,75.1,5
1/16/2024 8:45,16,Pendinginan,37.5,60.6,7.24,1012,0,0,74.9,5
1/16/2024 8:50,16,Pendinginan,37.5,60.2,7.22,924,0,0,75.3,5
1/16/2024 8:55,16,Pendinginan,37.4,60.7,7.21,1040,0,0,74.7,5
1/16/2024 9:00,16,Pendinginan,37.4,60.3,7.13,1118,0,0,75.2,5
1/16/2024 9:05,16,Pendinginan,37.4,60.9,7.17,1047,0,0,74.9,5
1/16/2024 9:10,16,Pendinginan,37.3,60.1,7.17,1099,0,0,75.3,5
1/16/2024 9:15,16,Pendinginan,37.6,59.9,7.23,1045,0,0,75.1,5
1/16/2024 9:20,16,Pendinginan,37.9,60.8,7.22,1007,0,0,74.9,5
1/16/2024 9:25,16,Pendinginan,37.9,60,7.25,1029,0,0,74.9,5
1/16/2024 9:30,16,Pendinginan,37.6,60,7.19,1025,0,0,74.9,5
1/16/2024 9:35,16,Pendinginan,37.8,60,7.21,1021,0,0,75.1,5
1/16/2024 9:40,16,Pendinginan,37.7,60.3,7.18,1051,0,0,75.3,5
1/16/2024 9:45,16,Pendinginan,38.1,60.2,7.13,1105,0,0,75,5
1/16/2024 9:50,16,Pendinginan,37.8,60.4,7.2,983,0,0,75.1,5
1/16/2024 9:55,16,Pendinginan,38,60.8,7.19,947,0,0,75,5
1/16/2024 10:00,16,Pendinginan,38,60.4,7.2,1034,0,0,75.1,5
1/16/2024 10:05,16,Pendinginan,38.1,60.6,7.15,987,0,0,75.5,5
1/16/2024 10:10,16,Pendinginan,38.3,60.3,7.18,918,0,0,75.5,5
1/16/2024 10:15,16,Pendinginan,38.4,61.1,7.2,1020,0,0,75.1,5
1/16/2024 10:20,16,Pendinginan,38,60.4,7.26,1125,0,0,75.7,5
1/16/2024 10:25,16,Pendinginan,38.3,60.4,7.12,1084,0,0,75.2,5
1/16/2024 10:30,16,Pendinginan,38.3,60.2,7.18,966,0,0,75.4,5
1/16/2024 10:35,16,Pendinginan,38.3,60.3,7.14,1006,0,0,75.1,5
1/16/2024 10:40,16,Pendinginan,38.4,60.3,7.14,957,0,0,75.6,5
1/16/2024 10:45,16,Pendinginan,38.3,60.8,7.23,983,0,0,75.2,5
1/16/2024 10:50,16,Pendinginan,38.6,59.8,7.13,985,0,0,75.4,5
1/16/2024 10:55,16,Pendinginan,38.6,60,7.23,902,0,0,75.2,5
1/16/2024 11:00,16,Pendinginan,38.7,59.8,7.15,1031,0,0,75.2,5
1/16/2024 11:05,16,Pendinginan,38.7,60,7.16,853,0,0,75.6,5
1/16/2024 11:10,16,Pendinginan,38.6,60.1,7.17,1004,0,0,75.5,5
1/16/2024 11:15,16,Pendinginan,38.8,59.9,7.23,873,0,0,75.5,5
1/16/2024 11:20,16,Pendinginan,39,60.3,7.16,956,0,0,75.3,5
1/16/2024 11:25,16,Pendinginan,39,59.9,7.2,1041,0,0,76.3,5
1/16/2024 11:30,16,Pendinginan,39,59.9,7.15,997,0,0,75.6,5
1/16/2024 11:35,16,Pendinginan,38.6,59.9,7.2,977,0,0,75.9,5
1/16/2024 11:40,16,Pendinginan,38.7,60.3,7.22,1095,0,0,75.2,5
1/16/2024 11:45,16,Pendinginan,39,59.9,7.15,985,0,0,75.4,5
1/16/2024 11:50,16,Pendinginan,39.2,60.2,7.16,960,0,0,75.6,5
1/16/2024 11:55,16,Pendinginan,39.1,60.4,7.21,1022,0,0,75.6,5
1/16/2024 12:00,16,Pendinginan,38.9,60.4,7.18,1142,0,0,75.8,5
1/16/2024 12:05,16,Pendinginan,39.5,60.2,7.15,968,0,0,75.7,5
1/16/2024 12:10,16,Pendinginan,39.1,59.9,7.15,1017,0,0,75.8,5
1/16/2024 12:15,16,Pendinginan,39.1,60.6,7.19,951,0,0,75.3,5
1/16/2024 12:20,16,Pendinginan,39.3,59.9,7.21,1004,0,0,75.4,5
1/16/2024 12:25,16,Pendinginan,39.6,60.1,7.18,1028,0,0,75.9,5
1/16/2024 12:30,16,Pendinginan,39.2,60,7.18,1055,0,0,75.6,5
1/16/2024 12:35,16,Pendinginan,39.4,60.5,7.23,751,0,0,76.2,5
1/16/2024 12:40,16,Pendinginan,39.5,59.7,7.16,938,0,0,75.6,5
1/16/2024 12:45,16,Pendinginan,39.3,59.5,7.16,1039,0,0,75.9,5
1/16/2024 12:50,16,Pendinginan,39.6,59.9,7.15,1052,0,0,75.6,5
1/16/2024 12:55,16,Pendinginan,39.7,59.6,7.17,983,0,0,76.1,5
1/16/2024 13:00,16,Pendinginan,39.6,59.9,7.25,865,0,0,75.6,5
1/16/2024 13:05,16,Pendinginan,39.5,59.4,7.17,1066,0,0,75.7,5
1/16/2024 13:10,16,Pendinginan,39.6,59.4,7.17,974,0,0,76.1,5
1/16/2024 13:15,16,Pendinginan,39.5,59.8,7.22,974,0,0,75.3,5
1/16/2024 13:20,16,Pendinginan,39.9,60.1,7.22,870,0,0,76.4,5
1/16/2024 13:25,16,Pendinginan,39.7,59.7,7.17,1084,0,0,75.9,5
1/16/2024 13:30,16,Pendinginan,39.9,59.9,7.19,932,0,0,76.5,5
1/16/2024 13:35,16,Pendinginan,39.6,60,7.2,1100,0,0,76.4,5
1/16/2024 13:40,16,Pendinginan,39.8,60,7.24,1001,0,0,75.7,5
1/16/2024 13:45,16,Pendinginan,39.8,59.4,7.2,1091,0,0,76,5
1/16/2024 13:50,16,Pendinginan,39.7,60.1,7.14,881,0,0,76,5
1/16/2024 13:55,16,Pendinginan,40,60,7.19,1145,0,0,76.1,5
1/16/2024 14:00,16,Pendinginan,40.1,60.1,7.15,990,0,0,76.7,5
1/16/2024 14:05,16,Pendinginan,39.9,59.6,7.2,965,0,0,75.9,5
1/16/2024 14:10,16,Pendinginan,39.9,60.2,7.19,896,0,0,75.7,5
1/16/2024 14:15,16,Pendinginan,40.3,59.7,7.2,939,0,0,76.2,5
1/16/2024 14:20,16,Pendinginan,40.2,59.6,7.21,888,0,0,76.8,5
1/16/2024 14:25,16,Pendinginan,40.1,59.7,7.18,958,0,0,76,5
1/16/2024 14:30,16,Pendinginan,39.7,59.7,7.19,1037,0,0,76,5
1/16/2024 14:35,16,Pendinginan,39.9,59.8,7.14,1009,0,0,75.6,5
1/16/2024 14:40,16,Pendinginan,40.2,60,7.16,1049,0,0,76.2,5
1/16/2024 14:45,16,Pendinginan,39.9,59.2,7.2,932,0,0,76.6,5
1/16/2024 14:50,16,Pendinginan,40.1,59.5,7.25,1041,0,0,75.1,5
1/16/2024 14:55,16,Pendinginan,40,59.3,7.17,982,0,0,76.4,5
1/16/2024 15:00,16,Pendinginan,40.2,60.1,7.21,1038,0,0,76.3,5
1/16/2024 15:05,16,Pendinginan,40.3,59.6,7.18,839,0,0,76.6,5
1/16/2024 15:10,16,Pendinginan,40.1,60.6,7.18,997,0,0,76.5,5
1/16/2024 15:15,16,Pendinginan,40,59.8,7.19,965,0,0,76.7,5
1/16/2024 15:20,16,Pendinginan,40,59.8,7.24,931,0,0,76.2,5
1/16/2024 15:25,16,Pendinginan,40.5,59.9,7.18,1051,0,0,76.2,5
1/16/2024 15:30,16,Pendinginan,40,60.1,7.16,1182,0,0,76.2,5
1/16/2024 15:35,16,Pendinginan,40.5,59.3,7.22,1024,0,0,76.6,5
1/16/2024 15:40,16,Pendinginan,40.3,59.6,7.15,979,0,0,76.5,5
1/16/2024 15:45,16,Pendinginan,40.1,59.8,7.2,909,0,0,76.5,5
1/16/2024 15:50,16,Pendinginan,40.1,59.5,7.22,919,0,0,76.3,5
1/16/2024 15:55,16,Pendinginan,40.1,60.1,7.2,1022,0,0,76.4,5
1/16/2024 16:00,16,Pendinginan,40.1,59.7,7.2,954,0,0,76.9,5
1/16/2024 16:05,16,Pendinginan,40.1,59.2,7.28,951,0,0,76.9,5
1/16/2024 16:10,16,Pendinginan,40.3,60,7.19,998,0,0,76.1,5
1/16/2024 16:15,16,Pendinginan,40.4,59.4,7.19,982,0,0,76.5,5
1/16/2024 16:20,16,Pendinginan,40,60.1,7.22,998,0,0,76.4,5
1/16/2024 16:25,16,Pendinginan,40.2,59.6,7.24,980,0,0,76.9,5
1/16/2024 16:30,16,Pendinginan,40,59.7,7.23,1145,0,0,77,5
1/16/2024 16:35,16,Pendinginan,40.2,59.9,7.18,992,0,0,76.3,5
1/16/2024 16:40,16,Pendinginan,40.1,59.8,7.14,970,0,0,76.7,5
1/16/2024 16:45,16,Pendinginan,40,59.8,7.15,903,0,0,76.9,5
1/16/2024 16:50,16,Pendinginan,40,59.8,7.18,965,0,0,75.9,5
1/16/2024 16:55,16,Pendinginan,40.1,60.2,7.16,887,0,0,76.8,5
1/16/2024 17:00,16,Pendinginan,40.2,59.7,7.16,944,0,0,76.3,5
1/16/2024 17:05,16,Pendinginan,39.8,59.6,7.17,896,0,0,76.7,5
1/16/2024 17:10,16,Pendinginan,39.9,59.3,7.21,926,0,0,76.9,5
1/16/2024 17:15,16,Pendinginan,40,59.5,7.21,888,0,0,77.1,5
1/16/2024 17:20,16,Pendinginan,39.7,59.8,7.19,872,0,0,77,5
1/16/2024 17:25,16,Pendinginan,39.7,59.2,7.11,882,0,0,77.2,5
1/16/2024 17:30,16,Pendinginan,40,59.5,7.18,913,0,0,76.4,5
1/16/2024 17:35,16,Pendinginan,39.6,60,7.21,970,0,0,76.4,5
1/16/2024 17:40,16,Pendinginan,39.8,59,7.22,967,0,0,76.4,5
1/16/2024 17:45,16,Pendinginan,40,59.2,7.21,989,0,0,76.4,5
1/16/2024 17:50,16,Pendinginan,39.7,59.2,7.11,858,0,0,76.6,5
1/16/2024 17:55,16,Pendinginan,39.8,59.7,7.2,860,0,0,76.7,5
1/16/2024 18:00,16,Pendinginan,39.5,59.3,7.18,945,0,0,76.7,5
1/16/2024 18:05,16,Pendinginan,39.5,59.9,7.18,831,0,0,77,5
1/16/2024 18:10,16,Pendinginan,39.6,59.8,7.21,972,0,0,76.9,5
1/16/2024 18:15,16,Pendinginan,39.9,59.3,7.18,1011,0,0,76.9,5
1/16/2024 18:20,16,Pendinginan,39.7,59.8,7.24,851,0,0,77.3,5
1/16/2024 18:25,16,Pendinginan,39.6,59.4,7.21,926,0,0,76.7,5
1/16/2024 18:30,16,Pendinginan,39.1,59.4,7.22,993,0,0,76.9,5
1/16/2024 18:35,16,Pendinginan,39.5,60,7.2,868,0,0,77.1,5
1/16/2024 18:40,16,Pendinginan,39.4,60,7.22,815,0,0,76.8,5
1/16/2024 18:45,16,Pendinginan,39,60,7.19,956,0,0,76.6,5
1/16/2024 18:50,16,Pendinginan,39.5,59.4,7.22,929,0,0,77,5
1/16/2024 18:55,16,Pendinginan,39.2,59.6,7.23,918,0,0,76.6,5
1/16/2024 19:00,16,Pendinginan,39.1,59.8,7.22,867,0,0,76.9,5
1/16/2024 19:05,16,Pendinginan,39.1,60,7.15,954,0,0,76.9,5
1/16/2024 19:10,16,Pendinginan,39,60.4,7.19,971,0,0,77.3,5
1/16/2024 19:15,16,Pendinginan,38.8,59.2,7.22,822,0,0,76.6,5
1/16/2024 19:20,16,Pendinginan,39.1,59.5,7.17,1065,0,0,76.6,5
1/16/2024 19:25,16,Pendinginan,38.7,59.7,7.19,833,0,0,76.8,5
1/16/2024 19:30,16,Pendinginan,39.1,59.9,7.21,891,0,0,77.2,5
1/16/2024 19:35,16,Pendinginan,39,59.5,7.2,956,0,0,77.6,5
1/16/2024 19:40,16,Pendinginan,39.1,59.8,7.23,684,0,0,77.6,5
1/16/2024 19:45,16,Pendinginan,38.7,59.8,7.21,883,0,0,77.2,5
1/16/2024 19:50,16,Pendinginan,38.9,59.7,7.16,1038,0,0,77.4,5
1/16/2024 19:55,16,Pendinginan,38.9,60.1,7.16,943,0,0,76.9,5
1/16/2024 20:00,16,Pendinginan,38.6,59.8,7.15,824,0,0,77.9,5
1/16/2024 20:05,16,Pendinginan,38.5,59.8,7.25,855,0,0,77.2,5
1/16/2024 20:10,16,Pendinginan,38.6,59.7,7.17,704,0,0,77,5
1/16/2024 20:15,16,Pendinginan,38.3,59.9,7.18,1055,0,0,77,5
1/16/2024 20:20,16,Pendinginan,38.6,59.9,7.22,939,0,0,76.6,5
1/16/2024 20:25,16,Pendinginan,38.3,59.8,7.16,914,0,0,77.8,5
1/16/2024 20:30,16,Pendinginan,37.8,59.7,7.16,881,0,0,77.2,5
1/16/2024 20:35,16,Pendinginan,38,60.1,7.25,1085,0,0,77.1,5
1/16/2024 20:40,16,Pendinginan,37.8,60.1,7.25,935,0,0,77.8,5
1/16/2024 20:45,16,Pendinginan,38,59.7,7.2,841,0,0,77.6,5
1/16/2024 20:50,16,Pendinginan,38.1,60.2,7.21,885,0,0,77.6,5
1/16/2024 20:55,16,Pendinginan,37.6,60,7.2,880,0,0,77.4,5
1/16/2024 21:00,16,Pendinginan,37.9,59.8,7.23,899,0,0,77.5,5
1/16/2024 21:05,16,Pendinginan,37.7,60.2,7.2,798,0,0,77.4,5
1/16/2024 21:10,16,Pendinginan,37.9,60.1,7.21,863,0,0,77.8,5
1/16/2024 21:15,16,Pendinginan,37.9,60.2,7.18,769,0,0,77.3,5
1/16/2024 21:20,16,Pendinginan,37.9,60.1,7.26,841,0,0,77.4,5
1/16/2024 21:25,16,Pendinginan,37.6,60,7.17,757,0,0,77.7,5
1/16/2024 21:30,16,Pendinginan,37.7,60.7,7.18,818,0,0,77.3,5
1/16/2024 21:35,16,Pendinginan,37.6,60.3,7.17,772,0,0,77.8,5
1/16/2024 21:40,16,Pendinginan,37.5,60.2,7.17,691,0,0,77.3,5
1/16/2024 21:45,16,Pendinginan,37.4,60.7,7.19,1021,0,0,77.8,5
1/16/2024 21:50,16,Pendinginan,37.1,60.1,7.22,642,0,0,77.8,5
1/16/2024 21:55,16,Pendinginan,37.4,60.2,7.2,820,0,0,77.5,5
1/16/2024 22:00,16,Pendinginan,37,59.8,7.19,841,0,0,77.4,5
1/16/2024 22:05,16,Pendinginan,37,60.3,7.21,786,0,0,77.8,5
1/16/2024 22:10,16,Pendinginan,37,60.1,7.23,778,0,0,77.3,5
1/16/2024 22:15,16,Pendinginan,37,59.7,7.19,802,0,0,76.9,5
1/16/2024 22:20,16,Pendinginan,37,60,7.23,839,0,0,77.9,5
1/16/2024 22:25,16,Pendinginan,37,60.1,7.2,694,0,0,78.1,5
1/16/2024 22:30,16,Pendinginan,36.8,59.8,7.22,643,0,0,77.6,5
1/16/2024 22:35,16,Pendinginan,36.9,60,7.18,781,0,0,77.1,5
1/16/2024 22:40,16,Pendinginan,36.8,60.1,7.19,791,0,0,77.7,5
1/16/2024 22:45,16,Pendinginan,36.7,60.1,7.16,856,0,0,77.9,5
1/16/2024 22:50,16,Pendinginan,36.6,60.5,7.2,896,0,0,78.2,5
1/16/2024 22:55,16,Pendinginan,36.6,59.9,7.2,904,0,0,77.3,5
1/16/2024 23:00,16,Pendinginan,36.4,60.1,7.17,872,0,0,77.9,5
1/16/2024 23:05,16,Pendinginan,36.3,60.3,7.19,729,0,0,77.6,5
1/16/2024 23:10,16,Pendinginan,36.4,60.5,7.18,841,0,0,78.3,5
1/16/2024 23:15,16,Pendinginan,36.1,60.3,7.22,788,0,0,78.2,5
1/16/2024 23:20,16,Pendinginan,36.5,60.3,7.19,871,0,0,78.1,5
1/16/2024 23:25,16,Pendinginan,35.8,60.2,7.19,822,0,0,77.8,5
1/16/2024 23:30,16,Pendinginan,36.1,59.9,7.22,921,0,0,77.6,5
1/16/2024 23:35,16,Pendinginan,35.8,60.2,7.2,880,0,0,77.6,5
1/16/2024 23:40,16,Pendinginan,35.9,59.6,7.24,804,0,0,77.8,5
1/16/2024 23:45,16,Pendinginan,35.7,59.9,7.21,693,0,0,78,5
1/16/2024 23:50,16,Pendinginan,36.2,60.1,7.17,810,0,0,77.6,5
1/16/2024 23:55,16,Pendinginan,36.2,60.7,7.2,705,0,0,77.9,5
1/17/2024 0:00,17,Pendinginan,35.9,60.4,7.23,692,0,0,78.3,4
1/17/2024 0:05,17,Pendinginan,35.8,60.1,7.17,783,0,0,77.7,4
1/17/2024 0:10,17,Pendinginan,35.8,59.9,7.22,765,0,0,77.9,4
1/17/2024 0:15,17,Pendinginan,35.6,60.6,7.16,738,0,0,77.8,4
1/17/2024 0:20,17,Pendinginan,35.5,60.1,7.15,685,0,0,78.6,4
1/17/2024 0:25,17,Pendinginan,35.5,60.3,7.19,764,0,0,78,4
1/17/2024 0:30,17,Pendinginan,35.5,60.3,7.17,787,0,0,77.4,4
1/17/2024 0:35,17,Pendinginan,35.5,59.8,7.2,670,0,0,78.1,4
1/17/2024 0:40,17,Pendinginan,35.4,60.7,7.16,843,0,0,78.2,4
1/17/2024 0:45,17,Pendinginan,35.2,60.5,7.19,821,0,0,77.9,4
1/17/2024 0:50,17,Pendinginan,35.2,60.6,7.25,759,0,0,77.3,4
1/17/2024 0:55,17,Pendinginan,35.2,60.3,7.19,788,0,0,78,4
1/17/2024 1:00,17,Pendinginan,35.3,59.9,7.24,884,0,0,77.9,4
1/17/2024 1:05,17,Pendinginan,35,60.4,7.17,719,0,0,78.6,4
1/17/2024 1:10,17,Pendinginan,35.2,60.9,7.21,709,0,0,78.3,4
1/17/2024 1:15,17,Pendinginan,35,60.2,7.2,682,0,0,78.3,4
1/17/2024 1:20,17,Pendinginan,34.8,60.1,7.2,575,0,0,78.5,4
1/17/2024 1:25,17,Pendinginan,34.7,60.5,7.16,722,0,0,78.5,4
1/17/2024 1:30,17,Pendinginan,35.3,60.3,7.14,830,0,0,78.2,4
1/17/2024 1:35,17,Pendinginan,35,60.4,7.14,753,0,0,78.2,4
1/17/2024 1:40,17,Pendinginan,35,60.5,7.15,853,0,0,78.5,4
1/17/2024 1:45,17,Pendinginan,34.6,60.3,7.23,654,0,0,78.8,4
1/17/2024 1:50,17,Pendinginan,34.6,60,7.18,860,0,0,78.2,4
1/17/2024 1:55,17,Pendinginan,34.6,60.4,7.22,802,0,0,78.3,4
1/17/2024 2:00,17,Pendinginan,34.8,60.1,7.25,839,0,0,78.7,4
1/17/2024 2:05,17,Pendinginan,34.8,60.4,7.17,798,0,0,78.5,4
1/17/2024 2:10,17,Pendinginan,34.9,60.5,7.22,611,0,0,78.4,4
1/17/2024 2:15,17,Pendinginan,34.6,60.3,7.19,723,0,0,78.6,4
1/17/2024 2:20,17,Pendinginan,34.5,60.3,7.16,678,0,0,78.7,4
1/17/2024 2:25,17,Pendinginan,34.4,60.6,7.23,722,0,0,79.4,4
1/17/2024 2:30,17,Pendinginan,34.7,60,7.23,748,0,0,78.3,4
1/17/2024 2:35,17,Pendinginan,34.4,60.5,7.19,734,0,0,78.3,4
1/17/2024 2:40,17,Pendinginan,34.4,60.2,7.22,534,0,0,78.6,4
1/17/2024 2:45,17,Pendinginan,34.4,60.7,7.29,712,0,0,78.1,4
1/17/2024 2:50,17,Pendinginan,34.5,60.2,7.27,873,0,0,78.8,4
1/17/2024 2:55,17,Pendinginan,34.4,60.4,7.21,759,0,0,78.1,4
1/17/2024 3:00,17,Pendinginan,34.6,60.3,7.2,691,0,0,78.4,4
1/17/2024 3:05,17,Pendinginan,34.5,59.7,7.23,654,0,0,78,4
1/17/2024 3:10,17,Pendinginan,34.7,60,7.18,828,0,0,79.2,4
1/17/2024 3:15,17,Pendinginan,34.2,59.9,7.18,812,0,0,79.2,4
1/17/2024 3:20,17,Pendinginan,34.2,60.6,7.19,763,0,0,78.3,4
1/17/2024 3:25,17,Pendinginan,34.3,60.2,7.2,767,0,0,78.4,4
1/17/2024 3:30,17,Pendinginan,34.2,60.3,7.25,734,0,0,78.9,4
1/17/2024 3:35,17,Pendinginan,34.4,60.4,7.18,673,0,0,78.5,4
1/17/2024 3:40,17,Pendinginan,34.6,60.3,7.22,764,0,0,78.4,4
1/17/2024 3:45,17,Pendinginan,34.6,60.3,7.23,593,0,0,79,4
1/17/2024 3:50,17,Pendinginan,34.2,59.8,7.18,632,0,0,78.4,4
1/17/2024 3:55,17,Pendinginan,34.3,60.1,7.22,867,0,0,78.8,4
1/17/2024 4:00,17,Pendinginan,34,60.1,7.24,726,0,0,79.3,4
1/17/2024 4:05,17,Pendinginan,34.4,59.6,7.21,756,0,0,79.2,4
1/17/2024 4:10,17,Pendinginan,34.6,60.4,7.22,786,0,0,78.8,4
1/17/2024 4:15,17,Pendinginan,34.1,60.2,7.22,636,0,0,79.3,4
1/17/2024 4:20,17,Pendinginan,34.4,59.7,7.25,707,0,0,78.7,4
1/17/2024 4:25,17,Pendinginan,34.4,60.1,7.27,663,0,0,78.4,4
1/17/2024 4:30,17,Pendinginan,34.2,60.4,7.18,625,0,0,79,4
1/17/2024 4:35,17,Pendinginan,34.1,60.2,7.2,771,0,0,78.5,4
1/17/2024 4:40,17,Pendinginan,34.5,60,7.23,808,0,0,78.6,4
1/17/2024 4:45,17,Pendinginan,34.4,59.7,7.17,888,0,0,79.3,4
1/17/2024 4:50,17,Pendinginan,34.6,60,7.21,773,0,0,79,4
1/17/2024 4:55,17,Pendinginan,34.2,59.8,7.22,645,0,0,78.7,4
1/17/2024 5:00,17,Pendinginan,34.4,60,7.24,696,0,0,78.9,4
1/17/2024 5:05,17,Pendinginan,34.4,59.8,7.19,681,0,0,79,4
1/17/2024 5:10,17,Pendinginan,34.6,59.6,7.25,789,0,0,79.5,4
1/17/2024 5:15,17,Pendinginan,34.8,60.5,7.24,625,0,0,78.7,4
1/17/2024 5:20,17,Pendinginan,34.6,59.5,7.23,559,0,0,79.5,4
1/17/2024 5:25,17,Pendinginan,34.3,60.1,7.19,578,0,0,79.5,4
1/17/2024 5:30,17,Pendinginan,34.6,59.9,7.23,699,0,0,79.2,4
1/17/2024 5:35,17,Pendinginan,34.5,60.2,7.25,772,0,0,79.2,4
1/17/2024 5:40,17,Pendinginan,34.3,59.8,7.24,610,0,0,79.5,4
1/17/2024 5:45,17,Pendinginan,34.4,59.7,7.18,785,0,0,79.2,4
1/17/2024 5:50,17,Pendinginan,34.7,59.6,7.19,723,0,0,79,4
1/17/2024 5:55,17,Pendinginan,34.5,60,7.23,852,0,0,78.8,4
1/17/2024 6:00,17,Pendinginan,34.6,59.7,7.23,766,0,0,79,4
1/17/2024 6:05,17,Pendinginan,34.4,60.1,7.21,714,0,0,79.5,4
1/17/2024 6:10,17,Pendinginan,34.7,59.7,7.19,631,0,0,79.3,4
1/17/2024 6:15,17,Pendinginan,34.4,59.9,7.25,704,0,0,79.1,4
1/17/2024 6:20,17,Pendinginan,34.9,60.3,7.19,743,0,0,79.4,4
1/17/2024 6:25,17,Pendinginan,34.7,60.4,7.22,751,0,0,79.5,4
1/17/2024 6:30,17,Pendinginan,34.9,60.1,7.23,608,0,0,79.2,4
1/17/2024 6:35,17,Pendinginan,34.8,59.9,7.24,884,0,0,79,4
1/17/2024 6:40,17,Pendinginan,34.9,59.7,7.24,730,0,0,80,4
1/17/2024 6:45,17,Pendinginan,34.8,59.6,7.23,760,0,0,79.7,4
1/17/2024 6:50,17,Pendinginan,34.9,60.5,7.21,726,0,0,79.2,4
1/17/2024 6:55,17,Pendinginan,34.8,59.9,7.22,740,0,0,79.3,4
1/17/2024 7:00,17,Pendinginan,34.7,59.7,7.25,844,0,0,79.4,4
1/17/2024 7:05,17,Pendinginan,34.8,59.7,7.28,815,0,0,79.6,4
1/17/2024 7:10,17,Pendinginan,35.1,60.2,7.18,704,0,0,79.3,4
1/17/2024 7:15,17,Pendinginan,35.1,59.8,7.24,696,0,0,79.9,4
1/17/2024 7:20,17,Pendinginan,35,59.9,7.25,826,0,0,79.6,4
1/17/2024 7:25,17,Pendinginan,35.2,60.2,7.23,679,0,0,79.7,4
1/17/2024 7:30,17,Pendinginan,35.1,59,7.23,747,0,0,79.9,4
1/17/2024 7:35,17,Pendinginan,35,59.2,7.22,769,0,0,79.6,4
1/17/2024 7:40,17,Pendinginan,35.2,59.3,7.21,711,0,0,79.9,4
1/17/2024 7:45,17,Pendinginan,35.3,59.5,7.27,718,0,0,79.8,4
1/17/2024 7:50,17,Pendinginan,35.2,60.1,7.22,749,0,0,79.6,4
1/17/2024 7:55,17,Pendinginan,35.3,60,7.24,743,0,0,80.2,4
1/17/2024 8:00,17,Pendinginan,35.5,59.5,7.18,708,0,0,79.8,4
1/17/2024 8:05,17,Pendinginan,35.5,60,7.18,707,0,0,79.3,4
1/17/2024 8:10,17,Pendinginan,35.2,59.4,7.23,804,0,0,79.4,4
1/17/2024 8:15,17,Pendinginan,35.3,59,7.22,684,0,0,80.2,4
1/17/2024 8:20,17,Pendinginan,35.6,59.5,7.2,624,0,0,79.3,4
1/17/2024 8:25,17,Pendinginan,35.5,59.3,7.19,774,0,0,79.9,4
1/17/2024 8:30,17,Pendinginan,35.5,60.1,7.17,750,0,0,79.7,4
1/17/2024 8:35,17,Pendinginan,35.6,59.3,7.22,728,0,0,79.7,4
1/17/2024 8:40,17,Pendinginan,35.5,59,7.21,714,0,0,79.7,4
1/17/2024 8:45,17,Pendinginan,35.7,59.3,7.21,679,0,0,80.3,4
1/17/2024 8:50,17,Pendinginan,35.7,59.3,7.2,688,0,0,79.8,4
1/17/2024 8:55,17,Pendinginan,35.8,59.3,7.21,691,0,0,80,4
1/17/2024 9:00,17,Pendinginan,36.2,59.1,7.23,753,0,0,80.1,4
1/17/2024 9:05,17,Pendinginan,36,59.4,7.22,715,0,0,79.7,4
1/17/2024 9:10,17,Pendinginan,36,59,7.2,839,0,0,79.9,4
1/17/2024 9:15,17,Pendinginan,36.2,59.8,7.21,768,0,0,79.8,4
1/17/2024 9:20,17,Pendinginan,36,59,7.24,769,0,0,80.5,4
1/17/2024 9:25,17,Pendinginan,36.3,59.1,7.24,728,0,0,80.3,4
1/17/2024 9:30,17,Pendinginan,36.1,59,7.2,694,0,0,79.7,4
1/17/2024 9:35,17,Pendinginan,36.1,59.5,7.27,648,0,0,80.4,4
1/17/2024 9:40,17,Pendinginan,36.2,59.3,7.17,797,0,0,79.4,4
1/17/2024 9:45,17,Pendinginan,36.4,59.3,7.23,697,0,0,80.2,4
1/17/2024 9:50,17,Pendinginan,36.4,59.1,7.24,749,0,0,80.2,4
1/17/2024 9:55,17,Pendinginan,36.4,59.2,7.24,725,0,0,79.7,4
1/17/2024 10:00,17,Pendinginan,36.5,59.5,7.23,783,0,0,80.1,4
1/17/2024 10:05,17,Pendinginan,36.6,59.1,7.21,847,0,0,79.9,4
1/17/2024 10:10,17,Pendinginan,36.7,59.5,7.24,659,0,0,80.1,4
1/17/2024 10:15,17,Pendinginan,36.6,59,7.23,822,0,0,80,4
1/17/2024 10:20,17,Pendinginan,36.7,59,7.26,740,0,0,79.8,4
1/17/2024 10:25,17,Pendinginan,36.5,59.2,7.2,815,0,0,79.8,4
1/17/2024 10:30,17,Pendinginan,36.7,58.7,7.23,814,0,0,80.3,4
1/17/2024 10:35,17,Pendinginan,36.7,58.8,7.23,628,0,0,80.1,4
1/17/2024 10:40,17,Pendinginan,37.1,59,7.18,715,0,0,80,4
1/17/2024 10:45,17,Pendinginan,37.2,59.5,7.24,737,0,0,80.6,4
1/17/2024 10:50,17,Pendinginan,36.8,59.3,7.25,753,0,0,80.6,4
1/17/2024 10:55,17,Pendinginan,37,58.6,7.25,759,0,0,80.5,4
1/17/2024 11:00,17,Pendinginan,37.3,58.7,7.22,892,0,0,80.5,4
1/17/2024 11:05,17,Pendinginan,37,58.6,7.21,708,0,0,80.4,4
1/17/2024 11:10,17,Pendinginan,37.2,59,7.2,762,0,0,79.7,4
1/17/2024 11:15,17,Pendinginan,37.2,59.3,7.18,807,0,0,80.2,4
1/17/2024 11:20,17,Pendinginan,37.4,58.9,7.24,775,0,0,80.8,4
1/17/2024 11:25,17,Pendinginan,37.4,58.7,7.23,741,0,0,80.4,4
1/17/2024 11:30,17,Pendinginan,37.3,58.6,7.23,775,0,0,80.7,4
1/17/2024 11:35,17,Pendinginan,37.3,58.2,7.21,641,0,0,80.5,4
1/17/2024 11:40,17,Pendinginan,37.2,58.5,7.21,896,0,0,80.1,4
1/17/2024 11:45,17,Pendinginan,37.5,59,7.27,835,0,0,80.8,4
1/17/2024 11:50,17,Pendinginan,37.7,58.4,7.24,841,0,0,80.2,4
1/17/2024 11:55,17,Pendinginan,37.5,58.5,7.25,768,0,0,80.4,4
1/17/2024 12:00,17,Pendinginan,37.4,58.7,7.21,794,0,0,80.2,4
1/17/2024 12:05,17,Pendinginan,37.7,58.6,7.19,669,0,0,80.2,4
1/17/2024 12:10,17,Pendinginan,37.7,58.8,7.23,800,0,0,80.3,4
1/17/2024 12:15,17,Pendinginan,37.9,58.6,7.24,763,0,0,80.7,4
1/17/2024 12:20,17,Pendinginan,37.8,58.8,7.23,842,0,0,80.3,4
1/17/2024 12:25,17,Pendinginan,37.6,58.4,7.26,765,0,0,80.6,4
1/17/2024 12:30,17,Pendinginan,37.7,58.7,7.2,708,0,0,80.5,4
1/17/2024 12:35,17,Pendinginan,38,58.8,7.24,651,0,0,80.6,4
1/17/2024 12:40,17,Pendinginan,37.9,58.2,7.23,759,0,0,80.8,4
1/17/2024 12:45,17,Pendinginan,38,58.4,7.25,602,0,0,80.6,4
1/17/2024 12:50,17,Pendinginan,37.8,58.3,7.24,678,0,0,80.2,4
1/17/2024 12:55,17,Pendinginan,38.4,58.2,7.28,766,0,0,80.5,4
1/17/2024 13:00,17,Pendinginan,38.2,59,7.19,740,0,0,81,4
1/17/2024 13:05,17,Pendinginan,38.2,58.9,7.24,926,0,0,80.8,4
1/17/2024 13:10,17,Pendinginan,38.2,58.6,7.22,849,0,0,80.8,4
1/17/2024 13:15,17,Pendinginan,38.3,58.8,7.24,822,0,0,80.5,4
1/17/2024 13:20,17,Pendinginan,38.1,58.8,7.27,627,0,0,80.6,4
1/17/2024 13:25,17,Pendinginan,38.3,58.2,7.2,821,0,0,81.3,4
1/17/2024 13:30,17,Pendinginan,38,58.4,7.24,845,0,0,80.9,4
1/17/2024 13:35,17,Pendinginan,38.6,58.5,7.27,732,0,0,80.8,4
1/17/2024 13:40,17,Pendinginan,38.2,58.7,7.22,812,0,0,80.8,4
1/17/2024 13:45,17,Pendinginan,38.5,58.6,7.2,709,0,0,80.9,4
1/17/2024 13:50,17,Pendinginan,38.5,59,7.24,865,0,0,80.4,4
1/17/2024 13:55,17,Pendinginan,38.7,58.6,7.23,771,0,0,80.6,4
1/17/2024 14:00,17,Pendinginan,38.3,59,7.2,704,0,0,80.7,4
1/17/2024 14:05,17,Pendinginan,38.3,58.4,7.26,736,0,0,80.5,4
1/17/2024 14:10,17,Pendinginan,38.5,58.4,7.26,748,0,0,80.9,4
1/17/2024 14:15,17,Pendinginan,38.5,58.4,7.22,741,0,0,80.4,4
1/17/2024 14:20,17,Pendinginan,38.4,58.6,7.26,747,0,0,81.4,4
1/17/2024 14:25,17,Pendinginan,38.5,57.9,7.18,883,0,0,80.9,4
1/17/2024 14:30,17,Pendinginan,38.4,57.7,7.22,818,0,0,80.8,4
1/17/2024 14:35,17,Pendinginan,38.4,58.2,7.27,674,0,0,80.8,4
1/17/2024 14:40,17,Pendinginan,38.8,58.5,7.24,733,0,0,81.1,4
1/17/2024 14:45,17,Pendinginan,38.5,58,7.2,848,0,0,81.1,4
1/17/2024 14:50,17,Pendinginan,38.7,58.3,7.24,765,0,0,80.9,4
1/17/2024 14:55,17,Pendinginan,38.5,57.9,7.2,756,0,0,80.6,4
1/17/2024 15:00,17,Pendinginan,38.4,58.6,7.24,749,0,0,81.8,4
1/17/2024 15:05,17,Pendinginan,38.4,58.6,7.23,848,0,0,81.2,4
1/17/2024 15:10,17,Pendinginan,38.4,58.3,7.24,610,0,0,81.7,4
1/17/2024 15:15,17,Pendinginan,38.7,58.4,7.2,840,0,0,81.5,4
1/17/2024 15:20,17,Pendinginan,38.7,58.2,7.21,768,0,0,81,4
1/17/2024 15:25,17,Pendinginan,38.8,58,7.25,718,0,0,81.1,4
1/17/2024 15:30,17,Pendinginan,38.8,58,7.25,829,0,0,81.1,4
1/17/2024 15:35,17,Pendinginan,38.8,58.2,7.27,928,0,0,81.2,4
1/17/2024 15:40,17,Pendinginan,38.8,58,7.2,768,0,0,80.9,4
1/17/2024 15:45,17,Pendinginan,38.5,58.4,7.22,841,0,0,81.4,4
1/17/2024 15:50,17,Pendinginan,39,58.3,7.27,816,0,0,81.4,4
1/17/2024 15:55,17,Pendinginan,38.9,58.4,7.24,800,0,0,81.5,4
1/17/2024 16:00,17,Pendinginan,38.6,58,7.28,932,0,0,81.1,4
1/17/2024 16:05,17,Pendinginan,38.6,58.5,7.25,837,0,0,81.6,4
1/17/2024 16:10,17,Pendinginan,38.6,58.3,7.24,713,0,0,81.5,4
1/17/2024 16:15,17,Pendinginan,38.8,58,7.24,798,0,0,81.3,4
1/17/2024 16:20,17,Pendinginan,38.7,57.9,7.27,831,0,0,81.1,4
1/17/2024 16:25,17,Pendinginan,38.9,58.2,7.21,869,0,0,81.6,4
1/17/2024 16:30,17,Pendinginan,38.4,58,7.24,608,0,0,81.5,4
1/17/2024 16:35,17,Pendinginan,38.6,57.8,7.24,780,0,0,81.1,4
1/17/2024 16:40,17,Pendinginan,38.7,58.4,7.23,763,0,0,81.7,4
1/17/2024 16:45,17,Pendinginan,38.5,57.5,7.25,714,0,0,81.4,4
1/17/2024 16:50,17,Pendinginan,38.8,58.1,7.24,819,0,0,81.7,4
1/17/2024 16:55,17,Pendinginan,38.4,58.1,7.24,799,0,0,81.6,4
1/17/2024 17:00,17,Pendinginan,38.9,57.7,7.26,872,0,0,81.7,4
1/17/2024 17:05,17,Pendinginan,38.5,58.6,7.17,722,0,0,81.9,4
1/17/2024 17:10,17,Pendinginan,38.4,58.6,7.19,687,0,0,81.4,4
1/17/2024 17:15,17,Pendinginan,38.5,58,7.22,889,0,0,82,4
1/17/2024 17:20,17,Pendinginan,38.4,57.6,7.17,793,0,0,81.8,4
1/17/2024 17:25,17,Pendinginan,38.4,58.1,7.21,826,0,0,82.1,4
1/17/2024 17:30,17,Pendinginan,38.1,58.1,7.21,654,0,0,81.3,4
1/17/2024 17:35,17,Pendinginan,38.4,58.2,7.28,773,0,0,81.1,4
1/17/2024 17:40,17,Pendinginan,38.3,57.7,7.2,818,0,0,81.7,4
1/17/2024 17:45,17,Pendinginan,38.4,58,7.26,737,0,0,82,4
1/17/2024 17:50,17,Pendinginan,38.3,58,7.24,768,0,0,82.2,4
1/17/2024 17:55,17,Pendinginan,38.3,58.1,7.23,836,0,0,81.9,4
1/17/2024 18:00,17,Pendinginan,38.2,57.7,7.21,753,0,0,82.2,4
1/17/2024 18:05,17,Pendinginan,38.2,57.9,7.18,888,0,0,81.9,4
1/17/2024 18:10,17,Pendinginan,38.3,58.4,7.23,773,0,0,82.2,4
1/17/2024 18:15,17,Pendinginan,38.2,58.2,7.26,816,0,0,81.8,4
1/17/2024 18:20,17,Pendinginan,38.1,58.3,7.26,858,0,0,82,4
1/17/2024 18:25,17,Pendinginan,38.1,57.9,7.22,826,0,0,81.7,4
1/17/2024 18:30,17,Pendinginan,38,58.5,7.28,786,0,0,81.8,4
1/17/2024 18:35,17,Pendinginan,38,58.3,7.24,716,0,0,82.2,4
1/17/2024 18:40,17,Pendinginan,38,57.9,7.25,838,0,0,81.6,4
1/17/2024 18:45,17,Pendinginan,37.9,58,7.25,810,0,0,81.7,4
1/17/2024 18:50,17,Pendinginan,37.6,58.4,7.21,780,0,0,81.9,4
1/17/2024 18:55,17,Pendinginan,37.8,58.6,7.33,626,0,0,82.2,4
1/17/2024 19:00,17,Pendinginan,37.8,58.4,7.27,868,0,0,82,4
1/17/2024 19:05,17,Pendinginan,37.6,58.3,7.24,736,0,0,81.8,4
1/17/2024 19:10,17,Pendinginan,37.8,58.5,7.2,803,0,0,81.9,4
1/17/2024 19:15,17,Pendinginan,37.4,58.1,7.22,626,0,0,81.8,4
1/17/2024 19:20,17,Pendinginan,37.4,57.9,7.2,719,0,0,81.8,4
1/17/2024 19:25,17,Pendinginan,37.6,58.2,7.25,731,0,0,82,4
1/17/2024 19:30,17,Pendinginan,37.4,57.8,7.26,608,0,0,82,4
1/17/2024 19:35,17,Pendinginan,37.4,58.3,7.2,748,0,0,82.2,4
1/17/2024 19:40,17,Pendinginan,37.1,57.8,7.24,787,0,0,82.2,4
1/17/2024 19:45,17,Pendinginan,37.4,57.8,7.19,752,0,0,81.7,4
1/17/2024 19:50,17,Pendinginan,37.2,58.4,7.25,698,0,0,81.9,4
1/17/2024 19:55,17,Pendinginan,37.4,58.1,7.21,587,0,0,82.7,4
1/17/2024 20:00,17,Pendinginan,37,58.2,7.29,753,0,0,82,4
1/17/2024 20:05,17,Pendinginan,36.9,57.7,7.25,856,0,0,82.1,4
1/17/2024 20:10,17,Pendinginan,37,58.3,7.22,761,0,0,82.2,4
1/17/2024 20:15,17,Pendinginan,37,58.1,7.3,786,0,0,82.5,4
1/17/2024 20:20,17,Pendinginan,36.9,58.4,7.26,616,0,0,82.4,4
1/17/2024 20:25,17,Pendinginan,36.9,57.6,7.25,778,0,0,82.3,4
1/17/2024 20:30,17,Pendinginan,36.9,58,7.32,639,0,0,82.5,4
1/17/2024 20:35,17,Pendinginan,36.8,57.8,7.24,620,0,0,82.1,4
1/17/2024 20:40,17,Pendinginan,36.8,57.6,7.26,653,0,0,81.9,4
1/17/2024 20:45,17,Pendinginan,36.6,58.8,7.18,764,0,0,82.1,4
1/17/2024 20:50,17,Pendinginan,36.6,58.3,7.26,673,0,0,81.9,4
1/17/2024 20:55,17,Pendinginan,36.7,58.3,7.24,762,0,0,82.2,4
1/17/2024 21:00,17,Pendinginan,36.4,58.1,7.26,750,0,0,82.5,4
1/17/2024 21:05,17,Pendinginan,36.4,58.6,7.23,714,0,0,82,4
1/17/2024 21:10,17,Pendinginan,36.4,58.3,7.27,847,0,0,82.6,4
1/17/2024 21:15,17,Pendinginan,36.4,58,7.22,798,0,0,82.7,4
1/17/2024 21:20,17,Pendinginan,36.2,58.4,7.26,630,0,0,82.6,4
1/17/2024 21:25,17,Pendinginan,36.1,57.4,7.24,738,0,0,82.4,4
1/17/2024 21:30,17,Pendinginan,36.6,58.3,7.25,751,0,0,82.3,4
1/17/2024 21:35,17,Pendinginan,36.4,58.3,7.25,665,0,0,82,4
1/17/2024 21:40,17,Pendinginan,36,58.2,7.23,737,0,0,82.4,4
1/17/2024 21:45,17,Pendinginan,36.1,57.9,7.25,661,0,0,82.1,4
1/17/2024 21:50,17,Pendinginan,35.9,58.6,7.2,720,0,0,82.8,4
1/17/2024 21:55,17,Pendinginan,36.3,58,7.23,616,0,0,82.9,4
1/17/2024 22:00,17,Pendinginan,35.9,58.1,7.19,779,0,0,82.9,4
1/17/2024 22:05,17,Pendinginan,35.9,57.7,7.26,573,0,0,82.6,4
1/17/2024 22:10,17,Pendinginan,35.8,58.3,7.26,704,0,0,82,4
1/17/2024 22:15,17,Pendinginan,35.8,58.2,7.22,578,0,0,83.1,4
1/17/2024 22:20,17,Pendinginan,35.8,58.4,7.23,501,0,0,82.9,4
1/17/2024 22:25,17,Pendinginan,35.6,58.1,7.28,768,0,0,82.7,4
1/17/2024 22:30,17,Pendinginan,35.5,58.2,7.27,631,0,0,82.8,4
1/17/2024 22:35,17,Pendinginan,35.3,58.6,7.26,643,0,0,82.7,4
1/17/2024 22:40,17,Pendinginan,35.3,58.6,7.3,752,0,0,83.2,4
1/17/2024 22:45,17,Pendinginan,35.4,58.4,7.28,694,0,0,82.8,4
1/17/2024 22:50,17,Pendinginan,35.4,58.4,7.22,519,0,0,82.7,4
1/17/2024 22:55,17,Pendinginan,34.9,57.9,7.22,647,0,0,83,4
1/17/2024 23:00,17,Pendinginan,35.3,58.4,7.27,743,0,0,82,4
1/17/2024 23:05,17,Pendinginan,35.1,57.7,7.26,522,0,0,82.8,4
1/17/2024 23:10,17,Pendinginan,35.1,57.9,7.28,728,0,0,82.9,4
1/17/2024 23:15,17,Pendinginan,35.1,58.1,7.25,687,0,0,82.8,4
1/17/2024 23:20,17,Pendinginan,34.8,57.9,7.24,654,0,0,82.6,4
1/17/2024 23:25,17,Pendinginan,35,57.9,7.24,777,0,0,83.2,4
1/17/2024 23:30,17,Pendinginan,35,58.1,7.27,597,0,0,82.8,4
1/17/2024 23:35,17,Pendinginan,34.7,58.1,7.24,642,0,0,82.6,4
1/17/2024 23:40,17,Pendinginan,34.8,58.2,7.26,693,0,0,82.9,4
1/17/2024 23:45,17,Pendinginan,34.7,58.2,7.29,739,0,0,83,4
1/17/2024 23:50,17,Pendinginan,34.5,58.2,7.26,797,0,0,82.6,4
1/17/2024 23:55,17,Pendinginan,34.7,58.6,7.21,661,0,0,82.7,4
1/18/2024 0:00,18,Pematangan,34.5,58.4,7.25,642,0,0,83.2,3
1/18/2024 0:05,18,Pematangan,34.2,58.6,7.25,719,0,0,82.9,3
1/18/2024 0:10,18,Pematangan,34.2,58.2,7.2,527,0,0,82.4,3
1/18/2024 0:15,18,Pematangan,34,58.7,7.29,586,0,0,83.3,3
1/18/2024 0:20,18,Pematangan,33.7,58.6,7.27,609,0,0,83.8,3
1/18/2024 0:25,18,Pematangan,33.6,58.4,7.22,661,0,0,83.1,3
1/18/2024 0:30,18,Pematangan,33.5,58.2,7.26,545,0,0,83.2,3
1/18/2024 0:35,18,Pematangan,33.2,59.2,7.2,775,0,0,82.6,3
1/18/2024 0:40,18,Pematangan,32.9,58.1,7.26,571,0,0,82.7,3
1/18/2024 0:45,18,Pematangan,33.1,58.7,7.25,650,0,0,83.7,3
1/18/2024 0:50,18,Pematangan,33,58.8,7.26,574,0,0,83.3,3
1/18/2024 0:55,18,Pematangan,32.8,58.6,7.26,506,0,0,82.7,3
1/18/2024 1:00,18,Pematangan,33,58.4,7.23,673,0,0,83.1,3
1/18/2024 1:05,18,Pematangan,32.9,58.6,7.26,603,0,0,83.3,3
1/18/2024 1:10,18,Pematangan,32.9,58.5,7.28,654,0,0,83.5,3
1/18/2024 1:15,18,Pematangan,32.7,58.6,7.26,754,0,0,83.3,3
1/18/2024 1:20,18,Pematangan,32.7,58.5,7.3,707,0,0,83.3,3
1/18/2024 1:25,18,Pematangan,32.5,59,7.23,512,0,0,83.3,3
1/18/2024 1:30,18,Pematangan,32.7,59.1,7.25,657,0,0,83.5,3
1/18/2024 1:35,18,Pematangan,32.4,58.8,7.25,733,0,0,83.5,3
1/18/2024 1:40,18,Pematangan,32.5,58.6,7.31,690,0,0,83.4,3
1/18/2024 1:45,18,Pematangan,32.2,58.7,7.26,588,0,0,83.3,3
1/18/2024 1:50,18,Pematangan,32.3,58.7,7.2,639,0,0,83.3,3
1/18/2024 1:55,18,Pematangan,32.2,59,7.32,703,0,0,83,3
1/18/2024 2:00,18,Pematangan,32.1,58.9,7.27,727,0,0,83.4,3
1/18/2024 2:05,18,Pematangan,32.1,59.2,7.26,566,0,0,83.9,3
1/18/2024 2:10,18,Pematangan,31.9,57.7,7.28,719,0,0,83.6,3
1/18/2024 2:15,18,Pematangan,31.8,58.7,7.25,602,0,0,83.9,3
1/18/2024 2:20,18,Pematangan,31.8,58.8,7.29,675,0,0,83.9,3
1/18/2024 2:25,18,Pematangan,32,58.8,7.27,693,0,0,83.4,3
1/18/2024 2:30,18,Pematangan,31.7,59,7.29,663,0,0,83.4,3
1/18/2024 2:35,18,Pematangan,31.7,58.7,7.21,523,0,0,83.5,3
1/18/2024 2:40,18,Pematangan,31.7,58.8,7.25,593,0,0,83,3
1/18/2024 2:45,18,Pematangan,31.7,58.5,7.22,614,0,0,83.2,3
1/18/2024 2:50,18,Pematangan,31.8,58.8,7.23,674,0,0,83.2,3
1/18/2024 2:55,18,Pematangan,31.6,58.7,7.28,709,0,0,84.1,3
1/18/2024 3:00,18,Pematangan,31.7,58.7,7.23,538,0,0,83.7,3
1/18/2024 3:05,18,Pematangan,31.6,59.1,7.21,677,0,0,83.3,3
1/18/2024 3:10,18,Pematangan,31.6,58.9,7.24,596,0,0,83.4,3
1/18/2024 3:15,18,Pematangan,31.9,58.5,7.26,621,0,0,83.7,3
1/18/2024 3:20,18,Pematangan,31.5,58.6,7.27,567,0,0,84,3
1/18/2024 3:25,18,Pematangan,31.8,58.9,7.26,397,0,0,83.8,3
1/18/2024 3:30,18,Pematangan,31.5,58.6,7.2,675,0,0,83.3,3
1/18/2024 3:35,18,Pematangan,31.6,59,7.24,732,0,0,83.5,3
1/18/2024 3:40,18,Pematangan,31.7,58.3,7.29,704,0,0,83.9,3
1/18/2024 3:45,18,Pematangan,31.5,58.3,7.25,723,0,0,83.8,3
1/18/2024 3:50,18,Pematangan,31.3,58.3,7.3,673,0,0,83.4,3
1/18/2024 3:55,18,Pematangan,31.3,58.5,7.2,621,0,0,84.6,3
1/18/2024 4:00,18,Pematangan,31.3,58.6,7.3,693,0,0,83.8,3
1/18/2024 4:05,18,Pematangan,31.5,58.3,7.25,652,0,0,84.2,3
1/18/2024 4:10,18,Pematangan,31.4,58.6,7.23,650,0,0,84.1,3
1/18/2024 4:15,18,Pematangan,31.6,58.3,7.26,578,0,0,84.2,3
1/18/2024 4:20,18,Pematangan,31.5,58.2,7.25,668,0,0,84,3
1/18/2024 4:25,18,Pematangan,31.5,58.5,7.23,600,0,0,83.7,3
1/18/2024 4:30,18,Pematangan,31.7,58.3,7.26,636,0,0,84.2,3
1/18/2024 4:35,18,Pematangan,31.7,58.8,7.27,547,0,0,83.6,3
1/18/2024 4:40,18,Pematangan,31.4,58.8,7.26,700,0,0,84.3,3
1/18/2024 4:45,18,Pematangan,31.5,58.6,7.26,604,0,0,83.8,3
1/18/2024 4:50,18,Pematangan,31.8,58.6,7.26,566,0,0,84.2,3
1/18/2024 4:55,18,Pematangan,31.5,58.7,7.27,597,0,0,84.1,3
1/18/2024 5:00,18,Pematangan,31.7,58.5,7.26,635,0,0,84.1,3
1/18/2024 5:05,18,Pematangan,31.7,58.2,7.26,652,0,0,84.1,3
1/18/2024 5:10,18,Pematangan,31.8,58.7,7.23,617,0,0,84,3
1/18/2024 5:15,18,Pematangan,31.7,58.5,7.28,644,0,0,84.5,3
1/18/2024 5:20,18,Pematangan,31.7,58.2,7.25,679,0,0,83.6,3
1/18/2024 5:25,18,Pematangan,31.5,58.5,7.29,735,0,0,84.1,3
1/18/2024 5:30,18,Pematangan,31.9,58.5,7.22,630,0,0,84,3
1/18/2024 5:35,18,Pematangan,31.9,58.4,7.22,510,0,0,84.2,3
1/18/2024 5:40,18,Pematangan,31.5,58.3,7.27,546,0,0,84.5,3
1/18/2024 5:45,18,Pematangan,32,58.1,7.25,710,0,0,84.2,3
1/18/2024 5:50,18,Pematangan,31.7,58.4,7.24,719,0,0,84.4,3
1/18/2024 5:55,18,Pematangan,31.9,58.4,7.22,571,0,0,84.7,3
1/18/2024 6:00,18,Pematangan,32,58.6,7.27,736,0,0,83.7,3
1/18/2024 6:05,18,Pematangan,32,58.8,7.29,737,0,0,84.3,3
1/18/2024 6:10,18,Pematangan,32,58,7.23,696,0,0,84.4,3
1/18/2024 6:15,18,Pematangan,32.1,58.5,7.27,709,0,0,84.6,3
1/18/2024 6:20,18,Pematangan,32,58.4,7.21,643,0,0,84.5,3
1/18/2024 6:25,18,Pematangan,32,58.1,7.26,651,0,0,84.3,3
1/18/2024 6:30,18,Pematangan,32.1,58.2,7.21,614,0,0,84.2,3
1/18/2024 6:35,18,Pematangan,32.3,58.1,7.22,604,0,0,84.7,3
1/18/2024 6:40,18,Pematangan,32.5,58.9,7.31,538,0,0,84.3,3
1/18/2024 6:45,18,Pematangan,32.4,58.2,7.27,826,0,0,84.1,3
1/18/2024 6:50,18,Pematangan,32.3,58.7,7.25,666,0,0,84.7,3
1/18/2024 6:55,18,Pematangan,32.6,58.2,7.29,563,0,0,84.3,3
1/18/2024 7:00,18,Pematangan,32.6,57.5,7.31,659,0,0,84.5,3
1/18/2024 7:05,18,Pematangan,32.4,57.7,7.25,700,0,0,83.9,3
1/18/2024 7:10,18,Pematangan,32.8,58,7.26,656,0,0,84.6,3
1/18/2024 7:15,18,Pematangan,32.6,58.2,7.2,600,0,0,84.6,3
1/18/2024 7:20,18,Pematangan,32.7,57.5,7.29,537,0,0,84.5,3
1/18/2024 7:25,18,Pematangan,32.9,58,7.3,633,0,0,84.7,3
1/18/2024 7:30,18,Pematangan,32.9,58.2,7.31,649,0,0,84.8,3
1/18/2024 7:35,18,Pematangan,33.2,58.4,7.25,721,0,0,84.7,3
1/18/2024 7:40,18,Pematangan,33.2,58.1,7.27,674,0,0,84.7,3
1/18/2024 7:45,18,Pematangan,33.2,57.9,7.26,780,0,0,84.8,3
1/18/2024 7:50,18,Pematangan,33.1,57.8,7.3,581,0,0,84.2,3
1/18/2024 7:55,18,Pematangan,33.1,57.3,7.23,546,0,0,85.1,3
1/18/2024 8:00,18,Pematangan,33.3,57.7,7.22,630,0,0,84.1,3
1/18/2024 8:05,18,Pematangan,33.3,58.4,7.29,625,0,0,84.9,3
1/18/2024 8:10,18,Pematangan,33.4,57.5,7.32,551,0,0,84.6,3
1/18/2024 8:15,18,Pematangan,33.6,57.5,7.29,618,0,0,84.9,3
1/18/2024 8:20,18,Pematangan,33.7,57.7,7.32,590,0,0,85.1,3
1/18/2024 8:25,18,Pematangan,33.9,58.2,7.27,581,0,0,85.4,3
1/18/2024 8:30,18,Pematangan,33.7,57.4,7.26,566,0,0,84.9,3
1/18/2024 8:35,18,Pematangan,33.8,57.6,7.3,696,0,0,84.8,3
1/18/2024 8:40,18,Pematangan,34,57.6,7.26,646,0,0,85,3
1/18/2024 8:45,18,Pematangan,34,57.7,7.24,599,0,0,84.6,3
1/18/2024 8:50,18,Pematangan,34,58,7.29,562,0,0,85,3
1/18/2024 8:55,18,Pematangan,34.1,57.3,7.22,726,0,0,84.4,3
1/18/2024 9:00,18,Pematangan,34.2,57.2,7.29,622,0,0,84.8,3
1/18/2024 9:05,18,Pematangan,34.3,57.6,7.27,646,0,0,84.7,3
1/18/2024 9:10,18,Pematangan,34.2,57.1,7.29,626,0,0,84.7,3
1/18/2024 9:15,18,Pematangan,34.3,56.9,7.25,722,0,0,84.8,3
1/18/2024 9:20,18,Pematangan,34.6,57.2,7.29,624,0,0,84.6,3
1/18/2024 9:25,18,Pematangan,34.6,57.9,7.32,692,0,0,84.9,3
1/18/2024 9:30,18,Pematangan,34.8,57.4,7.27,689,0,0,85,3
1/18/2024 9:35,18,Pematangan,34.8,57,7.26,718,0,0,85,3
1/18/2024 9:40,18,Pematangan,34.9,57.2,7.24,636,0,0,84.7,3
1/18/2024 9:45,18,Pematangan,34.8,57.6,7.26,596,0,0,85.5,3
1/18/2024 9:50,18,Pematangan,35.2,57.1,7.28,637,0,0,84.8,3
1/18/2024 9:55,18,Pematangan,35.2,57.1,7.27,739,0,0,85.3,3
1/18/2024 10:00,18,Pematangan,35.1,57.3,7.24,694,0,0,85.1,3
1/18/2024 10:05,18,Pematangan,35.4,57,7.33,586,0,0,85.4,3
1/18/2024 10:10,18,Pematangan,35.2,57.3,7.29,664,0,0,85,3
1/18/2024 10:15,18,Pematangan,35.5,57.2,7.33,590,0,0,85,3
1/18/2024 10:20,18,Pematangan,35.6,57,7.27,746,0,0,84.3,3
1/18/2024 10:25,18,Pematangan,35.6,56.5,7.24,854,0,0,85.3,3
1/18/2024 10:30,18,Pematangan,35.9,57,7.29,521,0,0,85.5,3
1/18/2024 10:35,18,Pematangan,35.7,56.8,7.29,688,0,0,85.2,3
1/18/2024 10:40,18,Pematangan,35.7,57,7.3,621,0,0,85.6,3
1/18/2024 10:45,18,Pematangan,35.8,56.9,7.32,610,0,0,85.6,3
1/18/2024 10:50,18,Pematangan,36.3,56.9,7.26,603,0,0,85.6,3
1/18/2024 10:55,18,Pematangan,36.3,57.3,7.27,749,0,0,85.3,3
1/18/2024 11:00,18,Pematangan,36.1,57.2,7.32,585,0,0,85,3
1/18/2024 11:05,18,Pematangan,36.3,57.1,7.24,685,0,0,85.1,3
1/18/2024 11:10,18,Pematangan,36.5,56.5,7.3,655,0,0,85,3
1/18/2024 11:15,18,Pematangan,36.5,56.2,7.26,696,0,0,84.8,3
1/18/2024 11:20,18,Pematangan,36.1,56,7.31,663,0,0,85.2,3
1/18/2024 11:25,18,Pematangan,36.5,56.6,7.28,672,0,0,85.2,3
1/18/2024 11:30,18,Pematangan,36.7,56.9,7.27,634,0,0,85.3,3
1/18/2024 11:35,18,Pematangan,36.4,56.7,7.24,722,0,0,85.4,3
1/18/2024 11:40,18,Pematangan,36.7,56.8,7.25,702,0,0,85.5,3
1/18/2024 11:45,18,Pematangan,36.9,56.3,7.29,729,0,0,85.5,3
1/18/2024 11:50,18,Pematangan,36.8,56.4,7.27,728,0,0,85,3
1/18/2024 11:55,18,Pematangan,37,56.4,7.27,570,0,0,85.4,3
1/18/2024 12:00,18,Pematangan,37.1,56.2,7.27,631,0,0,85.6,3
1/18/2024 12:05,18,Pematangan,37.1,56.5,7.25,627,0,0,85.6,3
1/18/2024 12:10,18,Pematangan,37.3,56.3,7.27,559,0,0,86,3
1/18/2024 12:15,18,Pematangan,37.4,56.6,7.23,629,0,0,85.5,3
1/18/2024 12:20,18,Pematangan,37.1,56.7,7.32,842,0,0,85.3,3
1/18/2024 12:25,18,Pematangan,37.4,56.8,7.27,632,0,0,85,3
1/18/2024 12:30,18,Pematangan,37.7,56.3,7.25,701,0,0,85.7,3
1/18/2024 12:35,18,Pematangan,37.6,56.3,7.32,668,0,0,86.1,3
1/18/2024 12:40,18,Pematangan,37.7,56.4,7.27,757,0,0,85.7,3
1/18/2024 12:45,18,Pematangan,37.6,56,7.29,607,0,0,85.6,3
1/18/2024 12:50,18,Pematangan,37.9,56.3,7.26,793,0,0,85.8,3
1/18/2024 12:55,18,Pematangan,38,55.6,7.29,748,0,0,86.2,3
1/18/2024 13:00,18,Pematangan,37.7,56.6,7.33,519,0,0,85.9,3
1/18/2024 13:05,18,Pematangan,38.1,56.1,7.26,735,0,0,85.5,3
1/18/2024 13:10,18,Pematangan,38,56.4,7.33,725,0,0,85.8,3
1/18/2024 13:15,18,Pematangan,38,55.8,7.31,670,0,0,86.1,3
1/18/2024 13:20,18,Pematangan,38.1,55.9,7.29,676,0,0,85.4,3
1/18/2024 13:25,18,Pematangan,38.4,55.9,7.31,750,0,0,85.4,3
1/18/2024 13:30,18,Pematangan,38.1,56,7.25,821,0,0,85.8,3
1/18/2024 13:35,18,Pematangan,38.4,56.2,7.29,686,0,0,86.2,3
1/18/2024 13:40,18,Pematangan,38.2,56.6,7.24,746,0,0,85.4,3
1/18/2024 13:45,18,Pematangan,38.3,56.1,7.26,669,0,0,85.4,3
1/18/2024 13:50,18,Pematangan,38.3,56.2,7.28,629,0,0,86.3,3
1/18/2024 13:55,18,Pematangan,38.3,55.9,7.26,733,0,0,85.9,3
1/18/2024 14:00,18,Pematangan,38.5,55.4,7.31,667,0,0,86,3
1/18/2024 14:05,18,Pematangan,38.4,55.7,7.32,543,0,0,85.6,3
1/18/2024 14:10,18,Pematangan,38.8,56.1,7.27,785,0,0,86.1,3
1/18/2024 14:15,18,Pematangan,38.6,56,7.29,725,0,0,86.6,3
1/18/2024 14:20,18,Pematangan,38.6,55.9,7.24,681,0,0,86.5,3
1/18/2024 14:25,18,Pematangan,38.8,55.7,7.28,581,0,0,85.7,3
1/18/2024 14:30,18,Pematangan,38.7,55.7,7.25,724,0,0,86,3
1/18/2024 14:35,18,Pematangan,38.5,55.2,7.26,558,0,0,85.5,3
1/18/2024 14:40,18,Pematangan,38.9,55.8,7.27,670,0,0,85.7,3
1/18/2024 14:45,18,Pematangan,38.8,55.8,7.26,637,0,0,85.7,3
1/18/2024 14:50,18,Pematangan,38.7,55.7,7.27,690,0,0,86.1,3
1/18/2024 14:55,18,Pematangan,38.8,56.1,7.3,762,0,0,85.9,3
1/18/2024 15:00,18,Pematangan,38.8,56,7.3,631,0,0,86.3,3
1/18/2024 15:05,18,Pematangan,38.7,55.9,7.28,574,0,0,86,3
1/18/2024 15:10,18,Pematangan,39.2,55.8,7.35,570,0,0,86.4,3
1/18/2024 15:15,18,Pematangan,38.5,55.7,7.3,752,0,0,85.9,3
1/18/2024 15:20,18,Pematangan,39,55.6,7.28,650,0,0,85.9,3
1/18/2024 15:25,18,Pematangan,39.1,55.7,7.31,768,0,0,85.9,3
1/18/2024 15:30,18,Pematangan,39.1,55.9,7.25,720,0,0,85.9,3
1/18/2024 15:35,18,Pematangan,39.2,56,7.28,785,0,0,85.8,3
1/18/2024 15:40,18,Pematangan,38.8,55.6,7.35,598,0,0,85.8,3
1/18/2024 15:45,18,Pematangan,38.7,56,7.26,671,0,0,86.5,3
1/18/2024 15:50,18,Pematangan,38.9,55.7,7.3,649,0,0,86.2,3
1/18/2024 15:55,18,Pematangan,39,55.9,7.26,442,0,0,86.5,3
1/18/2024 16:00,18,Pematangan,39.1,55.7,7.29,638,0,0,86.5,3
1/18/2024 16:05,18,Pematangan,39,55.7,7.36,557,0,0,86.4,3
1/18/2024 16:10,18,Pematangan,38.7,55.9,7.24,575,0,0,86.2,3
1/18/2024 16:15,18,Pematangan,38.9,55.5,7.27,667,0,0,86.3,3
1/18/2024 16:20,18,Pematangan,39.1,55.8,7.27,849,0,0,86.6,3
1/18/2024 16:25,18,Pematangan,38.7,55.7,7.3,626,0,0,86.1,3
1/18/2024 16:30,18,Pematangan,38.9,55.5,7.33,740,0,0,86.2,3
1/18/2024 16:35,18,Pematangan,38.9,56,7.24,598,0,0,86.5,3
1/18/2024 16:40,18,Pematangan,38.8,55.6,7.28,653,0,0,86.6,3
1/18/2024 16:45,18,Pematangan,39,55.5,7.36,836,0,0,86.9,3
1/18/2024 16:50,18,Pematangan,38.9,56.2,7.28,612,0,0,86.3,3
1/18/2024 16:55,18,Pematangan,38.6,55.7,7.29,694,0,0,86.5,3
1/18/2024 17:00,18,Pematangan,38.7,56.1,7.3,751,0,0,86.6,3
1/18/2024 17:05,18,Pematangan,38.5,55.1,7.35,634,0,0,86.4,3
1/18/2024 17:10,18,Pematangan,38.7,55.8,7.31,818,0,0,87,3
1/18/2024 17:15,18,Pematangan,38.5,55.9,7.27,664,0,0,86.3,3
1/18/2024 17:20,18,Pematangan,38.4,55.6,7.26,748,0,0,86.5,3
1/18/2024 17:25,18,Pematangan,38.6,56,7.24,616,0,0,86.7,3
1/18/2024 17:30,18,Pematangan,38.6,55.9,7.31,681,0,0,86.7,3
1/18/2024 17:35,18,Pematangan,38.5,55.2,7.28,692,0,0,86.8,3
1/18/2024 17:40,18,Pematangan,38.3,55.2,7.28,829,0,0,86.4,3
1/18/2024 17:45,18,Pematangan,38.6,56.1,7.29,616,0,0,86.9,3
1/18/2024 17:50,18,Pematangan,38.4,55.4,7.27,706,0,0,87,3
1/18/2024 17:55,18,Pematangan,38.3,55.6,7.31,655,0,0,86.6,3
1/18/2024 18:00,18,Pematangan,38.2,55.4,7.37,652,0,0,87.2,3
1/18/2024 18:05,18,Pematangan,38.5,55.6,7.3,675,0,0,86.3,3
1/18/2024 18:10,18,Pematangan,38,55.7,7.28,817,0,0,86.7,3
1/18/2024 18:15,18,Pematangan,38.4,55.5,7.35,706,0,0,87,3
1/18/2024 18:20,18,Pematangan,38,55.8,7.34,652,0,0,86.7,3
1/18/2024 18:25,18,Pematangan,38,56.1,7.31,779,0,0,86.9,3
1/18/2024 18:30,18,Pematangan,38,55.8,7.32,642,0,0,87.3,3
1/18/2024 18:35,18,Pematangan,38,54.9,7.32,559,0,0,87.1,3
1/18/2024 18:40,18,Pematangan,38,55.8,7.31,748,0,0,86.7,3
1/18/2024 18:45,18,Pematangan,37.9,56,7.34,571,0,0,87,3
1/18/2024 18:50,18,Pematangan,37.6,55.4,7.3,664,0,0,87.3,3
1/18/2024 18:55,18,Pematangan,37.6,55.7,7.3,588,0,0,86.7,3
1/18/2024 19:00,18,Pematangan,37.8,55.5,7.33,704,0,0,86.5,3
1/18/2024 19:05,18,Pematangan,37.6,55.9,7.3,643,0,0,86.7,3
1/18/2024 19:10,18,Pematangan,37.7,55.7,7.26,690,0,0,86.8,3
1/18/2024 19:15,18,Pematangan,37.3,55.6,7.27,579,0,0,87.3,3
1/18/2024 19:20,18,Pematangan,37.3,56.1,7.26,513,0,0,87.1,3
1/18/2024 19:25,18,Pematangan,37.5,55.9,7.39,676,0,0,87.1,3
1/18/2024 19:30,18,Pematangan,36.9,55.9,7.3,616,0,0,87,3
1/18/2024 19:35,18,Pematangan,37.1,55.7,7.35,618,0,0,87.1,3
1/18/2024 19:40,18,Pematangan,37,56,7.3,624,0,0,86.5,3
1/18/2024 19:45,18,Pematangan,37,55.7,7.29,550,0,0,87.5,3
1/18/2024 19:50,18,Pematangan,37,56.2,7.33,691,0,0,86.8,3
1/18/2024 19:55,18,Pematangan,37.1,55.5,7.28,699,0,0,87.4,3
1/18/2024 20:00,18,Pematangan,36.9,55.7,7.27,844,0,0,87.2,3
1/18/2024 20:05,18,Pematangan,36.6,55.6,7.3,656,0,0,87.2,3
1/18/2024 20:10,18,Pematangan,36.6,56.4,7.27,642,0,0,87,3
1/18/2024 20:15,18,Pematangan,36.5,55.7,7.28,520,0,0,87.2,3
1/18/2024 20:20,18,Pematangan,36.4,56.4,7.31,600,0,0,86.8,3
1/18/2024 20:25,18,Pematangan,36.1,55.5,7.35,658,0,0,87.1,3
1/18/2024 20:30,18,Pematangan,36.1,55.7,7.27,739,0,0,87.3,3
1/18/2024 20:35,18,Pematangan,35.9,56.6,7.26,585,0,0,87.7,3
1/18/2024 20:40,18,Pematangan,36.1,55.8,7.26,553,0,0,87,3
1/18/2024 20:45,18,Pematangan,36,56,7.29,626,0,0,87,3
1/18/2024 20:50,18,Pematangan,35.9,56.3,7.29,613,0,0,87.4,3
1/18/2024 20:55,18,Pematangan,35.9,55.7,7.34,660,0,0,87.4,3
1/18/2024 21:00,18,Pematangan,35.9,55.6,7.31,659,0,0,87.1,3
1/18/2024 21:05,18,Pematangan,35.7,56.1,7.29,693,0,0,87.2,3
1/18/2024 21:10,18,Pematangan,35.6,56,7.28,662,0,0,87.3,3
1/18/2024 21:15,18,Pematangan,35.2,55.5,7.32,523,0,0,87.5,3
1/18/2024 21:20,18,Pematangan,35.3,55.9,7.35,634,0,0,87.7,3
1/18/2024 21:25,18,Pematangan,35.3,56,7.29,735,0,0,87.8,3
1/18/2024 21:30,18,Pematangan,35.4,56.1,7.27,581,0,0,87.1,3
1/18/2024 21:35,18,Pematangan,35.2,55.9,7.2,812,0,0,87.3,3
1/18/2024 21:40,18,Pematangan,34.9,56.6,7.26,705,0,0,87.3,3
1/18/2024 21:45,18,Pematangan,34.7,56.6,7.32,686,0,0,87.6,3
1/18/2024 21:50,18,Pematangan,34.9,55.8,7.3,536,0,0,87.1,3
1/18/2024 21:55,18,Pematangan,34.8,56.5,7.28,592,0,0,87.2,3
1/18/2024 22:00,18,Pematangan,34.6,56.4,7.32,651,0,0,87.4,3
1/18/2024 22:05,18,Pematangan,34.4,56.4,7.32,593,0,0,87.5,3
1/18/2024 22:10,18,Pematangan,34.6,56.1,7.32,594,0,0,87.3,3
1/18/2024 22:15,18,Pematangan,34.6,56.2,7.28,492,0,0,87.2,3
1/18/2024 22:20,18,Pematangan,34.2,56.8,7.28,718,0,0,87.6,3
1/18/2024 22:25,18,Pematangan,34,56.1,7.26,532,0,0,87.4,3
1/18/2024 22:30,18,Pematangan,33.8,56.7,7.3,544,0,0,87.8,3
1/18/2024 22:35,18,Pematangan,33.8,55.5,7.39,613,0,0,87.5,3
1/18/2024 22:40,18,Pematangan,33.6,55.8,7.35,717,0,0,87.9,3
1/18/2024 22:45,18,Pematangan,33.6,56.8,7.31,647,0,0,87.9,3
1/18/2024 22:50,18,Pematangan,33.5,56,7.28,645,0,0,87.3,3
1/18/2024 22:55,18,Pematangan,33.6,56.3,7.32,646,0,0,87.5,3
1/18/2024 23:00,18,Pematangan,33.7,56,7.33,547,0,0,87.8,3
1/18/2024 23:05,18,Pematangan,33.5,56.4,7.32,621,0,0,88,3
1/18/2024 23:10,18,Pematangan,33.4,56,7.31,543,0,0,87.5,3
1/18/2024 23:15,18,Pematangan,33.2,56.4,7.31,671,0,0,88.2,3
1/18/2024 23:20,18,Pematangan,33.2,56.6,7.3,647,0,0,88,3
1/18/2024 23:25,18,Pematangan,33.1,57.1,7.28,700,0,0,87.5,3
1/18/2024 23:30,18,Pematangan,33.1,56.9,7.24,594,0,0,88.1,3
1/18/2024 23:35,18,Pematangan,32.9,56.6,7.3,494,0,0,88.6,3
1/18/2024 23:40,18,Pematangan,32.8,56.6,7.28,398,0,0,87.7,3
1/18/2024 23:45,18,Pematangan,32.5,56.8,7.28,537,0,0,87.6,3
1/18/2024 23:50,18,Pematangan,32.7,56.3,7.33,601,0,0,87.8,3
1/18/2024 23:55,18,Pematangan,32.7,56.5,7.3,459,0,0,88,3
1/19/2024 0:00,19,Pematangan,32.5,56.9,7.28,757,0,0,88.2,2
1/19/2024 0:05,19,Pematangan,32.2,56.3,7.34,673,0,0,88,2
1/19/2024 0:10,19,Pematangan,32.4,56.2,7.34,493,0,0,88.3,2
1/19/2024 0:15,19,Pematangan,32.5,56.5,7.33,718,0,0,88.1,2
1/19/2024 0:20,19,Pematangan,32.2,56.5,7.28,508,0,0,88.2,2
1/19/2024 0:25,19,Pematangan,32.1,56.7,7.26,561,0,0,88.4,2
1/19/2024 0:30,19,Pematangan,31.9,56.6,7.25,463,0,0,88.3,2
1/19/2024 0:35,19,Pematangan,31.9,57.1,7.31,608,0,0,87.8,2
1/19/2024 0:40,19,Pematangan,31.8,56.4,7.27,618,0,0,88.4,2
1/19/2024 0:45,19,Pematangan,31.9,56.3,7.31,410,0,0,88.6,2
1/19/2024 0:50,19,Pematangan,31.6,56.3,7.31,579,0,0,88.2,2
1/19/2024 0:55,19,Pematangan,31.5,57,7.25,442,0,0,88.2,2
1/19/2024 1:00,19,Pematangan,31.4,57,7.27,685,0,0,88.5,2
1/19/2024 1:05,19,Pematangan,31.7,57.2,7.3,478,0,0,88.2,2
1/19/2024 1:10,19,Pematangan,31.4,56.4,7.31,533,0,0,88,2
1/19/2024 1:15,19,Pematangan,31.4,56.8,7.33,428,0,0,88.2,2
1/19/2024 1:20,19,Pematangan,31.3,56.3,7.3,567,0,0,88.4,2
1/19/2024 1:25,19,Pematangan,31.3,56.4,7.36,621,0,0,88.5,2
1/19/2024 1:30,19,Pematangan,31.4,56.7,7.34,558,0,0,88.3,2
1/19/2024 1:35,19,Pematangan,31.3,57.1,7.35,600,0,0,88.5,2
1/19/2024 1:40,19,Pematangan,31.2,57,7.34,533,0,0,88.7,2
1/19/2024 1:45,19,Pematangan,31.1,56.9,7.35,610,0,0,88.6,2
1/19/2024 1:50,19,Pematangan,31,57.1,7.32,560,0,0,88.7,2
1/19/2024 1:55,19,Pematangan,31.4,56.3,7.28,764,0,0,88.5,2
1/19/2024 2:00,19,Pematangan,31.1,56.7,7.34,757,0,0,88.2,2
1/19/2024 2:05,19,Pematangan,30.9,56.6,7.33,645,0,0,88.9,2
1/19/2024 2:10,19,Pematangan,31,57.5,7.29,479,0,0,88.9,2
1/19/2024 2:15,19,Pematangan,30.8,56.3,7.3,566,0,0,88.3,2
1/19/2024 2:20,19,Pematangan,30.6,56.6,7.27,595,0,0,87.9,2
1/19/2024 2:25,19,Pematangan,30.7,56.9,7.3,631,0,0,88.1,2
1/19/2024 2:30,19,Pematangan,30.6,56.6,7.33,560,0,0,89.2,2
1/19/2024 2:35,19,Pematangan,30.5,56.3,7.36,428,0,0,88.7,2
1/19/2024 2:40,19,Pematangan,30.5,56.1,7.29,613,0,0,88.2,2
1/19/2024 2:45,19,Pematangan,30.7,56.9,7.27,522,0,0,89,2
1/19/2024 2:50,19,Pematangan,30.6,56.6,7.32,485,0,0,88.9,2
1/19/2024 2:55,19,Pematangan,30.7,56.8,7.31,459,0,0,88.2,2
1/19/2024 3:00,19,Pematangan,30.4,56.7,7.34,612,0,0,88.7,2
1/19/2024 3:05,19,Pematangan,30.6,56.4,7.34,475,0,0,89,2
1/19/2024 3:10,19,Pematangan,30.4,56.1,7.33,602,0,0,88.5,2
1/19/2024 3:15,19,Pematangan,30.4,56.7,7.25,348,0,0,89.1,2
1/19/2024 3:20,19,Pematangan,30.3,57.3,7.35,662,0,0,88.5,2
1/19/2024 3:25,19,Pematangan,30.1,56.4,7.29,346,0,0,88.6,2
1/19/2024 3:30,19,Pematangan,30.3,56.3,7.28,518,0,0,88.8,2
1/19/2024 3:35,19,Pematangan,30.2,56.8,7.31,539,0,0,88.6,2
1/19/2024 3:40,19,Pematangan,30.1,57.2,7.33,615,0,0,88.7,2
1/19/2024 3:45,19,Pematangan,30.3,56.8,7.25,445,0,0,88.5,2
1/19/2024 3:50,19,Pematangan,30.2,56.4,7.32,540,0,0,89.2,2
1/19/2024 3:55,19,Pematangan,30.7,56.3,7.31,545,0,0,88.8,2
1/19/2024 4:00,19,Pematangan,30.2,56.4,7.32,457,0,0,88.9,2
1/19/2024 4:05,19,Pematangan,30.3,56.7,7.28,545,0,0,88.6,2
1/19/2024 4:10,19,Pematangan,30.3,57.1,7.32,558,0,0,89.1,2
1/19/2024 4:15,19,Pematangan,30.1,57.2,7.28,602,0,0,89.1,2
1/19/2024 4:20,19,Pematangan,30.2,56.9,7.32,683,0,0,89,2
1/19/2024 4:25,19,Pematangan,30.3,56.5,7.26,506,0,0,88.8,2
1/19/2024 4:30,19,Pematangan,30.3,56.2,7.3,577,0,0,89.1,2
1/19/2024 4:35,19,Pematangan,30,56.8,7.3,516,0,0,88.2,2
1/19/2024 4:40,19,Pematangan,30.5,56.6,7.26,561,0,0,89.1,2
1/19/2024 4:45,19,Pematangan,30.5,56.5,7.31,479,0,0,89.2,2
1/19/2024 4:50,19,Pematangan,30.2,56.3,7.31,432,0,0,89.5,2
1/19/2024 4:55,19,Pematangan,30.6,56.4,7.27,557,0,0,88.9,2
1/19/2024 5:00,19,Pematangan,30.6,56.3,7.33,539,0,0,88.8,2
1/19/2024 5:05,19,Pematangan,30.4,56.8,7.31,538,0,0,88.8,2
1/19/2024 5:10,19,Pematangan,30.6,56.8,7.3,520,0,0,89.5,2
1/19/2024 5:15,19,Pematangan,30.3,56.7,7.29,673,0,0,89.1,2
1/19/2024 5:20,19,Pematangan,30.7,56.3,7.27,512,0,0,89.2,2
1/19/2024 5:25,19,Pematangan,30.4,56.7,7.3,364,0,0,89.3,2
1/19/2024 5:30,19,Pematangan,30.4,56.4,7.36,672,0,0,89,2
1/19/2024 5:35,19,Pematangan,30.6,56.3,7.3,482,0,0,88.6,2
1/19/2024 5:40,19,Pematangan,30.6,56.5,7.29,618,0,0,89,2
1/19/2024 5:45,19,Pematangan,30.5,56.6,7.27,603,0,0,89.1,2
1/19/2024 5:50,19,Pematangan,30.8,56.8,7.33,466,0,0,88.8,2
1/19/2024 5:55,19,Pematangan,30.5,56.7,7.31,483,0,0,89.2,2
1/19/2024 6:00,19,Pematangan,30.9,56.6,7.33,582,0,0,89.3,2
1/19/2024 6:05,19,Pematangan,30.8,56.4,7.31,592,0,0,89.4,2
1/19/2024 6:10,19,Pematangan,30.7,56.5,7.32,581,0,0,89.3,2
1/19/2024 6:15,19,Pematangan,31,56.3,7.33,495,0,0,89.2,2
1/19/2024 6:20,19,Pematangan,31,56.2,7.38,577,0,0,89.3,2
1/19/2024 6:25,19,Pematangan,31.1,56.1,7.34,604,0,0,89.7,2
1/19/2024 6:30,19,Pematangan,30.9,55.9,7.3,510,0,0,89.9,2
1/19/2024 6:35,19,Pematangan,31.4,56.3,7.31,505,0,0,89.6,2
1/19/2024 6:40,19,Pematangan,31.4,56.7,7.35,623,0,0,89.6,2
1/19/2024 6:45,19,Pematangan,31.1,56,7.31,568,0,0,89,2
1/19/2024 6:50,19,Pematangan,31.2,55.9,7.34,490,0,0,89.5,2
1/19/2024 6:55,19,Pematangan,31.1,56.6,7.26,573,0,0,89.1,2
1/19/2024 7:00,19,Pematangan,31.2,56.2,7.32,553,0,0,89.5,2
1/19/2024 7:05,19,Pematangan,31.3,56.1,7.32,551,0,0,89.5,2
1/19/2024 7:10,19,Pematangan,31.5,56.1,7.32,505,0,0,89.2,2
1/19/2024 7:15,19,Pematangan,31.5,56.4,7.33,471,0,0,89.8,2
1/19/2024 7:20,19,Pematangan,31.5,56.2,7.3,565,0,0,89.4,2
1/19/2024 7:25,19,Pematangan,31.5,55.5,7.33,567,0,0,89.7,2
1/19/2024 7:30,19,Pematangan,31.7,55.8,7.34,617,0,0,89.3,2
1/19/2024 7:35,19,Pematangan,31.8,56.2,7.3,515,0,0,89.7,2
1/19/2024 7:40,19,Pematangan,31.6,55.6,7.29,395,0,0,89.9,2
1/19/2024 7:45,19,Pematangan,31.6,56,7.34,516,0,0,89.4,2
1/19/2024 7:50,19,Pematangan,31.9,55.9,7.35,330,0,0,89.4,2
1/19/2024 7:55,19,Pematangan,32.1,55.9,7.34,562,0,0,89.6,2
1/19/2024 8:00,19,Pematangan,32,56.5,7.36,581,0,0,89.7,2
1/19/2024 8:05,19,Pematangan,32.2,56.1,7.33,482,0,0,90.2,2
1/19/2024 8:10,19,Pematangan,32.3,56.4,7.32,523,0,0,90.1,2
1/19/2024 8:15,19,Pematangan,32.3,55.8,7.28,596,0,0,89.6,2
1/19/2024 8:20,19,Pematangan,32.3,55.6,7.33,421,0,0,89.7,2
1/19/2024 8:25,19,Pematangan,32.6,55.3,7.32,494,0,0,89.6,2
1/19/2024 8:30,19,Pematangan,32.8,55.2,7.34,507,0,0,89.6,2
1/19/2024 8:35,19,Pematangan,32.4,55.9,7.31,520,0,0,89.8,2
1/19/2024 8:40,19,Pematangan,32.7,55,7.3,618,0,0,89.4,2
1/19/2024 8:45,19,Pematangan,32.6,55.5,7.3,545,0,0,89.5,2
1/19/2024 8:50,19,Pematangan,32.8,55.6,7.34,647,0,0,89.8,2
1/19/2024 8:55,19,Pematangan,33.2,55.5,7.34,703,0,0,89.9,2
1/19/2024 9:00,19,Pematangan,32.8,55.5,7.3,527,0,0,90.5,2
1/19/2024 9:05,19,Pematangan,32.9,55.6,7.29,525,0,0,90.1,2
1/19/2024 9:10,19,Pematangan,33.2,55.4,7.3,576,0,0,90.4,2
1/19/2024 9:15,19,Pematangan,33.1,56,7.36,661,0,0,90,2
1/19/2024 9:20,19,Pematangan,33.5,55.1,7.3,613,0,0,90,2
1/19/2024 9:25,19,Pematangan,33.4,54.6,7.31,459,0,0,90.1,2
1/19/2024 9:30,19,Pematangan,33.5,55.2,7.4,636,0,0,90.3,2
1/19/2024 9:35,19,Pematangan,33.9,55.6,7.3,483,0,0,90.3,2
1/19/2024 9:40,19,Pematangan,33.3,55.3,7.26,563,0,0,90.3,2
1/19/2024 9:45,19,Pematangan,33.6,55.5,7.38,544,0,0,90.9,2
1/19/2024 9:50,19,Pematangan,33.8,55.5,7.3,686,0,0,90.4,2
1/19/2024 9:55,19,Pematangan,34.1,55.2,7.28,594,0,0,89.6,2
1/19/2024 10:00,19,Pematangan,33.9,55.2,7.39,583,0,0,90.1,2
1/19/2024 10:05,19,Pematangan,34.1,54.7,7.32,567,0,0,89.8,2
1/19/2024 10:10,19,Pematangan,34,55,7.32,523,0,0,89.8,2
1/19/2024 10:15,19,Pematangan,34.3,55.2,7.32,515,0,0,90.3,2
1/19/2024 10:20,19,Pematangan,34.3,54.7,7.35,589,0,0,90.1,2
1/19/2024 10:25,19,Pematangan,34.2,54.8,7.38,441,0,0,90.1,2
1/19/2024 10:30,19,Pematangan,34.5,55.1,7.28,576,0,0,89.7,2
1/19/2024 10:35,19,Pematangan,34.6,54.8,7.3,630,0,0,90.1,2
1/19/2024 10:40,19,Pematangan,34.7,55.1,7.36,467,0,0,90.5,2
1/19/2024 10:45,19,Pematangan,34.7,54.8,7.29,613,0,0,90,2
1/19/2024 10:50,19,Pematangan,34.9,55.5,7.35,676,0,0,90,2
1/19/2024 10:55,19,Pematangan,35,54.5,7.32,705,0,0,90.1,2
1/19/2024 11:00,19,Pematangan,35.1,55.1,7.36,465,0,0,90.4,2
1/19/2024 11:05,19,Pematangan,35,55.1,7.27,597,0,0,90.4,2
1/19/2024 11:10,19,Pematangan,34.8,54.5,7.27,510,0,0,90.5,2
1/19/2024 11:15,19,Pematangan,35.1,54.8,7.29,658,0,0,90.3,2
1/19/2024 11:20,19,Pematangan,35.3,55,7.29,588,0,0,90.5,2
1/19/2024 11:25,19,Pematangan,35.3,54.9,7.34,562,0,0,90.3,2
1/19/2024 11:30,19,Pematangan,35.5,54.9,7.33,660,0,0,90.6,2
1/19/2024 11:35,19,Pematangan,35.2,54.2,7.36,552,0,0,90.5,2
1/19/2024 11:40,19,Pematangan,35.7,54.6,7.33,503,0,0,90.5,2
1/19/2024 11:45,19,Pematangan,35.7,54.4,7.3,783,0,0,90.4,2
1/19/2024 11:50,19,Pematangan,35.6,54.8,7.32,486,0,0,90.6,2
1/19/2024 11:55,19,Pematangan,35.7,55,7.34,552,0,0,90.5,2
1/19/2024 12:00,19,Pematangan,36,54.6,7.39,665,0,0,90.6,2
1/19/2024 12:05,19,Pematangan,35.8,54.4,7.34,509,0,0,90.9,2
1/19/2024 12:10,19,Pematangan,35.9,54.3,7.31,635,0,0,90.3,2
1/19/2024 12:15,19,Pematangan,35.8,54.8,7.31,491,0,0,90.3,2
1/19/2024 12:20,19,Pematangan,36.4,54.2,7.32,541,0,0,90.2,2
1/19/2024 12:25,19,Pematangan,36.1,54,7.35,585,0,0,91.3,2
1/19/2024 12:30,19,Pematangan,36.2,54.1,7.37,662,0,0,90.7,2
1/19/2024 12:35,19,Pematangan,36.2,54.8,7.32,544,0,0,91,2
1/19/2024 12:40,19,Pematangan,36.4,54,7.33,516,0,0,89.7,2
1/19/2024 12:45,19,Pematangan,36.3,54.1,7.29,625,0,0,90.4,2
1/19/2024 12:50,19,Pematangan,36.6,53.9,7.35,478,0,0,90,2
1/19/2024 12:55,19,Pematangan,36.8,54,7.38,625,0,0,90.9,2
1/19/2024 13:00,19,Pematangan,36.8,54.2,7.33,683,0,0,90.7,2
1/19/2024 13:05,19,Pematangan,36.6,54.4,7.26,687,0,0,91.1,2
1/19/2024 13:10,19,Pematangan,36.9,54.5,7.32,573,0,0,90.4,2
1/19/2024 13:15,19,Pematangan,37.1,54,7.34,602,0,0,90.4,2
1/19/2024 13:20,19,Pematangan,36.6,54.1,7.31,575,0,0,91.1,2
1/19/2024 13:25,19,Pematangan,36.9,54.3,7.34,557,0,0,90.5,2
1/19/2024 13:30,19,Pematangan,37,54.1,7.36,571,0,0,90.7,2
1/19/2024 13:35,19,Pematangan,37,53.8,7.37,674,0,0,90.5,2
1/19/2024 13:40,19,Pematangan,37.2,53.5,7.36,528,0,0,91,2
1/19/2024 13:45,19,Pematangan,36.8,53.7,7.34,528,0,0,90.6,2
1/19/2024 13:50,19,Pematangan,37.3,54.7,7.36,497,0,0,91.4,2
1/19/2024 13:55,19,Pematangan,37,53.9,7.33,738,0,0,91.2,2
1/19/2024 14:00,19,Pematangan,37.2,53.7,7.36,542,0,0,91,2
1/19/2024 14:05,19,Pematangan,37.1,54.1,7.34,485,0,0,91.2,2
1/19/2024 14:10,19,Pematangan,37.4,54.2,7.32,599,0,0,91,2
1/19/2024 14:15,19,Pematangan,37.3,54,7.37,671,0,0,90.6,2
1/19/2024 14:20,19,Pematangan,37.5,54.3,7.33,626,0,0,91.1,2
1/19/2024 14:25,19,Pematangan,37.3,53.8,7.35,546,0,0,91.3,2
1/19/2024 14:30,19,Pematangan,37.6,54.2,7.39,578,0,0,91.1,2
1/19/2024 14:35,19,Pematangan,37.5,53.8,7.35,448,0,0,91.1,2
1/19/2024 14:40,19,Pematangan,37.3,53.5,7.35,569,0,0,91.3,2
1/19/2024 14:45,19,Pematangan,37.5,54.2,7.32,429,0,0,91.1,2
1/19/2024 14:50,19,Pematangan,37.2,53.4,7.3,505,0,0,90.9,2
1/19/2024 14:55,19,Pematangan,37.3,53.4,7.38,531,0,0,90.4,2
1/19/2024 15:00,19,Pematangan,37.5,53.4,7.3,642,0,0,91,2
1/19/2024 15:05,19,Pematangan,37.4,53.9,7.37,628,0,0,90.4,2
1/19/2024 15:10,19,Pematangan,37.4,53.8,7.32,559,0,0,90.9,2
1/19/2024 15:15,19,Pematangan,37.4,54.4,7.33,636,0,0,91.2,2
1/19/2024 15:20,19,Pematangan,37.6,53.7,7.3,464,0,0,91.3,2
1/19/2024 15:25,19,Pematangan,37.7,54,7.35,520,0,0,91.6,2
1/19/2024 15:30,19,Pematangan,37.8,53.9,7.4,748,0,0,91.4,2
1/19/2024 15:35,19,Pematangan,37.7,54,7.31,539,0,0,91.4,2
1/19/2024 15:40,19,Pematangan,37.5,53.9,7.34,516,0,0,91.3,2
1/19/2024 15:45,19,Pematangan,37.9,53.7,7.34,610,0,0,91.4,2
1/19/2024 15:50,19,Pematangan,37.6,53.8,7.3,520,0,0,91.1,2
1/19/2024 15:55,19,Pematangan,37.7,53.7,7.33,638,0,0,91.4,2
1/19/2024 16:00,19,Pematangan,37.6,53.4,7.31,465,0,0,91.4,2
1/19/2024 16:05,19,Pematangan,37.5,53.5,7.33,666,0,0,91.6,2
1/19/2024 16:10,19,Pematangan,37.6,54,7.27,732,0,0,91.6,2
1/19/2024 16:15,19,Pematangan,37.7,53.4,7.32,630,0,0,91.6,2
1/19/2024 16:20,19,Pematangan,37.7,53.4,7.31,597,0,0,91.6,2
1/19/2024 16:25,19,Pematangan,37.6,54.1,7.34,581,0,0,91.6,2
1/19/2024 16:30,19,Pematangan,37.8,53.2,7.3,555,0,0,92.4,2
1/19/2024 16:35,19,Pematangan,37.6,53.6,7.35,658,0,0,91.5,2
1/19/2024 16:40,19,Pematangan,37.7,53.3,7.31,672,0,0,91.5,2
1/19/2024 16:45,19,Pematangan,37.4,53.2,7.31,579,0,0,91.6,2
1/19/2024 16:50,19,Pematangan,37.5,53.7,7.32,676,0,0,92.3,2
1/19/2024 16:55,19,Pematangan,37.4,53.8,7.35,589,0,0,91.7,2
1/19/2024 17:00,19,Pematangan,37.6,53.5,7.37,593,0,0,91.4,2
1/19/2024 17:05,19,Pematangan,37.8,53.6,7.34,590,0,0,91.5,2
1/19/2024 17:10,19,Pematangan,37.6,53.4,7.35,435,0,0,91.2,2
1/19/2024 17:15,19,Pematangan,37.7,53.2,7.28,476,0,0,92.1,2
1/19/2024 17:20,19,Pematangan,37.1,53.3,7.29,552,0,0,91.5,2
1/19/2024 17:25,19,Pematangan,37.2,54.2,7.3,565,0,0,91.7,2
1/19/2024 17:30,19,Pematangan,37.1,53.8,7.32,603,0,0,91.6,2
1/19/2024 17:35,19,Pematangan,36.9,54,7.4,558,0,0,91.4,2
1/19/2024 17:40,19,Pematangan,37.4,54.2,7.33,554,0,0,91.7,2
1/19/2024 17:45,19,Pematangan,36.9,53.5,7.39,557,0,0,91.4,2
1/19/2024 17:50,19,Pematangan,37.2,53.4,7.34,468,0,0,91.4,2
1/19/2024 17:55,19,Pematangan,37.2,53.7,7.31,578,0,0,91.6,2
1/19/2024 18:00,19,Pematangan,36.9,54,7.36,566,0,0,91.8,2
1/19/2024 18:05,19,Pematangan,37,53.8,7.31,636,0,0,91.9,2
1/19/2024 18:10,19,Pematangan,36.9,53.5,7.36,554,0,0,91.6,2
1/19/2024 18:15,19,Pematangan,36.8,53.9,7.29,537,0,0,92.1,2
1/19/2024 18:20,19,Pematangan,36.8,53.7,7.37,635,0,0,91.7,2
1/19/2024 18:25,19,Pematangan,36.7,53.9,7.37,556,0,0,91.8,2
1/19/2024 18:30,19,Pematangan,36.8,54.1,7.37,618,0,0,91.5,2
1/19/2024 18:35,19,Pematangan,36.6,53.6,7.38,542,0,0,92.2,2
1/19/2024 18:40,19,Pematangan,36.5,53.5,7.35,685,0,0,91.8,2
1/19/2024 18:45,19,Pematangan,36.1,53.2,7.35,441,0,0,91.6,2
1/19/2024 18:50,19,Pematangan,36.4,53,7.33,465,0,0,91.5,2
1/19/2024 18:55,19,Pematangan,36.3,53.4,7.35,653,0,0,91.8,2
1/19/2024 19:00,19,Pematangan,36.2,53.6,7.31,453,0,0,91.5,2
1/19/2024 19:05,19,Pematangan,36.1,54.2,7.32,319,0,0,91.8,2
1/19/2024 19:10,19,Pematangan,36,53.7,7.34,558,0,0,92,2
1/19/2024 19:15,19,Pematangan,36.1,53.3,7.34,634,0,0,92.6,2
1/19/2024 19:20,19,Pematangan,36,53.7,7.36,671,0,0,91.9,2
1/19/2024 19:25,19,Pematangan,36.1,53.5,7.35,628,0,0,91.7,2
1/19/2024 19:30,19,Pematangan,35.8,54.1,7.36,632,0,0,92.3,2
1/19/2024 19:35,19,Pematangan,35.8,54.4,7.34,303,0,0,92,2
1/19/2024 19:40,19,Pematangan,35.7,54,7.33,634,0,0,92.3,2
1/19/2024 19:45,19,Pematangan,35.5,53.8,7.32,560,0,0,91.9,2
1/19/2024 19:50,19,Pematangan,35.6,53.7,7.34,708,0,0,92,2
1/19/2024 19:55,19,Pematangan,35.2,54.1,7.37,384,0,0,91.9,2
1/19/2024 20:00,19,Pematangan,35.5,54,7.34,543,0,0,91.9,2
1/19/2024 20:05,19,Pematangan,35,54.5,7.31,554,0,0,92.1,2
1/19/2024 20:10,19,Pematangan,35.4,53.9,7.35,328,0,0,92,2
1/19/2024 20:15,19,Pematangan,35.3,54.1,7.31,411,0,0,92.3,2
1/19/2024 20:20,19,Pematangan,34.7,53.5,7.4,652,0,0,92.4,2
1/19/2024 20:25,19,Pematangan,35,53.3,7.32,511,0,0,92,2
1/19/2024 20:30,19,Pematangan,34.9,54.3,7.33,506,0,0,92.5,2
1/19/2024 20:35,19,Pematangan,34.7,53.7,7.32,536,0,0,92.2,2
1/19/2024 20:40,19,Pematangan,34.7,53.7,7.31,579,0,0,92.2,2
1/19/2024 20:45,19,Pematangan,34.8,53.6,7.32,511,0,0,92.3,2
1/19/2024 20:50,19,Pematangan,34.7,53.8,7.37,558,0,0,92.3,2
1/19/2024 20:55,19,Pematangan,34.4,54.2,7.32,525,0,0,92.3,2
1/19/2024 21:00,19,Pematangan,34.4,53.9,7.32,396,0,0,92.8,2
1/19/2024 21:05,19,Pematangan,34.3,54,7.34,611,0,0,93,2
1/19/2024 21:10,19,Pematangan,34.3,54,7.31,407,0,0,91.9,2
1/19/2024 21:15,19,Pematangan,34.1,53.4,7.38,555,0,0,92.4,2
1/19/2024 21:20,19,Pematangan,34.2,53.7,7.32,365,0,0,92.7,2
1/19/2024 21:25,19,Pematangan,33.9,54.1,7.37,628,0,0,92.5,2
1/19/2024 21:30,19,Pematangan,34,53.8,7.4,503,0,0,92.5,2
1/19/2024 21:35,19,Pematangan,33.8,54.5,7.35,576,0,0,92.6,2
1/19/2024 21:40,19,Pematangan,33.7,54.4,7.36,437,0,0,92.2,2
1/19/2024 21:45,19,Pematangan,33.7,54.4,7.39,370,0,0,92.5,2
1/19/2024 21:50,19,Pematangan,33.6,54.2,7.38,563,0,0,92.3,2
1/19/2024 21:55,19,Pematangan,33.3,54.2,7.38,521,0,0,92.1,2
1/19/2024 22:00,19,Pematangan,33.2,54.4,7.34,517,0,0,92.9,2
1/19/2024 22:05,19,Pematangan,33.1,54.1,7.33,535,0,0,92.8,2
1/19/2024 22:10,19,Pematangan,32.9,54.2,7.37,357,0,0,92.6,2
1/19/2024 22:15,19,Pematangan,32.9,54,7.27,615,0,0,92.5,2
1/19/2024 22:20,19,Pematangan,32.9,54.3,7.32,411,0,0,93.1,2
1/19/2024 22:25,19,Pematangan,33.2,54.1,7.38,529,0,0,92.2,2
1/19/2024 22:30,19,Pematangan,32.8,54.7,7.3,682,0,0,92.5,2
1/19/2024 22:35,19,Pematangan,33,54.2,7.37,609,0,0,93.1,2
1/19/2024 22:40,19,Pematangan,32.6,54,7.34,392,0,0,92.8,2
1/19/2024 22:45,19,Pematangan,32.4,54.6,7.33,356,0,0,93.2,2
1/19/2024 22:50,19,Pematangan,32.5,54.3,7.38,563,0,0,92.5,2
1/19/2024 22:55,19,Pematangan,32.3,54,7.3,538,0,0,92.9,2
1/19/2024 23:00,19,Pematangan,32.4,54.7,7.37,560,0,0,92.2,2
1/19/2024 23:05,19,Pematangan,32.1,54.6,7.31,497,0,0,93,2
1/19/2024 23:10,19,Pematangan,32.2,54.5,7.37,502,0,0,92.4,2
1/19/2024 23:15,19,Pematangan,32.1,54.5,7.3,597,0,0,93,2
1/19/2024 23:20,19,Pematangan,31.7,54.2,7.33,440,0,0,92.9,2
1/19/2024 23:25,19,Pematangan,31.7,54.7,7.38,533,0,0,92.9,2
1/19/2024 23:30,19,Pematangan,31.9,54.3,7.33,578,0,0,93,2
1/19/2024 23:35,19,Pematangan,31.6,54.3,7.33,643,0,0,92.9,2
1/19/2024 23:40,19,Pematangan,31.6,54.7,7.31,567,0,0,92.7,2
1/19/2024 23:45,19,Pematangan,31.8,54.4,7.38,300,0,0,92.6,2
1/19/2024 23:50,19,Pematangan,31.5,53.9,7.37,502,0,0,92.7,2
1/19/2024 23:55,19,Pematangan,31.3,54.7,7.29,374,0,0,92.9,2
1/20/2024 0:00,20,Pematangan,31.3,54.5,7.38,513,0,0,93.2,1
1/20/2024 0:05,20,Pematangan,31,54.6,7.34,590,0,0,93.1,1
1/20/2024 0:10,20,Pematangan,31,54.8,7.37,406,0,0,92.9,1
1/20/2024 0:15,20,Pematangan,31,54.9,7.36,529,0,0,92.9,1
1/20/2024 0:20,20,Pematangan,31,54.9,7.34,479,0,0,92.7,1
1/20/2024 0:25,20,Pematangan,30.7,54.5,7.32,574,0,0,92.8,1
1/20/2024 0:30,20,Pematangan,30.9,54.6,7.35,586,0,0,92.4,1
1/20/2024 0:35,20,Pematangan,30.7,54.3,7.29,370,0,0,93.1,1
1/20/2024 0:40,20,Pematangan,30.5,54.9,7.34,439,0,0,93,1
1/20/2024 0:45,20,Pematangan,30.6,54.5,7.33,543,0,0,93,1
1/20/2024 0:50,20,Pematangan,30.4,54.7,7.36,391,0,0,93.4,1
1/20/2024 0:55,20,Pematangan,30.5,54.7,7.34,429,0,0,93.1,1
1/20/2024 1:00,20,Pematangan,30.2,54.6,7.38,530,0,0,93.1,1
1/20/2024 1:05,20,Pematangan,30.5,55.2,7.34,514,0,0,92.5,1
1/20/2024 1:10,20,Pematangan,30.1,54.7,7.32,621,0,0,93.4,1
1/20/2024 1:15,20,Pematangan,30.3,54.6,7.32,415,0,0,93.3,1
1/20/2024 1:20,20,Pematangan,30,54.9,7.37,456,0,0,92.7,1
1/20/2024 1:25,20,Pematangan,30.3,54.6,7.43,507,0,0,93.2,1
1/20/2024 1:30,20,Pematangan,30.1,54.1,7.38,659,0,0,92.7,1
1/20/2024 1:35,20,Pematangan,29.9,54.6,7.38,621,0,0,93.4,1
1/20/2024 1:40,20,Pematangan,30.2,54.7,7.37,478,0,0,93.7,1
1/20/2024 1:45,20,Pematangan,29.8,54.9,7.32,428,0,0,93.2,1
1/20/2024 1:50,20,Pematangan,29.8,54.6,7.39,379,0,0,92.9,1
1/20/2024 1:55,20,Pematangan,29.5,55,7.32,481,0,0,93.3,1
1/20/2024 2:00,20,Pematangan,29.8,54.6,7.44,600,0,0,93.3,1
1/20/2024 2:05,20,Pematangan,29.6,55.6,7.32,443,0,0,93.4,1
1/20/2024 2:10,20,Pematangan,29.6,54.2,7.37,368,0,0,93.9,1
1/20/2024 2:15,20,Pematangan,29.3,54.7,7.29,300,0,0,93.2,1
1/20/2024 2:20,20,Pematangan,29.4,55.2,7.35,548,0,0,93.4,1
1/20/2024 2:25,20,Pematangan,29.6,54.5,7.33,300,0,0,93.6,1
1/20/2024 2:30,20,Pematangan,29.5,54.9,7.36,605,0,0,93.6,1
1/20/2024 2:35,20,Pematangan,29.5,54.6,7.33,500,0,0,93.5,1
1/20/2024 2:40,20,Pematangan,29.5,54.8,7.33,527,0,0,93.3,1
1/20/2024 2:45,20,Pematangan,29.4,55.1,7.34,533,0,0,93.7,1
1/20/2024 2:50,20,Pematangan,29.4,54.5,7.36,327,0,0,94.1,1
1/20/2024 2:55,20,Pematangan,29,54.6,7.33,493,0,0,94.2,1
1/20/2024 3:00,20,Pematangan,29.3,55.6,7.31,335,0,0,93.4,1
1/20/2024 3:05,20,Pematangan,29.2,54.4,7.33,488,0,0,93.3,1
1/20/2024 3:10,20,Pematangan,29,54.6,7.35,518,0,0,93.4,1
1/20/2024 3:15,20,Pematangan,29,54.9,7.38,551,0,0,93.8,1
1/20/2024 3:20,20,Pematangan,29.2,54.9,7.35,414,0,0,93.2,1
1/20/2024 3:25,20,Pematangan,29.3,54.8,7.38,300,0,0,93.7,1
1/20/2024 3:30,20,Pematangan,29,55.2,7.38,454,0,0,93.6,1
1/20/2024 3:35,20,Pematangan,29.1,54.4,7.35,389,0,0,94.4,1
1/20/2024 3:40,20,Pematangan,29.3,55,7.31,504,0,0,93.8,1
1/20/2024 3:45,20,Pematangan,29.2,54.8,7.36,453,0,0,93.2,1
1/20/2024 3:50,20,Pematangan,28.9,54.8,7.39,390,0,0,93.8,1
1/20/2024 3:55,20,Pematangan,28.8,55.1,7.39,485,0,0,93.9,1
1/20/2024 4:00,20,Pematangan,29.3,54.4,7.33,518,0,0,94.1,1
1/20/2024 4:05,20,Pematangan,28.9,54.5,7.41,465,0,0,94.1,1
1/20/2024 4:10,20,Pematangan,28.9,54.8,7.32,300,0,0,94.1,1
1/20/2024 4:15,20,Pematangan,29.3,54.6,7.34,569,0,0,93.8,1
1/20/2024 4:20,20,Pematangan,29,55.1,7.35,379,0,0,94.1,1
1/20/2024 4:25,20,Pematangan,28.9,54.6,7.32,446,0,0,93.9,1
1/20/2024 4:30,20,Pematangan,29.2,54.9,7.38,463,0,0,93.9,1
1/20/2024 4:35,20,Pematangan,29.1,54.3,7.29,524,0,0,94.2,1
1/20/2024 4:40,20,Pematangan,29,54.9,7.34,374,0,0,93.7,1
1/20/2024 4:45,20,Pematangan,29.2,54.1,7.34,454,0,0,93.6,1
1/20/2024 4:50,20,Pematangan,29,53.9,7.38,376,0,0,93.7,1
1/20/2024 4:55,20,Pematangan,28.9,54.4,7.31,586,0,0,93.3,1
1/20/2024 5:00,20,Pematangan,29.1,54.6,7.34,447,0,0,93.8,1
1/20/2024 5:05,20,Pematangan,29.4,54.2,7.29,326,0,0,94.2,1
1/20/2024 5:10,20,Pematangan,29.1,54.7,7.38,379,0,0,93.9,1
1/20/2024 5:15,20,Pematangan,29.1,55.1,7.38,582,0,0,94.3,1
1/20/2024 5:20,20,Pematangan,29.2,54.2,7.37,425,0,0,94.1,1
1/20/2024 5:25,20,Pematangan,29.2,53.9,7.4,426,0,0,93.7,1
1/20/2024 5:30,20,Pematangan,29.3,54.2,7.38,501,0,0,94.5,1
1/20/2024 5:35,20,Pematangan,29.3,54.3,7.34,373,0,0,94.2,1
1/20/2024 5:40,20,Pematangan,29.3,54.2,7.33,422,0,0,94.1,1
1/20/2024 5:45,20,Pematangan,29.2,54.7,7.42,508,0,0,94,1
1/20/2024 5:50,20,Pematangan,29.4,54.9,7.33,493,0,0,93.8,1
1/20/2024 5:55,20,Pematangan,29.7,54.3,7.43,569,0,0,94.2,1
1/20/2024 6:00,20,Pematangan,29.4,54.4,7.36,399,0,0,93.8,1
1/20/2024 6:05,20,Pematangan,29.4,54,7.38,511,0,0,94.5,1
1/20/2024 6:10,20,Pematangan,29.6,54.1,7.37,495,0,0,94.1,1
1/20/2024 6:15,20,Pematangan,29.6,54.3,7.41,500,0,0,94.5,1
1/20/2024 6:20,20,Pematangan,29.4,54.3,7.36,419,0,0,93.9,1
1/20/2024 6:25,20,Pematangan,29.5,54.3,7.4,385,0,0,94.2,1
1/20/2024 6:30,20,Pematangan,30,54.2,7.36,424,0,0,94,1
1/20/2024 6:35,20,Pematangan,29.9,54,7.36,469,0,0,95,1
1/20/2024 6:40,20,Pematangan,29.6,54.5,7.39,382,0,0,94.6,1
1/20/2024 6:45,20,Pematangan,30.1,54,7.37,466,0,0,94.6,1
1/20/2024 6:50,20,Pematangan,30.1,54.2,7.38,361,0,0,94.5,1
1/20/2024 6:55,20,Pematangan,29.9,53.8,7.35,456,0,0,94.6,1
1/20/2024 7:00,20,Pematangan,29.9,53.8,7.39,476,0,0,94.7,1
1/20/2024 7:05,20,Pematangan,30.3,54.3,7.35,445,0,0,95,1
1/20/2024 7:10,20,Pematangan,30.6,54.2,7.38,494,0,0,94.5,1
1/20/2024 7:15,20,Pematangan,30.5,54.4,7.38,411,0,0,94.1,1
1/20/2024 7:20,20,Pematangan,30.4,54.1,7.34,346,0,0,94.7,1
1/20/2024 7:25,20,Pematangan,30.1,54.1,7.39,481,0,0,94.4,1
1/20/2024 7:30,20,Pematangan,30.2,54.2,7.4,392,0,0,94.7,1
1/20/2024 7:35,20,Pematangan,30.7,54.1,7.35,522,0,0,94.4,1
1/20/2024 7:40,20,Pematangan,30.4,54.2,7.35,414,0,0,94.4,1
1/20/2024 7:45,20,Pematangan,30.6,54.3,7.42,583,0,0,94.9,1
1/20/2024 7:50,20,Pematangan,30.8,53.5,7.36,613,0,0,94.5,1
1/20/2024 7:55,20,Pematangan,31,53.9,7.29,492,0,0,95,1
1/20/2024 8:00,20,Pematangan,30.8,54.2,7.32,330,0,0,94.7,1
1/20/2024 8:05,20,Pematangan,31,54.2,7.39,346,0,0,94.7,1
1/20/2024 8:10,20,Pematangan,31.1,53.2,7.37,416,0,0,94.5,1
1/20/2024 8:15,20,Pematangan,31.1,53.4,7.38,488,0,0,95,1
1/20/2024 8:20,20,Pematangan,31,53.3,7.38,421,0,0,95.6,1
1/20/2024 8:25,20,Pematangan,31.3,53.7,7.36,347,0,0,94.9,1
1/20/2024 8:30,20,Pematangan,31.3,53.7,7.37,463,0,0,94.2,1
1/20/2024 8:35,20,Pematangan,31.5,53.4,7.36,548,0,0,95.3,1
1/20/2024 8:40,20,Pematangan,31.2,53.6,7.38,326,0,0,95,1
1/20/2024 8:45,20,Pematangan,31.5,53.7,7.34,480,0,0,95.1,1
1/20/2024 8:50,20,Pematangan,31.6,53.4,7.36,465,0,0,94.9,1
1/20/2024 8:55,20,Pematangan,31.8,53.4,7.33,477,0,0,94.7,1
1/20/2024 9:00,20,Pematangan,31.9,53.5,7.39,368,0,0,94.9,1
1/20/2024 9:05,20,Pematangan,31.7,53.1,7.34,406,0,0,95.3,1
1/20/2024 9:10,20,Pematangan,31.8,53.1,7.37,453,0,0,94.8,1
1/20/2024 9:15,20,Pematangan,32,53.7,7.39,498,0,0,94.6,1
1/20/2024 9:20,20,Pematangan,32.5,53.7,7.38,359,0,0,95.2,1
1/20/2024 9:25,20,Pematangan,32.1,53.3,7.32,353,0,0,95.1,1
1/20/2024 9:30,20,Pematangan,32.4,53.5,7.39,448,0,0,94.9,1
1/20/2024 9:35,20,Pematangan,32.4,53.6,7.37,551,0,0,94.9,1
1/20/2024 9:40,20,Pematangan,32.3,53.3,7.37,448,0,0,95.4,1
1/20/2024 9:45,20,Pematangan,32.6,52.8,7.42,300,0,0,95.7,1
1/20/2024 9:50,20,Pematangan,32.5,53.2,7.37,487,0,0,95,1
1/20/2024 9:55,20,Pematangan,32.6,53.6,7.39,380,0,0,95.3,1
1/20/2024 10:00,20,Pematangan,32.8,53,7.39,445,0,0,95,1
1/20/2024 10:05,20,Pematangan,32.8,52.4,7.36,516,0,0,95.1,1
1/20/2024 10:10,20,Pematangan,32.7,53.4,7.36,362,0,0,95.8,1
1/20/2024 10:15,20,Pematangan,32.8,53.3,7.35,471,0,0,94.9,1
1/20/2024 10:20,20,Pematangan,32.9,53.2,7.38,552,0,0,95.1,1
1/20/2024 10:25,20,Pematangan,33.5,53.1,7.39,353,0,0,95,1
1/20/2024 10:30,20,Pematangan,33.3,53,7.38,397,0,0,95.2,1
1/20/2024 10:35,20,Pematangan,33.3,52.6,7.39,327,0,0,95.3,1
1/20/2024 10:40,20,Pematangan,33.7,53.1,7.39,392,0,0,95.8,1
1/20/2024 10:45,20,Pematangan,33.7,52.7,7.36,565,0,0,95.8,1
1/20/2024 10:50,20,Pematangan,33.4,52.6,7.37,300,0,0,95.3,1
1/20/2024 10:55,20,Pematangan,33.8,52.4,7.38,419,0,0,95.8,1
1/20/2024 11:00,20,Pematangan,33.6,53.3,7.35,528,0,0,95.4,1
1/20/2024 11:05,20,Pematangan,33.8,52.6,7.38,432,0,0,95.1,1
1/20/2024 11:10,20,Pematangan,34.1,52.9,7.39,437,0,0,95.3,1
1/20/2024 11:15,20,Pematangan,33.9,52.8,7.39,466,0,0,95.1,1
1/20/2024 11:20,20,Pematangan,34.1,52.7,7.33,300,0,0,95.5,1
1/20/2024 11:25,20,Pematangan,34,52.8,7.35,481,0,0,95.3,1
1/20/2024 11:30,20,Pematangan,34.4,52.9,7.41,473,0,0,95.6,1
1/20/2024 11:35,20,Pematangan,34.3,53.1,7.37,360,0,0,94.8,1
1/20/2024 11:40,20,Pematangan,34.6,52.7,7.39,591,0,0,94.9,1
1/20/2024 11:45,20,Pematangan,34.4,52.5,7.4,417,0,0,95.1,1
1/20/2024 11:50,20,Pematangan,34.3,52.9,7.35,429,0,0,95.7,1
1/20/2024 11:55,20,Pematangan,34.4,52,7.33,469,0,0,95.6,1
1/20/2024 12:00,20,Pematangan,34.6,52.6,7.33,351,0,0,96.2,1
1/20/2024 12:05,20,Pematangan,34.9,52.7,7.36,456,0,0,95.5,1
1/20/2024 12:10,20,Pematangan,35,52.6,7.39,462,0,0,95.8,1
1/20/2024 12:15,20,Pematangan,34.9,52.4,7.35,467,0,0,95.2,1
1/20/2024 12:20,20,Pematangan,34.9,52.4,7.3,458,0,0,95.2,1
1/20/2024 12:25,20,Pematangan,35,52.6,7.36,521,0,0,95.8,1
1/20/2024 12:30,20,Pematangan,35,52.8,7.35,596,0,0,95.5,1
1/20/2024 12:35,20,Pematangan,35,52.2,7.34,541,0,0,95.1,1
1/20/2024 12:40,20,Pematangan,35.4,52,7.4,481,0,0,95.7,1
1/20/2024 12:45,20,Pematangan,35.1,52.4,7.38,363,0,0,95.4,1
1/20/2024 12:50,20,Pematangan,35.2,52,7.41,480,0,0,95.4,1
1/20/2024 12:55,20,Pematangan,35.3,52.1,7.37,394,0,0,95.4,1
1/20/2024 13:00,20,Pematangan,35.5,52.3,7.37,481,0,0,95.7,1
1/20/2024 13:05,20,Pematangan,35.4,52.3,7.39,355,0,0,95.7,1
1/20/2024 13:10,20,Pematangan,35.3,52.4,7.4,433,0,0,95.7,1
1/20/2024 13:15,20,Pematangan,35.3,52.4,7.4,574,0,0,96.2,1
1/20/2024 13:20,20,Pematangan,35.4,52.4,7.42,363,0,0,95.7,1
1/20/2024 13:25,20,Pematangan,35.6,52.4,7.31,628,0,0,95.8,1
1/20/2024 13:30,20,Pematangan,35.9,52.1,7.39,300,0,0,95.7,1
1/20/2024 13:35,20,Pematangan,35.9,52.1,7.33,488,0,0,95.6,1
1/20/2024 13:40,20,Pematangan,35.7,51.6,7.4,573,0,0,96.5,1
1/20/2024 13:45,20,Pematangan,35.6,52.3,7.4,437,0,0,95.6,1
1/20/2024 13:50,20,Pematangan,35.7,51.8,7.38,593,0,0,96.2,1
1/20/2024 13:55,20,Pematangan,35.7,51.7,7.42,426,0,0,95.9,1
1/20/2024 14:00,20,Pematangan,35.7,52.3,7.32,353,0,0,96.2,1
1/20/2024 14:05,20,Pematangan,36.3,51.9,7.38,557,0,0,96,1
1/20/2024 14:10,20,Pematangan,36,51.8,7.33,503,0,0,95.9,1
1/20/2024 14:15,20,Pematangan,36,51.6,7.35,534,0,0,96.2,1
1/20/2024 14:20,20,Pematangan,36.1,51.8,7.35,560,0,0,96,1
1/20/2024 14:25,20,Pematangan,36.2,52,7.37,392,0,0,95.7,1
1/20/2024 14:30,20,Pematangan,36.4,51.7,7.37,395,0,0,95.7,1
1/20/2024 14:35,20,Pematangan,36.1,52.4,7.4,443,0,0,96.4,1
1/20/2024 14:40,20,Pematangan,36.2,52.2,7.45,568,0,0,96.1,1
1/20/2024 14:45,20,Pematangan,36.4,51.8,7.33,433,0,0,95.8,1
1/20/2024 14:50,20,Pematangan,36.2,52.3,7.41,521,0,0,96.3,1
1/20/2024 14:55,20,Pematangan,36,52,7.41,306,0,0,96.3,1
1/20/2024 15:00,20,Pematangan,36.1,51.2,7.42,405,0,0,95.9,1
1/20/2024 15:05,20,Pematangan,36.5,51.7,7.38,469,0,0,96.2,1
1/20/2024 15:10,20,Pematangan,36.3,51.8,7.37,513,0,0,96.3,1
1/20/2024 15:15,20,Pematangan,36.7,51.6,7.38,504,0,0,96.5,1
1/20/2024 15:20,20,Pematangan,36.2,51.8,7.31,463,0,0,96.5,1
1/20/2024 15:25,20,Pematangan,36.3,51.8,7.37,416,0,0,96.5,1
1/20/2024 15:30,20,Pematangan,36.3,51.8,7.39,416,0,0,96.3,1
1/20/2024 15:35,20,Pematangan,36.3,51.9,7.34,457,0,0,96.2,1
1/20/2024 15:40,20,Pematangan,36.6,51.7,7.41,528,0,0,96.4,1
1/20/2024 15:45,20,Pematangan,36.4,52,7.37,345,0,0,96.2,1
1/20/2024 15:50,20,Pematangan,36.5,51.2,7.36,385,0,0,96.5,1
1/20/2024 15:55,20,Pematangan,36.7,51.6,7.4,524,0,0,96.8,1
1/20/2024 16:00,20,Pematangan,36.3,51.6,7.37,489,0,0,97.1,1
1/20/2024 16:05,20,Pematangan,36.4,51.4,7.35,583,0,0,96.1,1
1/20/2024 16:10,20,Pematangan,36.5,51.4,7.35,531,0,0,96.2,1
1/20/2024 16:15,20,Pematangan,36.5,51.8,7.4,460,0,0,96.6,1
1/20/2024 16:20,20,Pematangan,36.2,50.9,7.41,495,0,0,96.2,1
1/20/2024 16:25,20,Pematangan,36.2,51,7.39,613,0,0,96.4,1
1/20/2024 16:30,20,Pematangan,36.3,51.6,7.45,540,0,0,96.2,1
1/20/2024 16:35,20,Pematangan,36.3,51.7,7.35,541,0,0,96.2,1
1/20/2024 16:40,20,Pematangan,36.1,51.6,7.38,479,0,0,96.2,1
1/20/2024 16:45,20,Pematangan,36.2,52,7.4,402,0,0,95.9,1
1/20/2024 16:50,20,Pematangan,36.1,51.7,7.37,421,0,0,96.3,1
1/20/2024 16:55,20,Pematangan,36.2,51.9,7.39,483,0,0,96.5,1
1/20/2024 17:00,20,Pematangan,36.2,51.9,7.41,641,0,0,96.7,1
1/20/2024 17:05,20,Pematangan,36.1,51.3,7.41,411,0,0,96.8,1
1/20/2024 17:10,20,Pematangan,36.1,51.7,7.35,538,0,0,96.2,1
1/20/2024 17:15,20,Pematangan,36.2,51.6,7.39,443,0,0,96.5,1
1/20/2024 17:20,20,Pematangan,36.1,51.3,7.36,446,0,0,96.5,1
1/20/2024 17:25,20,Pematangan,35.9,51.9,7.38,455,0,0,96.2,1
1/20/2024 17:30,20,Pematangan,36.3,52.3,7.36,571,0,0,96.6,1
1/20/2024 17:35,20,Pematangan,36.2,51.7,7.39,300,0,0,96.4,1
1/20/2024 17:40,20,Pematangan,36,51.7,7.35,413,0,0,96.8,1
1/20/2024 17:45,20,Pematangan,35.7,51.7,7.42,501,0,0,96.8,1
1/20/2024 17:50,20,Pematangan,35.6,51.4,7.45,422,0,0,97.1,1
1/20/2024 17:55,20,Pematangan,35.7,51.5,7.4,477,0,0,96.8,1
1/20/2024 18:00,20,Pematangan,35.7,51.3,7.36,425,0,0,96.7,1
1/20/2024 18:05,20,Pematangan,35.9,51.7,7.4,478,0,0,96.4,1
1/20/2024 18:10,20,Pematangan,35.7,51.7,7.41,380,0,0,96.2,1
1/20/2024 18:15,20,Pematangan,35.7,51.8,7.38,467,0,0,97.1,1
1/20/2024 18:20,20,Pematangan,35.5,51.6,7.39,366,0,0,96.8,1
1/20/2024 18:25,20,Pematangan,35.5,52.1,7.38,479,0,0,97.1,1
1/20/2024 18:30,20,Pematangan,35.3,52.1,7.44,460,0,0,96.7,1
1/20/2024 18:35,20,Pematangan,35.6,51.9,7.39,575,0,0,97.3,1
1/20/2024 18:40,20,Pematangan,35.3,51.8,7.41,462,0,0,96.5,1
1/20/2024 18:45,20,Pematangan,35.1,51.3,7.4,364,0,0,97,1
1/20/2024 18:50,20,Pematangan,35.5,52.1,7.33,356,0,0,96.7,1
1/20/2024 18:55,20,Pematangan,35,51.2,7.39,513,0,0,97.2,1
1/20/2024 19:00,20,Pematangan,35,51.6,7.4,447,0,0,97.2,1
1/20/2024 19:05,20,Pematangan,35.1,51.6,7.33,574,0,0,96.8,1
1/20/2024 19:10,20,Pematangan,35,51.2,7.39,461,0,0,97,1
1/20/2024 19:15,20,Pematangan,35.3,51.5,7.41,494,0,0,96.8,1
1/20/2024 19:20,20,Pematangan,35.1,51.7,7.42,608,0,0,97.1,1
1/20/2024 19:25,20,Pematangan,34.8,52.1,7.43,379,0,0,96.9,1
1/20/2024 19:30,20,Pematangan,34.8,51.7,7.36,492,0,0,97.3,1
1/20/2024 19:35,20,Pematangan,34.5,51.8,7.37,360,0,0,96.9,1
1/20/2024 19:40,20,Pematangan,34.5,51.3,7.38,453,0,0,97.5,1
1/20/2024 19:45,20,Pematangan,34.4,51.4,7.38,400,0,0,97.3,1
1/20/2024 19:50,20,Pematangan,34.3,51,7.5,455,0,0,97.2,1
1/20/2024 19:55,20,Pematangan,34.1,51.4,7.39,469,0,0,97.4,1
1/20/2024 20:00,20,Pematangan,34.2,51.5,7.32,433,0,0,97,1
1/20/2024 20:05,20,Pematangan,33.9,52.1,7.34,489,0,0,96.8,1
1/20/2024 20:10,20,Pematangan,34.1,52.1,7.38,574,0,0,97.8,1
1/20/2024 20:15,20,Pematangan,34,52,7.42,481,0,0,97.3,1
1/20/2024 20:20,20,Pematangan,33.8,51.4,7.35,626,0,0,97.3,1
1/20/2024 20:25,20,Pematangan,33.8,52.3,7.37,481,0,0,97.3,1
1/20/2024 20:30,20,Pematangan,33.8,51.8,7.36,367,0,0,97,1
1/20/2024 20:35,20,Pematangan,33.6,51.5,7.36,443,0,0,97.2,1
1/20/2024 20:40,20,Pematangan,33.6,51.9,7.47,441,0,0,97.2,1
1/20/2024 20:45,20,Pematangan,33.5,52.3,7.39,484,0,0,97.4,1
1/20/2024 20:50,20,Pematangan,33.3,52,7.44,447,0,0,97,1
1/20/2024 20:55,20,Pematangan,33.2,51.3,7.4,531,0,0,97,1
1/20/2024 21:00,20,Pematangan,33.2,52.3,7.43,527,0,0,96.8,1
1/20/2024 21:05,20,Pematangan,33.2,51.6,7.36,489,0,0,97.4,1
1/20/2024 21:10,20,Pematangan,33.1,51.7,7.44,477,0,0,97.7,1
1/20/2024 21:15,20,Pematangan,32.8,52.4,7.38,372,0,0,97.6,1
1/20/2024 21:20,20,Pematangan,32.9,51.8,7.46,564,0,0,97.6,1
1/20/2024 21:25,20,Pematangan,32.8,52.2,7.35,427,0,0,97.5,1
1/20/2024 21:30,20,Pematangan,32.6,52,7.32,329,0,0,97.8,1
1/20/2024 21:35,20,Pematangan,32.8,51.8,7.4,503,0,0,97.3,1
1/20/2024 21:40,20,Pematangan,32.6,52.1,7.43,311,0,0,97.2,1
1/20/2024 21:45,20,Pematangan,32.4,52.2,7.39,458,0,0,97.3,1
1/20/2024 21:50,20,Pematangan,32.1,52,7.38,388,0,0,97.9,1
1/20/2024 21:55,20,Pematangan,32.3,52.3,7.4,375,0,0,97.3,1
1/20/2024 22:00,20,Pematangan,31.9,52,7.39,315,0,0,97.6,1
1/20/2024 22:05,20,Pematangan,32,52.1,7.43,300,0,0,97.5,1
1/20/2024 22:10,20,Pematangan,31.6,52.3,7.42,300,0,0,97.3,1
1/20/2024 22:15,20,Pematangan,31.6,52.2,7.39,381,0,0,97.5,1
1/20/2024 22:20,20,Pematangan,31.6,52.6,7.4,307,0,0,97.4,1
1/20/2024 22:25,20,Pematangan,31.5,52.7,7.42,391,0,0,98.2,1
1/20/2024 22:30,20,Pematangan,31.8,52.2,7.38,370,0,0,97.4,1
1/20/2024 22:35,20,Pematangan,31.8,52,7.42,453,0,0,97.6,1
1/20/2024 22:40,20,Pematangan,31.8,51.8,7.39,357,0,0,98,1
1/20/2024 22:45,20,Pematangan,31.6,51.8,7.43,434,0,0,97.4,1
1/20/2024 22:50,20,Pematangan,31.2,51.9,7.39,406,0,0,97.7,1
1/20/2024 22:55,20,Pematangan,31,51.8,7.41,300,0,0,97.8,1
1/20/2024 23:00,20,Pematangan,30.7,52.4,7.4,423,0,0,98.1,1
1/20/2024 23:05,20,Pematangan,31.1,51.9,7.4,550,0,0,97.8,1
1/20/2024 23:10,20,Pematangan,30.7,52.3,7.39,300,0,0,98.1,1
1/20/2024 23:15,20,Pematangan,30.8,52,7.4,341,0,0,97.4,1
1/20/2024 23:20,20,Pematangan,30.5,52,7.4,349,0,0,97.6,1
1/20/2024 23:25,20,Pematangan,30.5,52.6,7.41,464,0,0,97.8,1
1/20/2024 23:30,20,Pematangan,30.7,52.5,7.38,390,0,0,97.5,1
1/20/2024 23:35,20,Pematangan,30.4,52.6,7.42,348,0,0,98.7,1
1/20/2024 23:40,20,Pematangan,30.3,51.9,7.44,428,0,0,98,1
1/20/2024 23:45,20,Pematangan,30.2,52.6,7.45,395,0,0,97.5,1
1/20/2024 23:50,20,Pematangan,29.6,52.6,7.37,369,0,0,97.7,1
1/20/2024 23:55,20,Pematangan,29.8,52.3,7.38,438,0,0,98.2,1
1/21/2024 0:00,21,Pematangan,29.8,52.2,7.41,459,0,0,98.3,0
1/21/2024 0:05,21,Pematangan,29.8,52.8,7.35,357,0,0,98.1,0
1/21/2024 0:10,21,Pematangan,29.5,53.2,7.44,424,0,0,97.7,0
1/21/2024 0:15,21,Pematangan,29.8,52.8,7.37,356,0,0,98.3,0
1/21/2024 0:20,21,Pematangan,29.5,52.6,7.35,300,0,0,97.8,0
1/21/2024 0:25,21,Pematangan,29.7,52.3,7.4,313,0,0,97.8,0
1/21/2024 0:30,21,Pematangan,29.7,52.2,7.42,367,0,0,97.8,0
1/21/2024 0:35,21,Pematangan,29.3,52.2,7.38,354,0,0,98.2,0
1/21/2024 0:40,21,Pematangan,29.3,52.5,7.4,403,0,0,98.2,0
1/21/2024 0:45,21,Pematangan,29.1,52.5,7.44,300,0,0,98,0
1/21/2024 0:50,21,Pematangan,29.2,52.4,7.45,365,0,0,98.5,0
1/21/2024 0:55,21,Pematangan,29.2,52.8,7.38,316,0,0,98.1,0
1/21/2024 1:00,21,Pematangan,29.2,52.8,7.41,300,0,0,97.8,0
1/21/2024 1:05,21,Pematangan,29.2,52,7.41,350,0,0,98.3,0
1/21/2024 1:10,21,Pematangan,29.1,52.4,7.38,316,0,0,98.2,0
1/21/2024 1:15,21,Pematangan,28.6,52.7,7.38,372,0,0,98.1,0
1/21/2024 1:20,21,Pematangan,28.6,52.6,7.41,363,0,0,98,0
1/21/2024 1:25,21,Pematangan,28.6,52.3,7.36,399,0,0,98,0
1/21/2024 1:30,21,Pematangan,28.7,52.2,7.4,404,0,0,97.4,0
1/21/2024 1:35,21,Pematangan,28.6,52.2,7.39,300,0,0,98.1,0
1/21/2024 1:40,21,Pematangan,28.7,53.1,7.4,379,0,0,97.8,0
1/21/2024 1:45,21,Pematangan,28.4,52.9,7.44,407,0,0,98,0
1/21/2024 1:50,21,Pematangan,28.4,53,7.42,512,0,0,97.7,0
1/21/2024 1:55,21,Pematangan,28.6,52.9,7.39,458,0,0,98.1,0
1/21/2024 2:00,21,Pematangan,28.3,52.7,7.38,310,0,0,98.2,0
1/21/2024 2:05,21,Pematangan,28.5,52.8,7.38,378,0,0,98.2,0
1/21/2024 2:10,21,Pematangan,28,52.7,7.4,422,0,0,98.1,0
1/21/2024 2:15,21,Pematangan,28.4,52.6,7.4,421,0,0,98,0
1/21/2024 2:20,21,Pematangan,28.3,52.3,7.4,300,0,0,97.8,0
1/21/2024 2:25,21,Pematangan,28.2,52.9,7.38,374,0,0,98.4,0
1/21/2024 2:30,21,Pematangan,28.1,52.3,7.41,300,0,0,97.8,0
1/21/2024 2:35,21,Pematangan,28.3,53.3,7.38,300,0,0,97.9,0
1/21/2024 2:40,21,Pematangan,28,53.3,7.39,310,0,0,98.5,0
1/21/2024 2:45,21,Pematangan,28.2,53,7.38,300,0,0,97.7,0
1/21/2024 2:50,21,Pematangan,28.2,53.1,7.39,311,0,0,97.9,0
1/21/2024 2:55,21,Pematangan,27.8,52.5,7.43,300,0,0,98,0
1/21/2024 3:00,21,Pematangan,27.8,52.7,7.39,300,0,0,98.2,0
1/21/2024 3:05,21,Pematangan,28.1,52.4,7.4,342,0,0,97.5,0
1/21/2024 3:10,21,Pematangan,27.7,53.1,7.37,438,0,0,97.6,0
1/21/2024 3:15,21,Pematangan,28,52.6,7.4,485,0,0,97.6,0
1/21/2024 3:20,21,Pematangan,28,52.9,7.51,300,0,0,97.8,0
1/21/2024 3:25,21,Pematangan,28,52.6,7.39,412,0,0,97.9,0
1/21/2024 3:30,21,Pematangan,27.7,52.9,7.42,310,0,0,97.9,0
1/21/2024 3:35,21,Pematangan,27.7,52.9,7.4,300,0,0,97.6,0
1/21/2024 3:40,21,Pematangan,27.9,52.5,7.35,300,0,0,97.9,0
1/21/2024 3:45,21,Pematangan,27.8,52.6,7.4,300,0,0,97.7,0
1/21/2024 3:50,21,Pematangan,28,53,7.43,373,0,0,98.3,0
1/21/2024 3:55,21,Pematangan,27.6,52.7,7.37,300,0,0,98.1,0
1/21/2024 4:00,21,Pematangan,27.9,52.6,7.46,350,0,0,97.8,0
1/21/2024 4:05,21,Pematangan,27.6,53,7.41,387,0,0,97.2,0
1/21/2024 4:10,21,Pematangan,27.8,52.5,7.37,327,0,0,98.3,0
1/21/2024 4:15,21,Pematangan,28.1,52.7,7.39,300,0,0,98.3,0
1/21/2024 4:20,21,Pematangan,27.7,52.8,7.42,346,0,0,97.5,0
1/21/2024 4:25,21,Pematangan,27.7,52.2,7.39,405,0,0,98.4,0
1/21/2024 4:30,21,Pematangan,27.8,52.4,7.46,300,0,0,97.7,0
1/21/2024 4:35,21,Pematangan,27.9,52.7,7.39,339,0,0,98.1,0
1/21/2024 4:40,21,Pematangan,27.8,52.7,7.39,373,0,0,98,0
1/21/2024 4:45,21,Pematangan,27.8,52.5,7.41,300,0,0,97.8,0
1/21/2024 4:50,21,Pematangan,27.9,52.2,7.39,521,0,0,97.7,0
1/21/2024 4:55,21,Pematangan,27.8,52.3,7.41,300,0,0,97.9,0
1/21/2024 5:00,21,Pematangan,27.8,52.9,7.41,300,0,0,98.3,0
1/21/2024 5:05,21,Pematangan,27.8,52.1,7.41,483,0,0,97.5,0
1/21/2024 5:10,21,Pematangan,27.7,52.7,7.39,379,0,0,97.7,0
1/21/2024 5:15,21,Pematangan,28,53,7.38,412,0,0,98.2,0
1/21/2024 5:20,21,Pematangan,27.7,52.7,7.41,338,0,0,98.1,0
1/21/2024 5:25,21,Pematangan,27.9,52.5,7.42,390,0,0,97.5,0
1/21/2024 5:30,21,Pematangan,28.2,52.1,7.43,337,0,0,97.6,0
1/21/2024 5:35,21,Pematangan,28.1,52.2,7.44,300,0,0,97.6,0
1/21/2024 5:40,21,Pematangan,28.3,52.5,7.44,300,0,0,97.4,0
1/21/2024 5:45,21,Pematangan,28.4,52.4,7.43,383,0,0,97.9,0
1/21/2024 5:50,21,Pematangan,28.2,52.9,7.41,406,0,0,97.4,0
1/21/2024 5:55,21,Pematangan,28.4,51.9,7.44,362,0,0,98,0
1/21/2024 6:00,21,Pematangan,28.2,52.3,7.39,315,0,0,98.7,0
1/21/2024 6:05,21,Pematangan,28.5,52.1,7.42,339,0,0,98,0
1/21/2024 6:10,21,Pematangan,28.2,52.5,7.44,300,0,0,98.6,0
1/21/2024 6:15,21,Pematangan,28.6,52.5,7.38,364,0,0,98.1,0
1/21/2024 6:20,21,Pematangan,28.5,52.8,7.41,496,0,0,98.1,0
1/21/2024 6:25,21,Pematangan,28.4,53,7.44,300,0,0,98,0
1/21/2024 6:30,21,Pematangan,28.6,52.2,7.42,300,0,0,97.5,0
1/21/2024 6:35,21,Pematangan,28.6,52.3,7.43,300,0,0,97.6,0
1/21/2024 6:40,21,Pematangan,28.4,52.5,7.39,300,0,0,97.9,0
1/21/2024 6:45,21,Pematangan,28.5,52,7.39,446,0,0,98.2,0
1/21/2024 6:50,21,Pematangan,28.9,52.6,7.34,362,0,0,97.8,0
1/21/2024 6:55,21,Pematangan,28.9,51.9,7.38,300,0,0,97.9,0
1/21/2024 7:00,21,Pematangan,28.9,52.2,7.38,507,0,0,98.2,0
1/21/2024 7:05,21,Pematangan,29,52.5,7.37,300,0,0,98.2,0
1/21/2024 7:10,21,Pematangan,28.8,52,7.41,300,0,0,97.9,0
1/21/2024 7:15,21,Pematangan,29.1,52.3,7.45,417,0,0,98.1,0
1/21/2024 7:20,21,Pematangan,29.1,52.1,7.4,300,0,0,97.8,0
1/21/2024 7:25,21,Pematangan,29.1,51.8,7.43,353,0,0,98.1,0
1/21/2024 7:30,21,Pematangan,29.2,52.3,7.42,418,0,0,98.2,0
1/21/2024 7:35,21,Pematangan,29.4,52.4,7.43,347,0,0,98,0
1/21/2024 7:40,21,Pematangan,29.2,51.8,7.44,300,0,0,98.5,0
1/21/2024 7:45,21,Pematangan,29.4,52.8,7.4,359,0,0,97.9,0
1/21/2024 7:50,21,Pematangan,29.3,52.2,7.38,300,0,0,98.2,0
1/21/2024 7:55,21,Pematangan,29.6,51.4,7.43,351,0,0,97.7,0
1/21/2024 8:00,21,Pematangan,29.5,51.2,7.47,422,0,0,97.6,0
1/21/2024 8:05,21,Pematangan,29.8,51.6,7.44,302,0,0,97.9,0
1/21/2024 8:10,21,Pematangan,29.7,51.6,7.46,414,0,0,98,0
1/21/2024 8:15,21,Pematangan,30,51.3,7.38,381,0,0,98.2,0
1/21/2024 8:20,21,Pematangan,29.9,51.2,7.39,377,0,0,98.7,0
1/21/2024 8:25,21,Pematangan,30.1,52.2,7.43,371,0,0,97.7,0
1/21/2024 8:30,21,Pematangan,30.2,51.7,7.44,347,0,0,98.1,0
1/21/2024 8:35,21,Pematangan,30.1,51.7,7.45,300,0,0,97.6,0
1/21/2024 8:40,21,Pematangan,30.2,52.1,7.47,300,0,0,97.9,0
1/21/2024 8:45,21,Pematangan,30,51.4,7.45,346,0,0,97.9,0
1/21/2024 8:50,21,Pematangan,30.4,51.3,7.47,348,0,0,97.9,0
1/21/2024 8:55,21,Pematangan,30.5,51.8,7.47,332,0,0,98.3,0
1/21/2024 9:00,21,Pematangan,30.5,51.3,7.4,300,0,0,97.8,0
1/21/2024 9:05,21,Pematangan,30.7,51.7,7.38,300,0,0,97.7,0
1/21/2024 9:10,21,Pematangan,30.5,51.4,7.45,307,0,0,98.5,0
1/21/2024 9:15,21,Pematangan,30.5,51.3,7.44,419,0,0,97.9,0
1/21/2024 9:20,21,Pematangan,31,51.6,7.4,377,0,0,98.2,0
1/21/2024 9:25,21,Pematangan,30.8,51.9,7.39,364,0,0,97.6,0
1/21/2024 9:30,21,Pematangan,31,51,7.41,300,0,0,98.2,0
1/21/2024 9:35,21,Pematangan,31.1,51.6,7.41,445,0,0,98,0
1/21/2024 9:40,21,Pematangan,31.2,51.9,7.41,453,0,0,98.1,0
1/21/2024 9:45,21,Pematangan,31.1,50.9,7.39,446,0,0,98.5,0
1/21/2024 9:50,21,Pematangan,31.3,51.3,7.44,362,0,0,98.3,0
1/21/2024 9:55,21,Pematangan,31.4,51.2,7.4,300,0,0,97.1,0
1/21/2024 10:00,21,Pematangan,31.7,51.1,7.41,300,0,0,97.8,0
1/21/2024 10:05,21,Pematangan,31.4,50.9,7.43,368,0,0,97.6,0
1/21/2024 10:10,21,Pematangan,31.5,50.7,7.48,479,0,0,97.7,0
1/21/2024 10:15,21,Pematangan,31.4,51.1,7.42,385,0,0,98.2,0
1/21/2024 10:20,21,Pematangan,31.8,50.7,7.43,429,0,0,97.8,0
1/21/2024 10:25,21,Pematangan,31.9,50.9,7.48,300,0,0,98.3,0
1/21/2024 10:30,21,Pematangan,31.7,51.5,7.39,377,0,0,97.5,0
1/21/2024 10:35,21,Pematangan,31.8,51.2,7.45,382,0,0,98.2,0
1/21/2024 10:40,21,Pematangan,32.3,50.7,7.38,363,0,0,97.8,0
1/21/2024 10:45,21,Pematangan,32.3,51.1,7.4,421,0,0,98.2,0
1/21/2024 10:50,21,Pematangan,32.4,50.8,7.45,407,0,0,98.2,0
1/21/2024 10:55,21,Pematangan,32.6,51,7.4,300,0,0,98.3,0
1/21/2024 11:00,21,Pematangan,32.5,51.3,7.36,439,0,0,97.9,0
1/21/2024 11:05,21,Pematangan,32.5,50.6,7.45,416,0,0,97.7,0
1/21/2024 11:10,21,Pematangan,32.6,51,7.43,457,0,0,97.9,0
1/21/2024 11:15,21,Pematangan,32.4,50.8,7.43,394,0,0,98.3,0
1/21/2024 11:20,21,Pematangan,32.4,50.6,7.4,300,0,0,98,0
1/21/2024 11:25,21,Pematangan,32.8,50.8,7.4,358,0,0,98.3,0
1/21/2024 11:30,21,Pematangan,33,50.5,7.41,300,0,0,97.9,0
1/21/2024 11:35,21,Pematangan,32.7,51.3,7.4,460,0,0,98.5,0
1/21/2024 11:40,21,Pematangan,33,50.6,7.38,332,0,0,98.5,0
1/21/2024 11:45,21,Pematangan,33.2,50.6,7.46,428,0,0,98,0
1/21/2024 11:50,21,Pematangan,33.3,50.3,7.41,357,0,0,98.2,0
1/21/2024 11:55,21,Pematangan,33.1,50.5,7.41,302,0,0,97.9,0
1/21/2024 12:00,21,Pematangan,33,50.3,7.39,352,0,0,97.3,0
1/21/2024 12:05,21,Pematangan,33.3,50.7,7.42,415,0,0,97.8,0
1/21/2024 12:10,21,Pematangan,33.3,50.4,7.45,300,0,0,97.9,0
1/21/2024 12:15,21,Pematangan,33.5,51.3,7.43,300,0,0,97.4,0
1/21/2024 12:20,21,Pematangan,33.8,51.1,7.42,350,0,0,98.1,0
1/21/2024 12:25,21,Pematangan,33.6,49.6,7.46,328,0,0,98.3,0
1/21/2024 12:30,21,Pematangan,33.7,50.4,7.45,463,0,0,98.1,0
1/21/2024 12:35,21,Pematangan,33.9,50.5,7.44,300,0,0,97.6,0
1/21/2024 12:40,21,Pematangan,33.6,50.5,7.41,444,0,0,98.1,0
1/21/2024 12:45,21,Pematangan,33.7,50.2,7.41,331,0,0,98.3,0
1/21/2024 12:50,21,Pematangan,34.4,50.6,7.43,481,0,0,98.5,0
1/21/2024 12:55,21,Pematangan,33.9,50.6,7.45,475,0,0,98.2,0
1/21/2024 13:00,21,Pematangan,34.1,50.8,7.44,346,0,0,98.2,0
1/21/2024 13:05,21,Pematangan,34.4,50.2,7.44,388,0,0,97.8,0
1/21/2024 13:10,21,Pematangan,34.1,49.7,7.47,364,0,0,97,0
1/21/2024 13:15,21,Pematangan,34.4,50.3,7.37,315,0,0,97.7,0
1/21/2024 13:20,21,Pematangan,34.3,50.5,7.42,348,0,0,98.3,0
1/21/2024 13:25,21,Pematangan,34.5,49.6,7.41,408,0,0,97.7,0
1/21/2024 13:30,21,Pematangan,34.8,50.1,7.41,300,0,0,98.3,0
1/21/2024 13:35,21,Pematangan,34.4,50.2,7.39,389,0,0,97.8,0
1/21/2024 13:40,21,Pematangan,34.5,49.8,7.46,344,0,0,98,0
1/21/2024 13:45,21,Pematangan,34.6,50.5,7.46,447,0,0,97.5,0
1/21/2024 13:50,21,Pematangan,34.6,50.4,7.39,391,0,0,97.7,0
1/21/2024 13:55,21,Pematangan,34.6,50.5,7.45,463,0,0,98.2,0
1/21/2024 14:00,21,Pematangan,34.7,49.8,7.42,369,0,0,98.5,0
1/21/2024 14:05,21,Pematangan,34.6,49.8,7.4,469,0,0,98.6,0
1/21/2024 14:10,21,Pematangan,34.9,50,7.43,420,0,0,98.2,0
1/21/2024 14:15,21,Pematangan,34.9,50.1,7.45,300,0,0,98,0
1/21/2024 14:20,21,Pematangan,34.9,50,7.42,398,0,0,97.8,0
1/21/2024 14:25,21,Pematangan,34.6,50.2,7.4,372,0,0,97.8,0
1/21/2024 14:30,21,Pematangan,35.1,49.8,7.42,445,0,0,98.6,0
1/21/2024 14:35,21,Pematangan,35,49.7,7.45,300,0,0,98,0
1/21/2024 14:40,21,Pematangan,35.3,49.9,7.43,387,0,0,97.9,0
1/21/2024 14:45,21,Pematangan,35.1,50.1,7.42,300,0,0,98.1,0
1/21/2024 14:50,21,Pematangan,35.4,49.7,7.39,440,0,0,98.5,0
1/21/2024 14:55,21,Pematangan,35.2,50.3,7.45,442,0,0,97.8,0
1/21/2024 15:00,21,Pematangan,35.1,49.8,7.43,365,0,0,98.1,0
1/21/2024 15:05,21,Pematangan,34.9,50,7.41,365,0,0,98.1,0
1/21/2024 15:10,21,Pematangan,35,49.2,7.42,300,0,0,98.2,0
1/21/2024 15:15,21,Pematangan,35,50.2,7.43,390,0,0,97.4,0
1/21/2024 15:20,21,Pematangan,35.2,49.7,7.39,392,0,0,97.9,0
1/21/2024 15:25,21,Pematangan,35.1,49.7,7.42,404,0,0,98,0
1/21/2024 15:30,21,Pematangan,35.2,49.6,7.4,328,0,0,98.4,0
1/21/2024 15:35,21,Pematangan,35.3,50.1,7.47,347,0,0,98.1,0
1/21/2024 15:40,21,Pematangan,35.2,49.9,7.42,391,0,0,98,0
1/21/2024 15:45,21,Pematangan,35.3,49.9,7.44,394,0,0,98.1,0
1/21/2024 15:50,21,Pematangan,35.4,49.2,7.4,437,0,0,98.1,0
1/21/2024 15:55,21,Pematangan,35.2,49.9,7.44,338,0,0,98.2,0
1/21/2024 16:00,21,Pematangan,35.2,49.5,7.45,435,0,0,98.1,0
1/21/2024 16:05,21,Pematangan,35.4,50.1,7.46,588,0,0,98,0
1/21/2024 16:10,21,Pematangan,35.1,49.9,7.43,383,0,0,97.7,0
1/21/2024 16:15,21,Pematangan,35.2,49.2,7.43,380,0,0,97.9,0
1/21/2024 16:20,21,Pematangan,34.9,49.1,7.41,424,0,0,98.1,0
1/21/2024 16:25,21,Pematangan,35.1,49.4,7.44,300,0,0,97.3,0
1/21/2024 16:30,21,Pematangan,35.1,49.5,7.46,393,0,0,98.5,0
1/21/2024 16:35,21,Pematangan,35,49.8,7.43,490,0,0,97.9,0
1/21/2024 16:40,21,Pematangan,35.2,49.3,7.42,373,0,0,98.4,0
1/21/2024 16:45,21,Pematangan,34.7,49.5,7.42,300,0,0,97.9,0
1/21/2024 16:50,21,Pematangan,34.8,48.9,7.43,354,0,0,97.9,0
1/21/2024 16:55,21,Pematangan,35,49.4,7.49,375,0,0,98.4,0
1/21/2024 17:00,21,Pematangan,34.7,49.4,7.46,359,0,0,97.7,0
1/21/2024 17:05,21,Pematangan,34.7,49.8,7.46,396,0,0,97.9,0
1/21/2024 17:10,21,Pematangan,34.8,49.6,7.4,316,0,0,98.4,0
1/21/2024 17:15,21,Pematangan,34.6,49.8,7.48,440,0,0,98.1,0
1/21/2024 17:20,21,Pematangan,34.8,49.4,7.37,377,0,0,97.9,0
1/21/2024 17:25,21,Pematangan,34.7,49.6,7.44,323,0,0,98.5,0
1/21/2024 17:30,21,Pematangan,34.9,49.9,7.43,414,0,0,97.7,0
1/21/2024 17:35,21,Pematangan,34.8,49.6,7.41,370,0,0,97.9,0
1/21/2024 17:40,21,Pematangan,35.1,49.8,7.48,462,0,0,98,0
1/21/2024 17:45,21,Pematangan,34.7,49.1,7.41,423,0,0,97.9,0
1/21/2024 17:50,21,Pematangan,34.7,49,7.45,457,0,0,97.5,0
1/21/2024 17:55,21,Pematangan,34.6,50,7.49,328,0,0,98.2,0
1/21/2024 18:00,21,Pematangan,34.7,49.8,7.48,365,0,0,98.1,0
1/21/2024 18:05,21,Pematangan,34.4,49.6,7.45,311,0,0,97.9,0
1/21/2024 18:10,21,Pematangan,34.5,50.3,7.38,524,0,0,97.9,0
1/21/2024 18:15,21,Pematangan,34.5,50,7.48,307,0,0,97.9,0
1/21/2024 18:20,21,Pematangan,34.3,49.5,7.48,358,0,0,97.5,0
1/21/2024 18:25,21,Pematangan,34.2,49.2,7.43,417,0,0,97.8,0
1/21/2024 18:30,21,Pematangan,34.1,49.6,7.44,403,0,0,98.2,0
1/21/2024 18:35,21,Pematangan,34.5,49.7,7.46,300,0,0,97.9,0
1/21/2024 18:40,21,Pematangan,34.2,49.4,7.42,351,0,0,97.8,0
1/21/2024 18:45,21,Pematangan,34.4,49.8,7.5,478,0,0,97.8,0
1/21/2024 18:50,21,Pematangan,34.1,49.6,7.43,300,0,0,97.9,0
1/21/2024 18:55,21,Pematangan,34,49.8,7.45,352,0,0,98.3,0
1/21/2024 19:00,21,Pematangan,33.8,50.1,7.38,408,0,0,98.1,0
1/21/2024 19:05,21,Pematangan,33.7,49.6,7.45,428,0,0,97.5,0
1/21/2024 19:10,21,Pematangan,33.8,49.6,7.47,300,0,0,98.7,0
1/21/2024 19:15,21,Pematangan,33.5,50.2,7.44,300,0,0,98.1,0
1/21/2024 19:20,21,Pematangan,33.7,49.3,7.46,350,0,0,98.2,0
1/21/2024 19:25,21,Pematangan,33.5,49.6,7.41,404,0,0,98.2,0
1/21/2024 19:30,21,Pematangan,33.5,49.9,7.47,461,0,0,97.4,0
1/21/2024 19:35,21,Pematangan,33,50.3,7.4,300,0,0,97.9,0
1/21/2024 19:40,21,Pematangan,33,49.7,7.41,328,0,0,98.1,0
1/21/2024 19:45,21,Pematangan,33.1,49.7,7.45,429,0,0,98.5,0
1/21/2024 19:50,21,Pematangan,33.1,50.4,7.47,300,0,0,97.6,0
1/21/2024 19:55,21,Pematangan,33,50.3,7.43,300,0,0,97.9,0
1/21/2024 20:00,21,Pematangan,32.7,49.5,7.42,353,0,0,98.3,0
1/21/2024 20:05,21,Pematangan,33,49.5,7.43,346,0,0,97.9,0
1/21/2024 20:10,21,Pematangan,32.8,49.3,7.41,306,0,0,97.1,0
1/21/2024 20:15,21,Pematangan,32.8,49.5,7.46,385,0,0,97.8,0
1/21/2024 20:20,21,Pematangan,32.8,50.1,7.43,302,0,0,98.3,0
1/21/2024 20:25,21,Pematangan,32.6,50.2,7.37,342,0,0,97.5,0
1/21/2024 20:30,21,Pematangan,32.5,50.1,7.49,300,0,0,97.8,0
1/21/2024 20:35,21,Pematangan,32.4,49.6,7.47,326,0,0,98,0
1/21/2024 20:40,21,Pematangan,32.4,49.9,7.42,325,0,0,97.7,0
1/21/2024 20:45,21,Pematangan,32.2,50.2,7.41,300,0,0,98,0
1/21/2024 20:50,21,Pematangan,32,50,7.45,300,0,0,98.2,0
1/21/2024 20:55,21,Pematangan,31.9,50,7.42,300,0,0,98.5,0
1/21/2024 21:00,21,Pematangan,32,50.3,7.45,375,0,0,98.1,0
1/21/2024 21:05,21,Pematangan,31.9,50.3,7.45,506,0,0,98.3,0
1/21/2024 21:10,21,Pematangan,31.6,50,7.46,326,0,0,98.2,0
1/21/2024 21:15,21,Pematangan,31.8,49.6,7.48,300,0,0,97.8,0
1/21/2024 21:20,21,Pematangan,31.5,50.3,7.44,300,0,0,97.9,0
1/21/2024 21:25,21,Pematangan,31.2,49.8,7.41,300,0,0,98.2,0
1/21/2024 21:30,21,Pematangan,31.5,50.5,7.48,300,0,0,98,0
1/21/2024 21:35,21,Pematangan,31.3,49.4,7.41,302,0,0,97.9,0
1/21/2024 21:40,21,Pematangan,31.3,50.2,7.39,355,0,0,98.1,0
1/21/2024 21:45,21,Pematangan,31.2,50.4,7.44,412,0,0,97.7,0
1/21/2024 21:50,21,Pematangan,30.9,50.3,7.43,332,0,0,98.6,0
1/21/2024 21:55,21,Pematangan,31,50.2,7.42,300,0,0,98,0
1/21/2024 22:00,21,Pematangan,31,50.1,7.46,422,0,0,98.4,0
1/21/2024 22:05,21,Pematangan,30.8,50.2,7.4,300,0,0,97.9,0
1/21/2024 22:10,21,Pematangan,30.5,50.3,7.5,426,0,0,98.1,0
1/21/2024 22:15,21,Pematangan,30.7,50,7.49,300,0,0,98.3,0
1/21/2024 22:20,21,Pematangan,30.6,50,7.44,300,0,0,97.7,0
1/21/2024 22:25,21,Pematangan,30.2,50.5,7.48,300,0,0,98.6,0
1/21/2024 22:30,21,Pematangan,30.3,50.3,7.4,405,0,0,98.1,0
1/21/2024 22:35,21,Pematangan,30.4,50.6,7.49,300,0,0,97.9,0
1/21/2024 22:40,21,Pematangan,30,50.6,7.46,382,0,0,98.3,0
1/21/2024 22:45,21,Pematangan,29.8,50.7,7.48,300,0,0,98.1,0
1/21/2024 22:50,21,Pematangan,29.9,50.5,7.44,332,0,0,98,0
1/21/2024 22:55,21,Pematangan,29.8,50.4,7.53,300,0,0,97.9,0
1/21/2024 23:00,21,Pematangan,29.7,50.2,7.47,348,0,0,98,0
1/21/2024 23:05,21,Pematangan,29.8,50.6,7.44,300,0,0,98.2,0
1/21/2024 23:10,21,Pematangan,29.6,50.4,7.43,348,0,0,98.1,0
1/21/2024 23:15,21,Pematangan,29.5,50,7.48,335,0,0,98.1,0
1/21/2024 23:20,21,Pematangan,29,50.4,7.44,300,0,0,98.2,0
1/21/2024 23:25,21,Pematangan,29.4,50.5,7.48,300,0,0,97.9,0
1/21/2024 23:30,21,Pematangan,29.3,50.2,7.47,300,0,0,98.4,0
1/21/2024 23:35,21,Pematangan,29,51.1,7.51,300,0,0,98.3,0
1/21/2024 23:40,21,Pematangan,29,50.8,7.44,300,0,0,96.9,0
1/21/2024 23:45,21,Pematangan,29,50.5,7.49,300,0,0,98.3,0
1/21/2024 23:50,21,Pematangan,28.8,50.4,7.48,300,0,0,98,0
1/21/2024 23:55,21,Pematangan,28.8,50.9,7.43,317,0,0,98.3,0
